-- Adminer 4.8.1 MySQL 5.5.5-10.5.12-MariaDB-1:10.5.12+maria~focal dump

SET NAMES utf8;
SET time_zone = '+00:00';
SET foreign_key_checks = 0;
SET sql_mode = 'NO_AUTO_VALUE_ON_ZERO';

SET NAMES utf8mb4;

CREATE TABLE `3d_imagenes` (
  `id` int(10) unsigned NOT NULL AUTO_INCREMENT,
  `name` varchar(191) COLLATE utf8mb4_unicode_ci NOT NULL,
  `ruta` varchar(191) COLLATE utf8mb4_unicode_ci NOT NULL,
  `cliente_proyecto` varchar(191) COLLATE utf8mb4_unicode_ci NOT NULL,
  PRIMARY KEY (`id`)
) ENGINE=InnoDB DEFAULT CHARSET=utf8mb4 COLLATE=utf8mb4_unicode_ci;


CREATE TABLE `3d_piezas` (
  `id` int(10) unsigned NOT NULL AUTO_INCREMENT,
  `pieza` varchar(191) COLLATE utf8mb4_unicode_ci DEFAULT NULL,
  `cantidad` int(11) DEFAULT NULL,
  `posicion_x` int(11) DEFAULT NULL,
  `posicion_y` int(11) DEFAULT NULL,
  `posicion_z` int(11) DEFAULT NULL,
  `rotacion_x` int(11) DEFAULT NULL,
  `rotacion_y` int(11) DEFAULT NULL,
  `rotacion_z` int(11) DEFAULT NULL,
  `lveta` int(11) DEFAULT NULL,
  `aveta` int(11) DEFAULT NULL,
  `espesor` int(11) DEFAULT NULL,
  `orientacion` int(11) DEFAULT NULL,
  `created_at` timestamp NULL DEFAULT NULL,
  `updated_at` timestamp NULL DEFAULT NULL,
  `modulo_id` int(10) unsigned DEFAULT NULL,
  `material_name` varchar(191) COLLATE utf8mb4_unicode_ci DEFAULT NULL,
  `color` varchar(191) COLLATE utf8mb4_unicode_ci NOT NULL DEFAULT '#FFFFFF',
  `material_id` int(10) unsigned DEFAULT NULL,
  `estado_id` int(10) unsigned DEFAULT NULL,
  `prearmado_estado_id` int(10) unsigned DEFAULT NULL,
  `cliente_name` varchar(191) COLLATE utf8mb4_unicode_ci DEFAULT NULL,
  `proyecto_name` varchar(191) COLLATE utf8mb4_unicode_ci DEFAULT NULL,
  `username` varchar(191) COLLATE utf8mb4_unicode_ci DEFAULT NULL,
  `visible` tinyint(1) NOT NULL DEFAULT 1,
  PRIMARY KEY (`id`)
) ENGINE=InnoDB DEFAULT CHARSET=utf8mb4 COLLATE=utf8mb4_unicode_ci;


CREATE TABLE `action_notes` (
  `id` int(10) NOT NULL AUTO_INCREMENT,
  `name` varchar(60) NOT NULL,
  `description` text NOT NULL,
  `modulo_id` int(10) unsigned DEFAULT NULL,
  `estado_id` int(10) unsigned DEFAULT 9,
  `proyecto_id` int(10) unsigned DEFAULT NULL,
  `commentary` tinytext DEFAULT NULL,
  `created_by` varchar(60) NOT NULL,
  `updated_by` varchar(60) NOT NULL,
  `timestamps` timestamp NOT NULL DEFAULT current_timestamp(),
  `orig_modulo_id` int(10) unsigned DEFAULT NULL,
  `orig_proyecto_id` int(10) unsigned DEFAULT NULL,
  `exported` int(10) NOT NULL DEFAULT 9,
  `created_at` timestamp NOT NULL DEFAULT '0000-00-00 00:00:00',
  `updated_at` timestamp NOT NULL DEFAULT '0000-00-00 00:00:00',
  `token_project` varchar(200) DEFAULT NULL,
  PRIMARY KEY (`id`)
) ENGINE=InnoDB DEFAULT CHARSET=utf8;


CREATE TABLE `ambientes` (
  `id` int(10) unsigned NOT NULL AUTO_INCREMENT,
  `token_proyecto` varchar(191) COLLATE utf8mb4_unicode_ci NOT NULL,
  `ambiente` varchar(191) COLLATE utf8mb4_unicode_ci NOT NULL,
  `created_at` timestamp NULL DEFAULT NULL,
  `updated_at` timestamp NULL DEFAULT NULL,
  PRIMARY KEY (`id`)
) ENGINE=InnoDB DEFAULT CHARSET=utf8mb4 COLLATE=utf8mb4_unicode_ci;

INSERT INTO `ambientes` (`id`, `token_proyecto`, `ambiente`, `created_at`, `updated_at`) VALUES
(12,	'8ee58a49b3c7d082635f66b60afe6a9d',	'[{\"nombre\":\"prueba-2\",\"imagen\":\"1-8ee58a49b3c7d082635f66b60afe6a9d.png\",\"interno\":1,\"informacion\":[]}]',	NULL,	NULL),
(13,	'5c6b9d7323f975e616d4c304204bc3fb',	'[{\"nombre\":\"eefggggdfsgh\",\"imagen\":\"1-5c6b9d7323f975e616d4c304204bc3fb.png\",\"interno\":1,\"informacion\":[\"wtqer\",\"gdsfhdhf\"]}]',	NULL,	NULL),
(14,	'81e98c55e6b8310c956baa41826fc71a',	'[{\"nombre\":\"fffhyhhh\",\"imagen\":\"1-81e98c55e6b8310c956baa41826fc71a.png\",\"interno\":1,\"informacion\":[\"nada\"]}]',	NULL,	NULL),
(15,	'042a9c7132ded862e04fe12b2d48d9e5',	'[{\"nombre\":\"prueba 1\",\"imagen\":\"1-042a9c7132ded862e04fe12b2d48d9e5.png\",\"interno\":1,\"informacion\":[\"prueba\"]}]',	NULL,	NULL),
(16,	'77b23ed67296eeb781a0760676e8e406',	'[{\"nombre\":\"Kjjjffg\",\"imagen\":\"1-77b23ed67296eeb781a0760676e8e406.png\",\"interno\":1,\"informacion\":[]}]',	NULL,	NULL),
(17,	'64775a9f74085de84dadcf284b37c3e4',	'[{\"nombre\":\"opopopo\",\"imagen\":\"1-64775a9f74085de84dadcf284b37c3e4.png\",\"interno\":1,\"informacion\":[]}]',	NULL,	NULL),
(18,	'3e95c7d9867390aa099d8332de5d8c41',	'[{\"nombre\":\"gdfgdfgg\",\"imagen\":\"1-3e95c7d9867390aa099d8332de5d8c41.png\",\"interno\":1,\"informacion\":[]}]',	NULL,	NULL),
(28,	'e87e65a74180e013092ffa8438a754dc',	'[{\"nombre\":\"prueba\",\"imagen\":\"1-e87e65a74180e013092ffa8438a754dc.png\",\"interno\":1,\"informacion\":[]}]',	NULL,	NULL),
(29,	'8de094b637dc1b96187f6d6d04e78598',	'[{\"nombre\":\"ffsdfsdffsddf\",\"imagen\":\"1-8de094b637dc1b96187f6d6d04e78598.png\",\"interno\":1,\"informacion\":[\"zdfxghjd\",\"hhhhhhhhhhfghfgh\",\"ghdfghgh\"]}]',	NULL,	NULL),
(30,	'49824f254e6f1db04999424d2ee5376a',	'[{\"nombre\":\"njcfbhsxzg xfhgx xb\",\"imagen\":\"1-49824f254e6f1db04999424d2ee5376a.png\",\"interno\":1,\"informacion\":[\"13\",\"Por favor espere unos segundos..\\nDKWHEFG QF\\nOUIAWGFHA TG\"]}]',	NULL,	NULL),
(31,	'c71c1a355b3c31e3a68d9f52be113982',	'[{\"nombre\":\"djhg jdfh\",\"imagen\":\"1-c71c1a355b3c31e3a68d9f52be113982.png\",\"interno\":1,\"informacion\":[\"srtjhy\"]}]',	NULL,	NULL),
(32,	'8e9b8d5a84a2e366e4a3992ce6212a06',	'[{\"nombre\":\"caccc dddqw\",\"imagen\":\"1-8e9b8d5a84a2e366e4a3992ce6212a06.png\",\"interno\":1,\"informacion\":[]}]',	NULL,	NULL),
(33,	'ce2b77da240306e13746bbfc27a53883',	'[{\"nombre\":\"cdfgtkj\",\"imagen\":\"1-ce2b77da240306e13746bbfc27a53883.png\",\"interno\":1,\"informacion\":[]}]',	NULL,	NULL),
(34,	'c144e4e4ef700a41e4e39ad5f94ec27a',	'[{\"nombre\":\"Lo dbgg\",\"imagen\":\"1-c144e4e4ef700a41e4e39ad5f94ec27a.png\",\"interno\":1,\"informacion\":[]}]',	NULL,	NULL),
(35,	'da9b2f5f39695b0e829ac04d6a285c48',	'[{\"nombre\":\"gggftyjtr tyj\",\"imagen\":\"1-da9b2f5f39695b0e829ac04d6a285c48.png\",\"interno\":1,\"informacion\":[\"uyhgkiugkl\",\"kghkjuikui\",\"ktugkiuy\"]}]',	NULL,	NULL),
(36,	'ffea96c9b395ae31196d0aa100d3f342',	'[{\"nombre\":\"rffrfrf\",\"imagen\":\"1-ffea96c9b395ae31196d0aa100d3f342.png\",\"interno\":1,\"informacion\":[\"asgrfae egtr wsertrtwsyh\",\"fewf g ewg  wer rty rty6u yu\"]}]',	NULL,	NULL);

CREATE TABLE `asistencias` (
  `id` int(10) unsigned NOT NULL AUTO_INCREMENT,
  `usuario_id` int(10) unsigned NOT NULL,
  `fecha` datetime NOT NULL,
  `observacion` varchar(191) COLLATE utf8mb4_unicode_ci DEFAULT NULL,
  `horario_id` int(10) unsigned NOT NULL,
  `asistencia_causa_id` int(10) unsigned DEFAULT NULL,
  `tipo_asistencia_id` int(10) unsigned NOT NULL,
  `tipo_salida_id` int(10) unsigned DEFAULT NULL,
  `justificacion` tinyint(4) NOT NULL DEFAULT 0,
  `ajuste_hora` int(10) DEFAULT NULL,
  PRIMARY KEY (`id`),
  KEY `asistencias_usuario_id_foreign` (`usuario_id`),
  KEY `asistencias_horario_id_foreign` (`horario_id`),
  KEY `asistencias_asistencia_causa_id_foreign` (`asistencia_causa_id`),
  KEY `asistencias_tipo_asistencia_id_foreign` (`tipo_asistencia_id`),
  KEY `asistencias_tipo_salida_id_foreign` (`tipo_salida_id`),
  CONSTRAINT `asistencias_asistencia_causa_id_foreign` FOREIGN KEY (`asistencia_causa_id`) REFERENCES `asistencia_causas` (`id`) ON DELETE NO ACTION ON UPDATE CASCADE,
  CONSTRAINT `asistencias_horario_id_foreign` FOREIGN KEY (`horario_id`) REFERENCES `horarios` (`id`) ON DELETE NO ACTION ON UPDATE CASCADE,
  CONSTRAINT `asistencias_tipo_asistencia_id_foreign` FOREIGN KEY (`tipo_asistencia_id`) REFERENCES `tipos_asistencias` (`id`) ON DELETE NO ACTION ON UPDATE CASCADE,
  CONSTRAINT `asistencias_tipo_salida_id_foreign` FOREIGN KEY (`tipo_salida_id`) REFERENCES `tipos_salidas` (`id`) ON DELETE NO ACTION ON UPDATE CASCADE,
  CONSTRAINT `asistencias_usuario_id_foreign` FOREIGN KEY (`usuario_id`) REFERENCES `usuarios` (`id`) ON DELETE NO ACTION ON UPDATE CASCADE
) ENGINE=InnoDB DEFAULT CHARSET=utf8mb4 COLLATE=utf8mb4_unicode_ci;


CREATE TABLE `asistencia_causas` (
  `id` int(10) unsigned NOT NULL AUTO_INCREMENT,
  `causa` varchar(191) COLLATE utf8mb4_unicode_ci NOT NULL,
  PRIMARY KEY (`id`)
) ENGINE=InnoDB DEFAULT CHARSET=utf8mb4 COLLATE=utf8mb4_unicode_ci;

INSERT INTO `asistencia_causas` (`id`, `causa`) VALUES
(1,	'Personal'),
(2,	'Empresa');

CREATE TABLE `auditoria_gsheet` (
  `id` int(10) unsigned NOT NULL AUTO_INCREMENT,
  `hoja_calculo` varchar(191) COLLATE utf8mb4_unicode_ci NOT NULL,
  `solapa` varchar(191) COLLATE utf8mb4_unicode_ci NOT NULL,
  `valor` varchar(191) COLLATE utf8mb4_unicode_ci NOT NULL,
  `usuario_id` int(11) NOT NULL,
  `created_at` timestamp NULL DEFAULT NULL,
  `updated_at` timestamp NULL DEFAULT NULL,
  `pieza` varchar(191) COLLATE utf8mb4_unicode_ci NOT NULL,
  `valor_anterior` varchar(191) COLLATE utf8mb4_unicode_ci NOT NULL,
  PRIMARY KEY (`id`)
) ENGINE=InnoDB DEFAULT CHARSET=utf8mb4 COLLATE=utf8mb4_unicode_ci;


CREATE TABLE `audits` (
  `id` int(10) unsigned NOT NULL AUTO_INCREMENT,
  `usuario_id` int(10) unsigned DEFAULT NULL,
  `event` varchar(191) COLLATE utf8mb4_unicode_ci NOT NULL,
  `auditable_id` int(10) unsigned NOT NULL,
  `auditable_type` varchar(191) COLLATE utf8mb4_unicode_ci NOT NULL,
  `old_values` text COLLATE utf8mb4_unicode_ci DEFAULT NULL,
  `new_values` text COLLATE utf8mb4_unicode_ci DEFAULT NULL,
  `url` text COLLATE utf8mb4_unicode_ci DEFAULT NULL,
  `ip_address` varchar(45) COLLATE utf8mb4_unicode_ci DEFAULT NULL,
  `user_agent` varchar(191) COLLATE utf8mb4_unicode_ci DEFAULT NULL,
  `tags` varchar(191) COLLATE utf8mb4_unicode_ci DEFAULT NULL,
  `created_at` timestamp NULL DEFAULT NULL,
  `updated_at` timestamp NULL DEFAULT NULL,
  PRIMARY KEY (`id`),
  KEY `audits_auditable_id_auditable_type_index` (`auditable_id`,`auditable_type`),
  KEY `audits_usuario_id_foreign` (`usuario_id`),
  CONSTRAINT `audits_usuario_id_foreign` FOREIGN KEY (`usuario_id`) REFERENCES `usuarios` (`id`) ON DELETE CASCADE ON UPDATE CASCADE
) ENGINE=InnoDB DEFAULT CHARSET=utf8mb4 COLLATE=utf8mb4_unicode_ci;


CREATE TABLE `cad_dibujo` (
  `id` int(10) unsigned NOT NULL AUTO_INCREMENT,
  `Nombre_Dibujo` varchar(191) COLLATE utf8mb4_unicode_ci NOT NULL,
  `User` varchar(191) COLLATE utf8mb4_unicode_ci NOT NULL,
  PRIMARY KEY (`id`)
) ENGINE=InnoDB DEFAULT CHARSET=utf8mb4 COLLATE=utf8mb4_unicode_ci;

INSERT INTO `cad_dibujo` (`id`, `Nombre_Dibujo`, `User`) VALUES
(3,	'test',	'josecad'),
(4,	'test',	'josecad');

CREATE TABLE `calcos` (
  `id` int(10) unsigned NOT NULL AUTO_INCREMENT,
  `calco` longtext COLLATE utf8mb4_unicode_ci NOT NULL,
  `pieza_id` int(10) unsigned NOT NULL,
  `created_at` timestamp NULL DEFAULT NULL,
  `updated_at` timestamp NULL DEFAULT NULL,
  PRIMARY KEY (`id`),
  KEY `calcos_pieza_id_foreign` (`pieza_id`),
  CONSTRAINT `calcos_pieza_id_foreign` FOREIGN KEY (`pieza_id`) REFERENCES `piezas` (`id`) ON DELETE NO ACTION ON UPDATE CASCADE
) ENGINE=InnoDB DEFAULT CHARSET=utf8mb4 COLLATE=utf8mb4_unicode_ci;


CREATE TABLE `capacidad_produccion` (
  `id` int(10) unsigned NOT NULL AUTO_INCREMENT,
  `item` varchar(191) COLLATE utf8mb4_unicode_ci NOT NULL,
  `tiempo_disenio` varchar(191) COLLATE utf8mb4_unicode_ci NOT NULL,
  `tiempo_produccion` varchar(191) COLLATE utf8mb4_unicode_ci NOT NULL,
  `tiempo_instalacion` varchar(191) COLLATE utf8mb4_unicode_ci NOT NULL,
  `coeficiente_multiplicador` decimal(5,2) DEFAULT NULL,
  `tiempo_disenio_c` decimal(5,2) DEFAULT NULL,
  `tiempo_produccion_c` decimal(5,2) DEFAULT NULL,
  `tiempo_medicion_c` decimal(5,2) DEFAULT NULL,
  `tiempo_instalacion_c` decimal(5,2) DEFAULT NULL,
  `tiempo_medicion` varchar(191) COLLATE utf8mb4_unicode_ci DEFAULT NULL,
  PRIMARY KEY (`id`)
) ENGINE=InnoDB DEFAULT CHARSET=utf8mb4 COLLATE=utf8mb4_unicode_ci;

INSERT INTO `capacidad_produccion` (`id`, `item`, `tiempo_disenio`, `tiempo_produccion`, `tiempo_instalacion`, `coeficiente_multiplicador`, `tiempo_disenio_c`, `tiempo_produccion_c`, `tiempo_medicion_c`, `tiempo_instalacion_c`, `tiempo_medicion`) VALUES
(3,	'Cama',	'2',	'2',	'2',	2.00,	2.00,	2.00,	NULL,	NULL,	'00:00'),
(6,	'dwdw',	'2',	'4',	'3',	5.00,	2.00,	4.00,	NULL,	NULL,	'00:00'),
(7,	'1',	'2',	'1',	'2',	3.00,	2.00,	1.00,	NULL,	NULL,	'00:00'),
(11,	'dw',	'2',	'2',	'1',	1.00,	2.00,	2.00,	NULL,	NULL,	'00:00'),
(12,	'decimales',	'5',	'5',	'2',	0.00,	5.00,	5.00,	NULL,	NULL,	'00:00'),
(13,	'bajo mesada',	'15',	'25',	'5',	2.00,	15.00,	25.00,	NULL,	NULL,	'00:00'),
(14,	'ENDUIE',	'02:01',	'00:00',	'00:00',	0.00,	2.02,	0.00,	1.00,	0.00,	'01:00');

CREATE TABLE `capacidad_produccion_horaria` (
  `id` int(10) NOT NULL AUTO_INCREMENT,
  `nombre` varchar(50) NOT NULL,
  `lunes` varchar(5) NOT NULL,
  `martes` varchar(5) NOT NULL,
  `miercoles` varchar(5) NOT NULL,
  `jueves` varchar(5) NOT NULL,
  `viernes` varchar(5) NOT NULL,
  `sabado` varchar(5) NOT NULL,
  `domingo` varchar(5) NOT NULL,
  `weekday` smallint(6) DEFAULT NULL,
  `created_at` timestamp NOT NULL DEFAULT current_timestamp() ON UPDATE current_timestamp(),
  `updated_at` timestamp NOT NULL DEFAULT '0000-00-00 00:00:00',
  PRIMARY KEY (`id`)
) ENGINE=InnoDB DEFAULT CHARSET=utf8;

INSERT INTO `capacidad_produccion_horaria` (`id`, `nombre`, `lunes`, `martes`, `miercoles`, `jueves`, `viernes`, `sabado`, `domingo`, `weekday`, `created_at`, `updated_at`) VALUES
(1,	'Tiempo de Medición',	'10:28',	'00:00',	'09:00',	'00:00',	'10:01',	'10:00',	'10:00',	0,	'2021-09-06 12:58:19',	'2021-09-06 09:58:19'),
(2,	'Tiempo de Producción',	'12:00',	'04:00',	'04:00',	'34:00',	'03:00',	'12:00',	'03:00',	1,	'2021-08-19 21:46:15',	'2021-08-19 18:46:15'),
(3,	'Tiempo de Diseño',	'03:00',	'05:00',	'02:00',	'02:00',	'00:00',	'03:00',	'00:00',	1,	'2021-08-19 20:47:49',	'2021-08-19 17:47:49'),
(4,	'Tiempo de Instalación',	'04:00',	'00:00',	'04:00',	'03:00',	'05:00',	'03:00',	'02:00',	0,	'2021-09-06 12:59:28',	'2021-09-06 09:59:28');

CREATE TABLE `capacidad_produccion_proyecto` (
  `id` int(10) unsigned NOT NULL AUTO_INCREMENT,
  `item` varchar(191) COLLATE utf8mb4_unicode_ci NOT NULL,
  `tiempo_disenio` varchar(191) COLLATE utf8mb4_unicode_ci NOT NULL,
  `tiempo_medicion` varchar(191) COLLATE utf8mb4_unicode_ci NOT NULL,
  `tiempo_produccion` varchar(191) COLLATE utf8mb4_unicode_ci NOT NULL,
  `tiempo_instalacion` varchar(191) COLLATE utf8mb4_unicode_ci NOT NULL,
  `coeficiente_multiplicador` decimal(5,2) DEFAULT NULL,
  `tiempo_disenio_c` decimal(5,2) DEFAULT NULL,
  `tiempo_produccion_c` decimal(5,2) DEFAULT NULL,
  `tiempo_medicion_c` decimal(5,2) DEFAULT NULL,
  `tiempo_instalacion_c` decimal(5,2) DEFAULT NULL,
  `proyecto_id` int(10) unsigned DEFAULT NULL,
  `proyecto_json_id` int(11) DEFAULT NULL,
  `token_project` varchar(196) COLLATE utf8mb4_unicode_ci DEFAULT NULL,
  `exported` int(11) NOT NULL DEFAULT 0,
  `created_at` timestamp NULL DEFAULT NULL,
  `updated_at` timestamp NULL DEFAULT NULL,
  PRIMARY KEY (`id`),
  KEY `capacidad_produccion_proyecto_proyecto_id_foreign` (`proyecto_id`),
  KEY `capacidad_produccion_proyecto_proyecto_json_id_foreign` (`proyecto_json_id`),
  CONSTRAINT `capacidad_produccion_proyecto_proyecto_id_foreign` FOREIGN KEY (`proyecto_id`) REFERENCES `proyectos` (`id`) ON DELETE NO ACTION ON UPDATE CASCADE
) ENGINE=InnoDB DEFAULT CHARSET=utf8mb4 COLLATE=utf8mb4_unicode_ci;


CREATE TABLE `chat_grupos` (
  `id` int(10) unsigned NOT NULL AUTO_INCREMENT,
  `nombre` varchar(191) COLLATE utf8mb4_unicode_ci NOT NULL,
  `usuario_id` int(10) unsigned NOT NULL,
  `created_at` timestamp NULL DEFAULT NULL,
  `updated_at` timestamp NULL DEFAULT NULL,
  PRIMARY KEY (`id`),
  KEY `chat_grupos_usuario_id_foreign` (`usuario_id`),
  CONSTRAINT `chat_grupos_usuario_id_foreign` FOREIGN KEY (`usuario_id`) REFERENCES `usuarios` (`id`) ON DELETE NO ACTION ON UPDATE CASCADE
) ENGINE=InnoDB DEFAULT CHARSET=utf8mb4 COLLATE=utf8mb4_unicode_ci;

INSERT INTO `chat_grupos` (`id`, `nombre`, `usuario_id`, `created_at`, `updated_at`) VALUES
(1,	'Prueba-Staging',	6,	'2020-06-02 17:59:43',	'2020-06-02 17:59:43'),
(2,	'Candado',	26,	'2020-06-02 22:23:17',	'2020-06-02 22:23:17'),
(3,	'Lou',	11,	'2020-06-03 21:33:22',	'2020-06-03 21:33:22');

CREATE TABLE `chat_grupos_mensajes` (
  `id` int(10) unsigned NOT NULL AUTO_INCREMENT,
  `mensaje` varchar(191) COLLATE utf8mb4_unicode_ci NOT NULL,
  `tipo` varchar(191) COLLATE utf8mb4_unicode_ci NOT NULL,
  `usuario_id` int(10) unsigned NOT NULL,
  `chat_grupo_id` int(10) unsigned NOT NULL,
  `aprobado_usuario_id` int(10) unsigned DEFAULT NULL,
  `created_at` timestamp NULL DEFAULT NULL,
  `updated_at` timestamp NULL DEFAULT NULL,
  PRIMARY KEY (`id`),
  KEY `chat_grupos_mensajes_usuario_id_foreign` (`usuario_id`),
  KEY `chat_grupos_mensajes_chat_grupo_id_foreign` (`chat_grupo_id`),
  KEY `chat_grupos_mensajes_aprobado_usuario_id_foreign` (`aprobado_usuario_id`),
  CONSTRAINT `chat_grupos_mensajes_aprobado_usuario_id_foreign` FOREIGN KEY (`aprobado_usuario_id`) REFERENCES `usuarios` (`id`) ON DELETE NO ACTION ON UPDATE CASCADE,
  CONSTRAINT `chat_grupos_mensajes_chat_grupo_id_foreign` FOREIGN KEY (`chat_grupo_id`) REFERENCES `chat_grupos` (`id`) ON DELETE NO ACTION ON UPDATE CASCADE,
  CONSTRAINT `chat_grupos_mensajes_usuario_id_foreign` FOREIGN KEY (`usuario_id`) REFERENCES `usuarios` (`id`) ON DELETE NO ACTION ON UPDATE CASCADE
) ENGINE=InnoDB DEFAULT CHARSET=utf8mb4 COLLATE=utf8mb4_unicode_ci;

INSERT INTO `chat_grupos_mensajes` (`id`, `mensaje`, `tipo`, `usuario_id`, `chat_grupo_id`, `aprobado_usuario_id`, `created_at`, `updated_at`) VALUES
(1,	'prueba',	'mensaje',	6,	1,	NULL,	'2020-06-02 17:59:48',	'2020-06-02 17:59:48'),
(2,	'prueba-pedido',	'pedido',	6,	1,	11,	'2020-06-02 17:59:56',	'2020-06-03 08:31:28'),
(3,	'Curso',	'mensaje',	11,	1,	NULL,	'2020-06-03 08:31:39',	'2020-06-03 08:31:39'),
(4,	'Prueba stagng',	'mensaje',	6,	1,	NULL,	'2020-06-03 10:32:54',	'2020-06-03 10:32:54'),
(5,	'Prueba pedido',	'pedido',	6,	1,	NULL,	'2020-06-03 10:35:27',	'2020-06-03 10:35:27'),
(6,	'Prueba',	'mensaje',	11,	1,	NULL,	'2020-06-03 21:31:58',	'2020-06-03 21:31:58'),
(7,	'Ok',	'pedido',	11,	1,	6,	'2020-06-03 21:32:02',	'2020-06-03 21:44:07'),
(8,	'Hola',	'mensaje',	11,	2,	NULL,	'2020-06-03 21:32:33',	'2020-06-03 21:32:33'),
(9,	'Hola',	'mensaje',	11,	3,	NULL,	'2020-06-03 21:33:39',	'2020-06-03 21:33:39'),
(10,	'Necesito 232 x 12',	'pedido',	11,	3,	NULL,	'2020-06-03 21:33:51',	'2020-06-03 21:33:51'),
(11,	'pedido',	'pedido',	6,	1,	11,	'2020-06-03 22:02:23',	'2020-06-03 22:04:32'),
(12,	'Listo',	'mensaje',	11,	1,	NULL,	'2020-06-03 22:04:38',	'2020-06-03 22:04:38'),
(13,	'Perfecto',	'pedido',	11,	1,	6,	'2020-06-03 22:04:44',	'2020-06-03 22:09:11'),
(14,	'Aprobado',	'mensaje',	6,	1,	NULL,	'2020-06-03 22:09:22',	'2020-06-03 22:09:22'),
(15,	'Mariano, tenog un punto que culminar',	'mensaje',	6,	1,	NULL,	'2020-06-03 22:09:32',	'2020-06-03 22:09:32'),
(16,	'El habilitar edición de grupos a quienes lo crean',	'mensaje',	6,	1,	NULL,	'2020-06-03 22:09:45',	'2020-06-03 22:09:45'),
(17,	'Donde permita agregar o eliminar usuairos',	'mensaje',	6,	1,	NULL,	'2020-06-03 22:10:14',	'2020-06-03 22:10:14'),
(18,	'Si está pendiente ese',	'mensaje',	11,	1,	NULL,	'2020-06-03 22:30:47',	'2020-06-03 22:30:47'),
(19,	'Aveces no me muestra el último mensaje que escribió, la primera vez que escribo al entrar.. no me lo refleja en el chat',	'mensaje',	11,	1,	NULL,	'2020-06-03 22:31:34',	'2020-06-03 22:31:34'),
(20,	'Bueno ahora tampoco',	'mensaje',	11,	1,	NULL,	'2020-06-03 22:31:44',	'2020-06-03 22:31:44'),
(21,	'El más reciente?',	'mensaje',	6,	1,	NULL,	'2020-06-03 22:33:10',	'2020-06-03 22:33:10'),
(22,	'Prueba reflejo',	'mensaje',	11,	1,	NULL,	'2020-06-03 22:36:50',	'2020-06-03 22:36:50'),
(23,	'respuesta',	'mensaje',	6,	1,	NULL,	'2020-06-03 22:39:57',	'2020-06-03 22:39:57'),
(24,	'Hola',	'mensaje',	11,	1,	NULL,	'2020-06-09 20:20:33',	'2020-06-09 20:20:33'),
(25,	'Prueba de un mensaje largo porque aparentemente y tenían una limitación que hacía que dejara de funcionar al sistema',	'mensaje',	11,	3,	NULL,	'2020-06-09 20:21:15',	'2020-06-09 20:21:15'),
(26,	'Vos',	'mensaje',	11,	3,	NULL,	'2020-06-09 20:21:55',	'2020-06-09 20:21:55'),
(27,	'Hola',	'mensaje',	11,	2,	NULL,	'2020-06-09 20:22:03',	'2020-06-09 20:22:03'),
(28,	'prueba',	'mensaje',	6,	1,	NULL,	'2020-06-09 20:41:28',	'2020-06-09 20:41:28'),
(29,	'Ok',	'pedido',	22,	1,	NULL,	'2020-06-09 20:41:56',	'2020-06-09 20:41:56'),
(30,	'Ik',	'mensaje',	22,	1,	NULL,	'2020-06-09 20:42:00',	'2020-06-09 20:42:00'),
(31,	'oka, oka',	'mensaje',	6,	1,	NULL,	'2020-06-09 20:42:38',	'2020-06-09 20:42:38');

CREATE TABLE `chat_grupos_usuarios` (
  `id` int(10) unsigned NOT NULL AUTO_INCREMENT,
  `usuario_id` int(10) unsigned NOT NULL,
  `chat_grupo_id` int(10) unsigned NOT NULL,
  `activo` datetime DEFAULT NULL,
  `created_at` timestamp NULL DEFAULT NULL,
  `updated_at` timestamp NULL DEFAULT NULL,
  PRIMARY KEY (`id`),
  KEY `chat_grupos_usuarios_usuario_id_foreign` (`usuario_id`),
  KEY `chat_grupos_usuarios_chat_grupo_id_foreign` (`chat_grupo_id`),
  CONSTRAINT `chat_grupos_usuarios_chat_grupo_id_foreign` FOREIGN KEY (`chat_grupo_id`) REFERENCES `chat_grupos` (`id`) ON DELETE NO ACTION ON UPDATE CASCADE,
  CONSTRAINT `chat_grupos_usuarios_usuario_id_foreign` FOREIGN KEY (`usuario_id`) REFERENCES `usuarios` (`id`) ON DELETE NO ACTION ON UPDATE CASCADE
) ENGINE=InnoDB DEFAULT CHARSET=utf8mb4 COLLATE=utf8mb4_unicode_ci;

INSERT INTO `chat_grupos_usuarios` (`id`, `usuario_id`, `chat_grupo_id`, `activo`, `created_at`, `updated_at`) VALUES
(1,	22,	1,	'2020-06-09 20:49:48',	'2020-06-02 17:59:43',	'2020-06-09 20:49:48'),
(2,	11,	1,	'2020-12-29 16:29:23',	'2020-06-02 17:59:43',	'2020-12-29 16:29:23'),
(3,	26,	1,	'2020-06-02 22:23:30',	'2020-06-02 17:59:43',	'2020-06-02 22:23:30'),
(4,	6,	1,	'2020-06-09 20:42:52',	'2020-06-02 17:59:43',	'2020-06-09 20:42:52'),
(5,	22,	2,	'2020-06-09 20:39:12',	'2020-06-02 22:23:17',	'2020-06-09 20:39:12'),
(6,	11,	2,	'2020-12-29 16:29:12',	'2020-06-02 22:23:17',	'2020-12-29 16:29:12'),
(7,	12,	2,	'2020-06-02 22:23:17',	'2020-06-02 22:23:17',	'2020-06-02 22:23:17'),
(8,	26,	2,	'2020-06-02 22:26:26',	'2020-06-02 22:23:17',	'2020-06-02 22:26:26'),
(9,	6,	3,	'2020-06-09 20:40:53',	'2020-06-03 21:33:25',	'2020-06-09 20:40:53'),
(10,	26,	3,	'2020-06-03 21:33:25',	'2020-06-03 21:33:25',	'2020-06-03 21:33:25'),
(11,	12,	3,	'2020-06-03 21:33:25',	'2020-06-03 21:33:26',	'2020-06-03 21:33:26'),
(12,	22,	3,	'2020-06-09 20:39:13',	'2020-06-03 21:33:26',	'2020-06-09 20:39:13'),
(13,	19,	3,	'2020-06-03 21:33:25',	'2020-06-03 21:33:26',	'2020-06-03 21:33:26'),
(14,	8,	3,	'2020-06-03 21:33:25',	'2020-06-03 21:33:26',	'2020-06-03 21:33:26'),
(15,	9,	3,	'2020-06-03 21:33:25',	'2020-06-03 21:33:26',	'2020-06-03 21:33:26'),
(16,	7,	3,	'2020-06-03 21:33:25',	'2020-06-03 21:33:26',	'2020-06-03 21:33:26'),
(17,	13,	3,	'2020-07-18 13:03:00',	'2020-06-03 21:33:26',	'2020-07-18 13:03:00'),
(18,	16,	3,	'2020-06-03 21:33:25',	'2020-06-03 21:33:27',	'2020-06-03 21:33:27'),
(19,	17,	3,	'2020-06-03 21:33:25',	'2020-06-03 21:33:27',	'2020-06-03 21:33:27'),
(20,	20,	3,	'2020-06-03 21:33:25',	'2020-06-03 21:33:27',	'2020-06-03 21:33:27'),
(21,	21,	3,	'2020-06-03 21:33:25',	'2020-06-03 21:33:27',	'2020-06-03 21:33:27'),
(22,	25,	3,	'2020-06-03 21:33:25',	'2020-06-03 21:33:28',	'2020-06-03 21:33:28'),
(23,	27,	3,	'2020-06-03 21:33:25',	'2020-06-03 21:33:30',	'2020-06-03 21:33:30'),
(24,	28,	3,	'2020-06-03 21:33:25',	'2020-06-03 21:33:31',	'2020-06-03 21:33:31'),
(25,	15,	3,	'2020-06-03 21:33:25',	'2020-06-03 21:33:31',	'2020-06-03 21:33:31'),
(26,	11,	3,	'2020-12-29 16:29:13',	'2020-06-03 21:33:31',	'2020-12-29 16:29:13');

CREATE TABLE `clientes` (
  `id` int(10) unsigned NOT NULL AUTO_INCREMENT,
  `nombre_completo` varchar(191) COLLATE utf8mb4_unicode_ci NOT NULL,
  `direccion` varchar(191) COLLATE utf8mb4_unicode_ci NOT NULL,
  `telefono` varchar(191) COLLATE utf8mb4_unicode_ci NOT NULL,
  `created_at` timestamp NULL DEFAULT NULL,
  `updated_at` timestamp NULL DEFAULT NULL,
  PRIMARY KEY (`id`)
) ENGINE=InnoDB DEFAULT CHARSET=utf8mb4 COLLATE=utf8mb4_unicode_ci;

INSERT INTO `clientes` (`id`, `nombre_completo`, `direccion`, `telefono`, `created_at`, `updated_at`) VALUES
(1,	'Mariano H Alvarez',	'118 N2539',	'2216175290',	'2018-08-28 18:09:56',	'2018-08-28 18:09:56'),
(2,	'Testercelu',	'118 N2539',	'2216175290',	'2018-08-28 21:10:09',	'2018-08-28 21:10:09'),
(3,	'Gerson',	'Punto Fijo',	'04121635549',	'2018-08-29 08:19:02',	'2018-08-29 08:19:02'),
(4,	'Gerson',	'Punto Fijo',	'04121635549',	'2018-08-29 20:02:18',	'2018-08-29 20:02:18'),
(6,	'Mariano H Alvarez',	'fds',	'22121654',	'2018-09-02 21:37:26',	'2018-09-02 21:37:26'),
(7,	'tyjrtjuy',	'rtyjrtyj',	'2216175290',	'2018-09-07 14:40:56',	'2018-09-07 14:40:56'),
(8,	'mmonica',	'21 60 y 61',	'2215253815',	'2018-09-14 18:31:15',	'2018-09-14 18:31:15'),
(12,	'Mariano hernan alvarez',	'CALLE 118, 2539',	'2216034526',	'2018-09-17 22:21:25',	'2018-09-17 22:21:25'),
(19,	'Mariano hernan alvarez',	'CALLE 118, 2539',	'2216034526',	'2018-09-17 22:57:13',	'2018-09-17 22:57:13'),
(20,	'FSDF',	'38 n 787',	'2216034526',	'2018-09-23 20:42:31',	'2018-09-23 20:42:31'),
(21,	'prueba',	'dir',	'4800502',	'2018-10-27 11:49:04',	'2018-10-27 11:49:04'),
(28,	'prueba fran',	'direccion fran',	'4800502',	'2018-10-27 12:05:33',	'2018-10-27 12:05:33'),
(29,	'prueba fran 2',	'dir',	'4800502',	'2018-10-27 13:22:38',	'2018-10-27 13:22:38'),
(30,	'fran fran',	'oij',	'oij',	'2018-10-27 13:30:46',	'2018-10-27 13:30:46'),
(31,	'multi prueba',	'kjh',	'4800502',	'2018-10-27 15:07:00',	'2018-10-27 15:07:00'),
(32,	'ultimo test',	'jkhg',	'4800502',	'2018-10-27 15:27:06',	'2018-10-27 15:27:06'),
(33,	'jjjj',	'io',	'4800502',	'2018-10-27 15:33:00',	'2018-10-27 15:33:00'),
(34,	'Más',	'Jd',	'Jj',	'2018-10-28 21:04:07',	'2018-10-28 21:04:07'),
(35,	'PRUEBA BISAGRAS',	'59 n384 e 2 y 3 pb 1',	'2216099102',	'2018-11-03 14:43:11',	'2018-11-03 14:43:11'),
(58,	'kjh',	'kjh',	'897',	'2018-11-05 15:16:45',	'2018-11-05 15:16:45'),
(60,	'error prod',	'calle 84 N63 e 118 bis y diag 620',	'221 5230164',	'2018-11-05 15:18:53',	'2018-11-05 15:18:53'),
(62,	'pl',	'jh',	'jh',	'2018-12-01 09:27:34',	'2018-12-01 09:27:34'),
(63,	'pl2',	'asdlkj',	'klj',	'2018-12-01 09:34:02',	'2018-12-01 09:34:02'),
(64,	'test',	't',	't',	'2018-12-01 10:00:43',	'2018-12-01 10:00:43'),
(65,	'test2',	'2',	'2',	'2018-12-01 10:05:41',	'2018-12-01 10:05:41'),
(66,	'test3',	'j',	'j',	'2018-12-01 10:10:33',	'2018-12-01 10:10:33'),
(67,	'test4',	'j',	'j',	'2018-12-01 10:49:55',	'2018-12-01 10:49:55'),
(68,	'testj1',	'j',	'j',	'2018-12-01 11:22:54',	'2018-12-01 11:22:54'),
(70,	'nuevo test',	'j',	'j',	'2018-12-01 12:08:17',	'2018-12-01 12:08:17'),
(71,	'prueba datos calcos',	'g',	'g',	'2018-12-06 22:38:17',	'2018-12-06 22:38:17'),
(73,	's',	's',	'45',	'2018-12-15 18:17:42',	'2018-12-15 18:17:42'),
(74,	'error estirar',	's',	'23',	'2019-01-29 19:29:22',	'2019-01-29 19:29:22'),
(75,	'debug name 29/1/119',	'debug address',	'99999999',	'2019-01-29 19:45:23',	'2019-01-29 19:45:23'),
(76,	'debug name 29/1/119',	'debug address',	'99999999',	'2019-01-29 19:47:48',	'2019-01-29 19:47:48'),
(77,	'debug name 29/1/119',	'debug address',	'99999999',	'2019-01-29 20:43:47',	'2019-01-29 20:43:47'),
(78,	'debug name 29/1/119',	'debug address',	'99999999',	'2019-01-29 20:47:43',	'2019-01-29 20:47:43'),
(79,	'debug name 29/1/2019',	'debug address',	'99999999',	'2019-01-29 20:49:28',	'2019-01-29 20:49:28'),
(80,	'debug name 29/1/2019',	'debug address',	'99999999',	'2019-01-29 20:58:07',	'2019-01-29 20:58:07'),
(81,	'debug name 29/1/2019',	'debug address',	'99999999',	'2019-01-29 21:07:03',	'2019-01-29 21:07:03'),
(82,	'debug name 29/1/2019',	'debug address',	'99999999',	'2019-01-29 21:10:18',	'2019-01-29 21:10:18'),
(83,	'feagfd',	'fqawef',	'asdf',	'2019-02-01 13:37:22',	'2019-02-01 13:37:22'),
(84,	'debug name 2/2/2019',	'debug address',	'99999999',	'2019-02-02 09:21:39',	'2019-02-02 09:21:39'),
(94,	'Problema calcos',	'sad',	'221354',	'2019-02-02 23:10:16',	'2019-02-02 23:10:16'),
(95,	'Problema calcos',	'sad',	'221354',	'2019-02-02 23:11:40',	'2019-02-02 23:11:40'),
(97,	'Problema calcos',	'sad',	'221354',	'2019-02-02 23:14:12',	'2019-02-02 23:14:12'),
(98,	'Problema calcos',	'sad',	'221354',	'2019-02-02 23:19:59',	'2019-02-02 23:19:59'),
(99,	'Problema calcos',	'sad',	'221354',	'2019-02-02 23:24:15',	'2019-02-02 23:24:15'),
(100,	'mghd',	'jhgf',	'jhgf',	'2019-02-02 23:33:01',	'2019-02-02 23:33:01'),
(108,	'debug name 5/2/2019',	'debug address',	'99999999',	'2019-02-05 17:19:58',	'2019-02-05 17:19:58'),
(109,	'debug name 5/2/2019',	'debug address',	'99999999',	'2019-02-05 17:20:53',	'2019-02-05 17:20:53'),
(113,	'debug name 5/2/2019',	'debug address',	'99999999',	'2019-02-05 17:37:15',	'2019-02-05 17:37:15'),
(114,	'debug name 5/2/2019',	'debug address',	'99999999',	'2019-02-05 17:39:01',	'2019-02-05 17:39:01'),
(115,	'debug name 5/2/2019',	'debug address',	'99999999',	'2019-02-05 17:40:34',	'2019-02-05 17:40:34'),
(116,	'debug name 5/2/2019',	'debug address',	'99999999',	'2019-02-05 17:42:13',	'2019-02-05 17:42:13'),
(117,	'debug name 5/2/2019',	'debug address',	'99999999',	'2019-02-05 18:14:21',	'2019-02-05 18:14:21'),
(118,	'debug name 5/2/2019',	'debug address',	'99999999',	'2019-02-05 18:29:49',	'2019-02-05 18:29:49'),
(120,	'debug name 5/2/2019',	'debug address',	'99999999',	'2019-02-05 18:53:31',	'2019-02-05 18:53:31'),
(121,	'debug name 5/2/2019',	'debug address',	'99999999',	'2019-02-05 19:04:02',	'2019-02-05 19:04:02'),
(122,	'bisagra con detalles',	'da',	'dsa',	'2019-02-05 20:54:17',	'2019-02-05 20:54:17'),
(124,	'pUERTAS BISAGRAS',	'DFSA',	'FASD',	'2019-02-06 21:10:48',	'2019-02-06 21:10:48'),
(125,	'pUERTAS BISAGRAS',	'DFSA',	'FASD',	'2019-02-06 21:17:22',	'2019-02-06 21:17:22'),
(127,	'debug name 8/2/2019',	'debug address',	'99999999',	'2019-02-08 21:07:34',	'2019-02-08 21:07:34'),
(134,	'debug name 9/2/2019',	'debug address',	'99999999',	'2019-02-09 11:29:33',	'2019-02-09 11:29:33'),
(135,	'debug name 9/2/2019',	'debug address',	'99999999',	'2019-02-09 11:30:08',	'2019-02-09 11:30:08'),
(136,	'debug name 10/2/2019',	'debug address',	'99999999',	'2019-02-10 12:33:39',	'2019-02-10 12:33:39'),
(137,	'debug name 10/2/2019',	'debug address',	'99999999',	'2019-02-10 12:52:55',	'2019-02-10 12:52:55'),
(138,	'debug name 10/2/2019',	'debug address',	'99999999',	'2019-02-10 12:59:41',	'2019-02-10 12:59:41'),
(139,	'debug name 10/2/2019',	'debug address',	'99999999',	'2019-02-10 13:06:02',	'2019-02-10 13:06:02'),
(142,	'debug name 10/2/2019',	'debug address',	'99999999',	'2019-02-10 13:12:35',	'2019-02-10 13:12:35'),
(144,	'dsa',	'dsa',	'dsa',	'2019-02-10 13:15:40',	'2019-02-10 13:15:40'),
(145,	'debug name 10/2/2019',	'debug address',	'99999999',	'2019-02-10 13:31:52',	'2019-02-10 13:31:52'),
(146,	'debug name 10/2/2019',	'debug address',	'99999999',	'2019-02-10 13:39:18',	'2019-02-10 13:39:18'),
(147,	'gfdas',	'gfds',	'gfds',	'2019-02-10 13:41:43',	'2019-02-10 13:41:43'),
(148,	'debug name 10/2/2019',	'debug address',	'99999999',	'2019-02-10 13:41:44',	'2019-02-10 13:41:44'),
(150,	'dcfsgfdsa',	'gfdsg',	'gsdfg',	'2019-02-10 13:53:16',	'2019-02-10 13:53:16'),
(151,	'debug name 10/2/2019',	'debug address',	'99999999',	'2019-02-10 14:47:58',	'2019-02-10 14:47:58'),
(161,	'debug name 10/2/2019',	'debug address',	'99999999',	'2019-02-10 15:13:37',	'2019-02-10 15:13:37'),
(162,	'debug name 10/2/2019',	'debug address',	'99999999',	'2019-02-10 15:14:44',	'2019-02-10 15:14:44'),
(163,	'debug name 10/2/2019',	'debug address',	'99999999',	'2019-02-10 15:17:47',	'2019-02-10 15:17:47'),
(164,	'debug name 10/2/2019',	'debug address',	'99999999',	'2019-02-10 15:31:01',	'2019-02-10 15:31:01'),
(167,	'debug name 10/2/2019',	'debug address',	'99999999',	'2019-02-10 16:00:29',	'2019-02-10 16:00:29'),
(169,	'debug name 10/2/2019',	'debug address',	'99999999',	'2019-02-10 16:24:06',	'2019-02-10 16:24:06'),
(170,	'debug name 10/2/2019',	'debug address',	'99999999',	'2019-02-10 16:30:35',	'2019-02-10 16:30:35'),
(171,	'debug name 10/2/2019',	'debug address',	'99999999',	'2019-02-10 17:00:42',	'2019-02-10 17:00:42'),
(172,	'debug name 10/2/2019',	'debug address',	'99999999',	'2019-02-10 17:16:13',	'2019-02-10 17:16:13'),
(173,	'debug name 10/2/2019',	'debug address',	'99999999',	'2019-02-10 19:55:03',	'2019-02-10 19:55:03'),
(176,	'debug name 10/2/2019',	'debug address',	'99999999',	'2019-02-10 21:17:49',	'2019-02-10 21:17:49'),
(177,	'jhtyr',	'dsf',	'gfdsa',	'2019-02-10 21:19:13',	'2019-02-10 21:19:13'),
(178,	'debug name 10/2/2019',	'debug address',	'99999999',	'2019-02-10 21:19:49',	'2019-02-10 21:19:49'),
(179,	'Bx',	'H',	'Bd',	'2019-02-11 07:55:40',	'2019-02-11 07:55:40'),
(180,	'Martin 16/2/2019',	'12 y 54',	'99999999',	'2019-02-16 15:49:48',	'2019-02-16 15:49:48'),
(181,	'debug name 24/2/2019',	'debug address',	'99999999',	'2019-02-24 20:51:15',	'2019-02-24 20:51:15'),
(182,	'hoy',	'hdhdfg',	'fhgdh',	'2019-02-24 22:20:17',	'2019-02-24 22:20:17'),
(183,	'debug name 1/3/2019',	'debug address',	'99999999',	'2019-03-01 17:40:41',	'2019-03-01 17:40:41'),
(184,	'debug name 1/3/2019',	'debug address',	'99999999',	'2019-03-01 18:06:30',	'2019-03-01 18:06:30'),
(185,	'debug name 1/3/2019',	'debug address',	'99999999',	'2019-03-01 18:18:08',	'2019-03-01 18:18:08'),
(186,	'debug name 1/3/2019',	'debug address',	'99999999',	'2019-03-01 18:31:08',	'2019-03-01 18:31:08'),
(187,	'debug name 1/3/2019',	'debug address',	'99999999',	'2019-03-01 18:32:42',	'2019-03-01 18:32:42'),
(188,	'TRABAJO HOY 5/5/2019',	'debug address',	'99999999',	'2019-05-11 11:22:14',	'2019-05-11 11:22:14'),
(189,	'debug name 11/5/2019',	'debug address',	'99999999',	'2019-05-11 11:27:52',	'2019-05-11 11:27:52'),
(190,	'debug name 11/5/2019',	'debug address',	'99999999',	'2019-05-11 11:37:13',	'2019-05-11 11:37:13'),
(191,	'debug name 11/5/2019',	'debug address',	'99999999',	'2019-05-11 13:07:58',	'2019-05-11 13:07:58'),
(192,	'debug name 12/5/2019',	'debug address',	'99999999',	'2019-05-12 17:23:46',	'2019-05-12 17:23:46'),
(193,	'PRUEBA',	'FSDAF',	'2216178',	'2019-05-12 21:22:59',	'2019-05-12 21:22:59'),
(194,	'debug name 12/5/2019',	'debug address',	'99999999',	'2019-05-19 19:26:36',	'2019-05-19 19:26:36'),
(195,	'debug name 19/5/2019',	'debug address',	'99999999',	'2019-05-19 19:34:59',	'2019-05-19 19:34:59'),
(199,	'debug name 19/5/2019',	'debug address',	'99999999',	'2019-05-19 19:39:23',	'2019-05-19 19:39:23'),
(201,	'debug name 19/5/2019',	'debug address',	'99999999',	'2019-05-19 19:43:51',	'2019-05-19 19:43:51'),
(202,	'debug name 19/5/2019',	'debug address',	'99999999',	'2019-05-19 19:44:58',	'2019-05-19 19:44:58'),
(203,	'debug name 19/5/2019',	'debug address',	'99999999',	'2019-05-19 19:47:33',	'2019-05-19 19:47:33'),
(204,	'debug name 19/5/2019',	'debug address',	'99999999',	'2019-05-19 19:48:53',	'2019-05-19 19:48:53'),
(206,	'debug name 26/5/2019',	'debug address',	'99999999',	'2019-05-26 19:20:43',	'2019-05-26 19:20:43'),
(207,	'debug name 26/5/2019',	'debug address',	'99999999',	'2019-05-26 19:25:43',	'2019-05-26 19:25:43'),
(208,	'fdsf',	'ffds',	'fdsaf',	'2019-05-27 16:20:47',	'2019-05-27 16:20:47'),
(209,	'debug name 15/6/2019',	'debug address',	'99999999',	'2019-06-15 16:43:07',	'2019-06-15 16:43:07'),
(210,	'debug name 15/6/2019',	'debug address',	'99999999',	'2019-06-15 16:45:21',	'2019-06-15 16:45:21'),
(211,	'debug name 15/6/2019',	'debug address',	'99999999',	'2019-06-15 16:47:01',	'2019-06-15 16:47:01'),
(212,	'debug name 22/6/2019',	'debug address',	'99999999',	'2019-06-22 16:24:50',	'2019-06-22 16:24:50'),
(213,	'debug name 22/6/2019',	'debug address',	'99999999',	'2019-06-22 17:12:40',	'2019-06-22 17:12:40'),
(214,	'Mariano H Alvarez',	'118 N2539, 2539',	'2216175290',	'2019-07-01 21:02:41',	'2019-07-01 21:02:41'),
(215,	'datos',	'd',	'd',	'2019-07-02 09:08:58',	'2019-07-02 09:08:58'),
(216,	'prueba',	'dsa',	'222',	'2019-07-10 15:47:54',	'2019-07-10 15:47:54'),
(217,	'debug name 13/7/2019',	'debug address',	'99999999',	'2019-07-20 16:06:41',	'2019-07-20 16:06:41'),
(218,	'Mariano H Alvarez',	'jhg',	'2216175290',	'2019-07-22 09:30:28',	'2019-07-22 09:30:28'),
(220,	'debug name 21/7/2019',	'debug address',	'99999999',	'2019-07-23 18:47:35',	'2019-07-23 18:47:35'),
(221,	'debug name 23/7/2019',	'debug address',	'99999999',	'2019-07-23 18:50:51',	'2019-07-23 18:50:51'),
(224,	'debug name 24/7/2019',	'debug address',	'99999999',	'2019-07-24 19:30:34',	'2019-07-24 19:30:34'),
(225,	'gfdsgdfsg',	'hg',	'gfdg',	'2019-07-25 09:10:13',	'2019-07-25 09:10:13'),
(227,	'Mariano H Alvarez',	'118 N2539, 2539',	'2216175290',	'2019-08-11 16:54:29',	'2019-08-11 16:54:29'),
(228,	'debug name 1/9/2019',	'debug address',	'99999999',	'2019-09-01 18:41:04',	'2019-09-01 18:41:04'),
(229,	'debug name 1/9/2019',	'debug address',	'99999999',	'2019-09-01 19:15:42',	'2019-09-01 19:15:42'),
(230,	'srtyh',	'yt',	'rty',	'2019-10-09 20:47:34',	'2019-10-09 20:47:34'),
(231,	'dddddddddddddddd',	'd321',	'221',	'2019-12-16 10:20:11',	'2019-12-16 10:20:11'),
(232,	'debug name 5/1/2020',	'debug address',	'99999999',	'2020-01-05 14:19:32',	'2020-01-05 14:19:32'),
(235,	'debug name 5/1/2020',	'debug address',	'99999999',	'2020-01-05 14:58:12',	'2020-01-05 14:58:12'),
(236,	'Test fran',	'debug address',	'99999999',	'2020-01-05 15:13:58',	'2020-01-05 15:13:58'),
(237,	'dsaDF',	'118 N2539 2539',	'2216175290',	'2020-01-05 22:19:23',	'2020-01-05 22:19:23'),
(239,	'debug name 11/1/2020',	'debug address',	'99999999',	'2020-01-11 14:17:06',	'2020-01-11 14:17:06'),
(240,	'debug name 11/1/2020',	'debug address',	'99999999',	'2020-01-11 14:20:12',	'2020-01-11 14:20:12'),
(241,	'3864',	'debug address',	'99999999',	'2020-01-11 14:49:10',	'2020-01-11 14:49:10'),
(242,	'debug name 11/1/2020',	'debug address1',	'99999999',	'2020-01-11 15:07:30',	'2021-04-15 20:04:06'),
(243,	'Anabela y sebastian',	'7 N2952 depto 3 e 502 y 503',	'221 5911035',	'2020-01-22 13:31:27',	'2020-01-22 13:31:27'),
(246,	'debug name 25/1/2020',	'debug address',	'99999999',	'2020-01-25 19:20:43',	'2020-01-25 19:20:43'),
(247,	'debug name 1/2/2020',	'debug address',	'99999999',	'2020-02-01 16:29:45',	'2020-02-01 16:29:45'),
(248,	'fds',	'dfss',	'02216175290',	'2020-02-01 19:21:56',	'2020-02-01 19:21:56'),
(249,	'fasw',	'fawe',	'02216175290',	'2020-02-01 19:38:19',	'2020-02-01 19:38:19'),
(251,	'debug name 2/2/2020',	'debug address',	'99999999',	'2020-02-02 12:52:59',	'2020-02-02 12:52:59'),
(252,	'debug name 2/2/2020',	'debug address',	'99999999',	'2020-02-02 12:57:05',	'2020-02-02 12:57:05'),
(253,	'debug name 2/2/2020',	'debug address',	'99999999',	'2020-02-02 13:39:30',	'2020-02-02 13:39:30'),
(254,	'prueba bis',	'dasD',	'4752',	'2020-02-09 12:22:39',	'2020-02-09 12:22:39'),
(255,	'prueba bis',	'dasD',	'4752',	'2020-02-09 12:31:39',	'2020-02-09 12:31:39'),
(256,	'dede',	'de',	'+542216175290 ce afrf',	'2020-02-24 14:38:08',	'2020-02-24 14:38:08'),
(257,	'fsadgf',	'gfdgdnhsfgh',	'69584165106',	'2020-02-24 14:44:19',	'2020-02-24 14:44:19'),
(258,	'debug name 26/2/2020',	'debug address1',	'99999999',	'2020-02-26 08:43:56',	'2021-04-15 20:05:20'),
(259,	'debug name 26/2/2020',	'debug address',	'99999999',	'2020-02-26 08:46:03',	'2020-02-26 08:46:03'),
(263,	'encargado',	'dwEFRQW',	'2341234',	'2020-02-28 09:24:20',	'2020-02-28 09:24:20'),
(265,	'debug name 1/3/2020',	'debug address',	'99999999',	'2020-03-01 19:21:30',	'2020-03-01 19:21:30'),
(266,	'debug name 1/3/2020',	'debug address',	'99999999',	'2020-03-01 19:26:37',	'2020-03-01 19:26:37'),
(267,	'probando',	'sdfg',	'gfdsg',	'2020-03-01 20:50:11',	'2020-03-01 20:50:11'),
(268,	'yrgte',	'yy',	'ytyty',	'2020-03-01 20:56:40',	'2020-03-01 20:56:40'),
(269,	'probando',	'sdfg',	'gfdsg',	'2020-03-01 20:57:34',	'2020-03-01 20:57:34'),
(270,	'LISTON',	'sdrfytrht',	'fdghsfdgth',	'2020-03-01 21:27:10',	'2020-03-01 21:27:10'),
(272,	'cajones',	'debug address',	'99999999',	'2020-03-07 19:02:23',	'2020-03-07 19:02:23'),
(273,	'sin cajon',	'debug address',	'99999999',	'2020-03-07 19:08:59',	'2020-03-07 19:08:59'),
(274,	'con cajon 7/3/2020',	'debug address',	'99999999',	'2020-03-07 19:10:17',	'2020-03-07 19:10:17'),
(275,	'cajon 2 /3/2020',	'debug address',	'99999999',	'2020-03-07 19:17:07',	'2020-03-07 19:17:07'),
(276,	'cajon 3 7/3/2020',	'debug address',	'99999999',	'2020-03-07 19:21:38',	'2020-03-07 19:21:38'),
(278,	'cajones 5 7/3/2020',	'debug address',	'99999999',	'2020-03-07 19:26:15',	'2020-03-07 19:26:15'),
(279,	'cajon 6 7/3/2020',	'debug address',	'99999999',	'2020-03-07 19:28:20',	'2020-03-07 19:28:20'),
(280,	'cajon 7',	'debug address',	'99999999',	'2020-03-07 19:31:16',	'2020-03-07 19:31:16'),
(281,	'prueba vid',	'klj',	'90900990',	'2020-03-14 18:56:57',	'2020-03-14 18:56:57'),
(282,	'lkj',	'kj',	'89989889',	'2020-03-21 19:59:04',	'2020-03-21 19:59:04'),
(284,	'kljh',	'kjh',	'9899898',	'2020-03-21 20:00:43',	'2020-03-21 20:00:43'),
(286,	'sin cajon',	'debug address',	'99999999',	'2020-03-21 20:18:10',	'2020-03-21 20:18:10'),
(288,	'nuevo',	'vds',	'02216175290',	'2020-03-21 23:03:32',	'2020-03-21 23:03:32'),
(289,	'nuevo',	'vds',	'02216175290',	'2020-03-21 23:06:41',	'2020-03-21 23:06:41'),
(290,	'Mariano EEE',	'151 n5588',	'22212212321321',	'2020-03-23 20:54:04',	'2020-03-23 20:54:04'),
(291,	'YER',	'TTT',	'65645',	'2020-03-23 21:00:13',	'2020-03-23 21:00:13'),
(292,	'Mariano H Alvarez',	'118 N2539',	'542216175290',	'2020-04-11 17:18:07',	'2020-04-11 17:18:07'),
(293,	'iuip',	'118 N2539',	'+542216175290',	'2020-05-10 22:35:17',	'2020-05-10 22:35:17'),
(294,	'prueba cambio orden',	'debug address',	'99999999',	'2020-05-16 18:16:44',	'2020-05-16 18:16:44'),
(296,	'prueba link16/5/2020',	'debug address',	'99999999',	'2020-05-16 18:35:23',	'2020-05-16 18:35:23'),
(297,	'jg',	'jhg',	'jhgjh',	'2020-05-16 18:53:20',	'2020-05-16 18:53:20'),
(298,	'uuuuuuu',	'uuu',	'8768768',	'2020-05-16 19:18:06',	'2020-05-16 19:18:06'),
(299,	'nnnnnnnnnnnnnnnnnnn',	'kj',	'6767676',	'2020-05-16 19:25:42',	'2020-05-16 19:25:42'),
(300,	'test linke',	'asdjk',	'234234328',	'2020-05-16 21:55:44',	'2020-05-16 21:55:44'),
(301,	'Mariano H Alvarez',	'118 N2539',	'+542216175290',	'2020-05-17 19:13:50',	'2020-05-17 19:13:50'),
(302,	'rwqer',	'118 N2539',	'542216175290',	'2020-05-17 19:24:20',	'2020-05-17 19:24:20'),
(303,	'Mariano H Alvarez',	'118 N2539',	'542216175290',	'2020-05-17 19:31:17',	'2020-05-17 19:31:17'),
(304,	'Mariano H Alvarez',	'118 N2539',	'+542216175290',	'2020-05-17 20:23:44',	'2020-05-17 20:23:44'),
(305,	'rthh',	'12',	'12',	'2020-05-23 20:16:08',	'2020-05-23 20:16:08'),
(306,	'fffff',	'fsdf',	'sdf',	'2020-05-23 20:19:19',	'2020-05-23 20:19:19'),
(307,	'rew',	'118 N2539',	'+542216175290',	'2020-06-06 20:39:46',	'2020-06-06 20:39:46'),
(308,	'esrt',	'118 N2539',	'+5492216175290',	'2020-06-06 20:41:29',	'2020-06-06 20:41:29'),
(309,	'ku222',	'118 N2539',	'2216175290',	'2020-06-06 20:47:47',	'2020-06-06 20:47:47'),
(310,	'prueba exportar',	'dire',	'3244354',	'2020-06-07 18:55:26',	'2020-06-07 18:55:26'),
(311,	'geg',	'gg',	'43',	'2020-06-07 19:32:27',	'2020-06-07 19:32:27'),
(312,	'gg',	'118 N2539',	'+542216175290',	'2020-06-07 19:33:13',	'2020-06-07 19:33:13'),
(313,	'bvc',	'bvc',	'bvc',	'2020-07-19 18:36:10',	'2020-07-19 18:36:10'),
(314,	'hgf',	'hgf',	'hgf',	'2020-07-19 18:37:33',	'2020-07-19 18:37:33'),
(315,	'Mariano H Alvare',	'118 N253',	'2216175290',	'2020-07-26 12:31:38',	'2020-07-26 12:31:38'),
(316,	'prueba cajones',	'prueba',	'123234345',	'2020-08-09 17:43:43',	'2020-08-09 17:43:43'),
(317,	'09-08-2020 c',	'prueba',	'123123',	'2020-08-09 17:49:14',	'2020-08-09 17:49:14'),
(318,	'kjh',	'kjhkjh',	'8787',	'2020-08-09 17:52:13',	'2020-08-09 17:52:13'),
(319,	'strh',	'hsfdgh',	'hhhh',	'2020-08-09 23:14:45',	'2020-08-09 23:14:45'),
(320,	'cad',	'cad',	'2122',	'2020-08-14 22:52:11',	'2020-08-14 22:52:11'),
(321,	'test',	'test d',	'123321123',	'2020-08-16 13:35:58',	'2020-08-16 13:35:58'),
(322,	'prueba',	'prueba',	'23432435',	'2020-08-17 11:49:34',	'2020-08-17 11:49:34'),
(323,	'pago',	's',	'11',	'2020-08-22 17:24:10',	'2020-08-22 17:24:10'),
(324,	'Prueba Caja Taller',	'123',	'321321321',	'2020-08-23 13:04:09',	'2020-08-23 13:04:09'),
(326,	'Prueba Caja Taller',	'123',	'321321321',	'2020-08-23 13:48:25',	'2020-08-23 13:48:25'),
(327,	'Prueba Caja Taller',	'123',	'321321321',	'2020-08-23 13:48:53',	'2020-08-23 13:48:53'),
(328,	'Prueba Caja Taller',	'123',	'321321321',	'2020-08-23 18:03:57',	'2020-08-23 18:03:57'),
(329,	'prueba modal',	'dir',	'4050',	'2020-09-05 17:29:53',	'2020-09-05 17:29:53'),
(330,	'jhg',	'jhg',	'jhg',	'2020-10-13 14:23:43',	'2020-10-13 14:23:43'),
(331,	'kjh',	'kjh',	'kjh',	'2020-10-17 20:53:34',	'2020-10-17 20:53:34'),
(332,	'jkhjh',	'kjhkjh',	'kjhkjh',	'2020-10-17 20:56:41',	'2020-10-17 20:56:41'),
(334,	'xgfdhvf',	'gfdhx',	'dzfghm',	'2020-10-18 12:43:34',	'2020-10-18 12:43:34'),
(337,	'eeree',	'eew',	'ww',	'2020-10-18 20:00:56',	'2020-10-18 20:00:56'),
(338,	'nombre',	'apellido',	'123123121',	'2020-10-18 21:12:37',	'2020-12-15 19:50:29'),
(339,	'link 2',	'link 2',	'54545445',	'2020-10-18 21:21:46',	'2020-10-18 21:21:46'),
(340,	'prueba',	'333',	'333444',	'2020-12-16 17:21:34',	'2020-12-16 17:33:37'),
(345,	'prueba 445',	'ff',	'ff',	'2020-12-20 10:36:41',	'2020-12-20 10:36:41'),
(346,	'prueba 446',	'ff',	'ff',	'2020-12-20 10:41:11',	'2020-12-20 10:41:11'),
(347,	'Daniela',	'cullen 539',	'1131308855',	'2020-12-28 10:35:12',	'2020-12-28 10:35:12'),
(348,	'Daniela',	'cullen 539',	'1131308855',	'2020-12-28 11:10:41',	'2020-12-28 11:10:41'),
(349,	'debug',	'asdsa',	'54654654',	'2021-01-02 15:10:37',	'2021-01-02 15:10:37'),
(351,	'Daniela',	'cullen 539',	'1131308855',	'2021-01-02 17:31:52',	'2021-01-02 17:31:52'),
(352,	'debyug',	'ojklj',	'6456456',	'2021-01-02 17:34:08',	'2021-01-02 17:34:08'),
(353,	'fr',	'ff',	'rf',	'2021-01-03 00:01:15',	'2021-01-03 00:01:15'),
(354,	'prueba codigo g',	'kjh',	'87',	'2021-01-03 21:01:59',	'2021-01-03 21:01:59'),
(355,	'wwww',	'www',	'ww',	'2021-01-03 22:31:25',	'2021-01-03 22:31:25'),
(356,	'eeee',	'ee',	'ee',	'2021-01-03 22:36:43',	'2021-01-03 22:36:43'),
(357,	'qqq',	'qq',	'qq',	'2021-01-04 08:22:36',	'2021-01-04 08:22:36'),
(358,	'gggg',	'dddddddddddd',	'fffg',	'2021-01-11 08:32:57',	'2021-01-11 08:32:57'),
(359,	'gggg',	'dddddddddddd',	'fffg',	'2021-01-11 08:56:43',	'2021-01-11 08:56:43'),
(360,	'gggeee',	'dddddddddddd',	'fffg',	'2021-01-11 10:32:43',	'2021-01-11 10:32:43'),
(361,	'ffff',	'fff',	'fff',	'2021-02-16 17:24:40',	'2021-02-16 17:24:40'),
(362,	'Doce',	'MM2212',	'222',	'2021-03-09 14:38:14',	'2021-03-09 14:38:14'),
(363,	'rtr',	'tt',	'02216175290',	'2021-03-18 10:11:30',	'2021-03-18 10:11:30'),
(364,	'PRUEBA 1903',	'118 N2539',	'542216175290',	'2021-03-19 08:22:43',	'2021-03-19 08:22:43'),
(365,	'nnelloo',	'ee',	'02216175290',	'2021-03-20 10:52:07',	'2021-03-20 10:52:07'),
(366,	'rrer',	'ee',	'02216175290',	'2021-03-20 12:25:05',	'2021-03-20 12:25:05'),
(367,	'prueba codigo g',	'kjh',	'87',	'2021-03-29 09:47:23',	'2021-03-29 09:47:23'),
(368,	'prueba codigo g',	'kjh',	'87',	'2021-03-29 09:52:27',	'2021-03-29 09:52:27'),
(369,	'prueba codigo g',	'kjh',	'87',	'2021-04-13 14:33:36',	'2021-04-13 14:33:36'),
(370,	'gdfgdfg',	'ggg',	'gg',	'2021-05-03 21:28:46',	'2021-05-03 21:28:46'),
(371,	'hsdqhgzfds',	'fsdf',	'sdfsd',	'2021-05-04 10:30:16',	'2021-05-04 10:30:16'),
(372,	'jhdcwu',	'gdsfg',	'dsfg',	'2021-05-04 11:52:35',	'2021-05-04 11:52:35'),
(373,	'tttt',	'tttt',	'tttt',	'2021-05-05 12:04:53',	'2021-05-05 12:04:53'),
(374,	'cualquier',	'donde sea',	'11111',	'2021-05-05 12:06:00',	'2021-05-05 12:06:00'),
(375,	'modede',	'fsdfsd',	'fdsfsd',	'2021-05-07 12:30:47',	'2021-05-07 12:30:47'),
(376,	'Edgar Nieves',	'Calle 100 Casa 283, Urb. el paseo, Maracay edo. Aragua',	'04123464883',	'2021-05-07 12:32:24',	'2021-05-07 12:32:24'),
(377,	'pruebas',	'fsdfsd',	'fdsfsd',	'2021-05-07 14:32:56',	'2021-05-07 14:32:56'),
(378,	'esmuti',	'calle asd adasd',	'123123123',	'2021-05-19 13:06:51',	'2021-05-19 13:06:51'),
(379,	'hgfd',	'df3ere',	'fwd',	'2021-05-19 14:05:42',	'2021-05-19 14:05:42'),
(380,	'Alex Prueba 3d',	'calle 54',	'686464646464646',	'2021-05-21 20:48:15',	'2021-05-21 20:48:15'),
(383,	'Alex Prueba Ambiente',	'calle 54',	'64646464',	'2021-05-22 22:35:49',	'2021-05-22 22:35:49'),
(384,	'gggg',	'fff',	'dfgdfg',	'2021-05-23 15:06:25',	'2021-05-23 15:06:25'),
(385,	'prubba imagenes',	're',	'erwt',	'2021-06-01 18:38:12',	'2021-06-01 18:38:12'),
(386,	'PDF 1234',	'htry',	'hytyh',	'2021-06-02 09:56:29',	'2021-06-02 09:56:29'),
(387,	'luichin',	'asda',	'asdasda',	'2021-06-03 21:35:10',	'2021-06-03 21:35:10'),
(388,	'leonel',	'aasdasd',	'asdasd',	'2021-06-03 21:40:55',	'2021-06-03 21:40:55'),
(389,	'eeeee',	'eeee',	'eeee',	'2021-06-08 12:00:58',	'2021-06-08 12:00:58'),
(390,	'el cliente que paga',	'la direccion',	'123123123',	'2021-06-10 17:07:34',	'2021-06-10 17:07:34'),
(391,	'prueba cnc 22',	'dfdd',	'221',	'2021-06-14 12:18:16',	'2021-06-14 12:18:16'),
(392,	'cnc 123456',	'eee',	'22',	'2021-06-16 16:29:52',	'2021-06-16 16:29:52'),
(393,	'CNC 44',	'FER',	'222',	'2021-06-17 08:33:55',	'2021-06-17 08:33:55'),
(394,	'problema STOCK',	'ddd',	'dd',	'2021-06-17 09:48:54',	'2021-06-17 09:48:54'),
(395,	'gsgfd',	'gdfg',	'gdf',	'2021-06-22 15:29:31',	'2021-06-22 15:29:31'),
(397,	'Mariana Buratti',	'calle 27 y 530',	'2215 96-0927',	'2021-06-26 00:26:20',	'2021-06-26 00:26:20'),
(403,	'Octavio Liggera',	'Calle 480 N° 3965 e/ 134 y 135',	'1138115844',	'2021-06-26 01:32:27',	'2021-06-26 01:32:27'),
(406,	'Patricio Alarcon',	'Calle 509 N° 4038 e/ 135 y 136',	'2215045705',	'2021-06-26 09:37:11',	'2021-06-26 09:37:11'),
(407,	'cnc prueb',	'ddd',	'221',	'2021-06-30 08:57:15',	'2021-06-30 08:57:15'),
(410,	'Prueba Cortes Comentarios',	'eee',	'ee',	'2021-07-03 19:09:44',	'2021-07-03 19:09:44'),
(411,	'HOY',	'ddfgdfg',	'dfg',	'2021-07-08 20:44:21',	'2021-07-08 20:44:21'),
(413,	'Prueba decortes',	'dsa',	'fsd',	'2021-07-16 15:21:25',	'2021-07-16 15:21:25'),
(414,	'Prueba cara opuesta',	'ss',	'33',	'2021-07-26 16:18:28',	'2021-07-26 16:18:28'),
(415,	'Prueba nueva cnc22',	'e',	'22',	'2021-07-26 16:52:09',	'2021-07-26 16:52:09'),
(416,	'3erew',	'terw',	'ter',	'2021-07-28 15:17:19',	'2021-07-28 15:17:19'),
(417,	'rrrrrr',	'rrrr',	'rrr',	'2021-07-28 17:41:45',	'2021-07-28 17:41:45'),
(418,	'luis export',	'123qse',	'123123123',	'2021-07-28 17:49:48',	'2021-07-28 17:49:48'),
(419,	'rew',	'rew',	'r',	'2021-07-28 18:14:39',	'2021-07-28 18:14:39'),
(420,	'colada',	'123123123asdasd',	'123123123',	'2021-07-28 18:16:40',	'2021-07-28 18:16:40'),
(421,	'acdc',	'sdasdasd',	'123123123',	'2021-07-28 18:43:29',	'2021-07-28 18:43:29'),
(422,	'rew2',	'rew',	'r',	'2021-07-28 18:47:13',	'2021-07-28 18:47:13'),
(423,	'prueba de cnc cara p',	'edee',	'eee',	'2021-07-29 13:26:35',	'2021-07-29 13:26:35'),
(424,	'D',	'D',	'D',	'2021-07-29 21:22:50',	'2021-07-29 21:22:50'),
(425,	'Mesa de luz',	'ee',	'ee',	'2021-07-30 08:28:05',	'2021-07-30 08:28:05'),
(426,	'todo tipo de piezas',	'ds',	'ds',	'2021-07-30 10:45:36',	'2021-07-30 10:45:36'),
(427,	'prueba stock',	'ww',	'W',	'2021-07-31 12:31:52',	'2021-07-31 12:31:52'),
(428,	'Emmanuel',	'00',	'000',	'2021-08-05 10:55:26',	'2021-08-05 10:55:26'),
(429,	'Emmanuel 2',	'xx',	'xx',	'2021-08-05 11:34:03',	'2021-08-05 11:34:03'),
(430,	'hjkg ygui',	'ygui',	'ygui',	'2021-08-10 16:12:29',	'2021-08-10 16:12:29'),
(431,	'Prueba laser',	'de',	'de',	'2021-08-21 09:48:49',	'2021-08-21 09:48:49'),
(432,	'Prueba laser',	'de',	'de',	'2021-08-21 17:43:36',	'2021-08-21 17:43:36'),
(433,	'Prueba laser 17 84',	'de',	'de',	'2021-08-30 19:04:17',	'2021-08-30 19:04:17'),
(434,	'Prueba',	'ww',	'w',	'2021-08-31 09:19:37',	'2021-08-31 09:19:37'),
(435,	'gfhd',	'fhgd',	'hgf',	'2021-09-20 12:18:21',	'2021-09-20 12:18:21'),
(436,	'eedd',	'de',	'edded',	'2022-01-17 14:08:40',	'2022-01-17 14:08:40'),
(437,	'Florencia Ciraolo',	'Av1 1792',	'+5492262319749',	'2022-01-21 09:24:38',	'2022-01-21 09:24:38'),
(438,	'dded',	'de',	'de',	'2022-04-01 15:02:08',	'2022-04-01 15:02:08'),
(439,	'ttttttttttttttt',	'tttt',	'ttt',	'2022-04-13 10:28:39',	'2022-04-13 10:28:39'),
(440,	'Fernando Medinilla',	'City Bell',	'2216 49-6092',	'2022-04-20 18:00:56',	'2022-04-20 18:00:56'),
(441,	'Fabian Quintero',	'145 y 617, barrio “Los Teros”',	'2214 38-3869',	'2022-05-16 15:06:42',	'2022-05-16 15:06:42'),
(442,	'Sandra Quiroga',	'41 y 190 n°49 Olmos',	'2214372426',	'2022-05-19 16:29:07',	'2022-05-19 16:29:07'),
(443,	'Sandra Zapiola',	'La Plata',	'2216154881',	'2022-06-04 08:41:34',	'2022-06-04 08:41:34'),
(445,	'maria jose bellini',	'519 N3742 e132 y133',	'221 6421347',	'2022-06-23 08:30:38',	'2022-06-23 08:30:38'),
(446,	'Maria Florencia Palavecino',	'Av. 38 e/ 118 y 119 N° 85',	'2214192122',	'2022-06-26 18:15:30',	'2022-06-26 18:15:30'),
(447,	'Javier Correa',	'diagonal 133 entre 645 y 646, lote c2. La hermosura. Nos pasa la ubicación por whatsapp.',	'2215457680',	'2022-07-05 13:35:24',	'2022-07-05 13:35:24'),
(448,	'Matias Tesoriere',	'Barrio Altos de Los Talas 174 Norte entre 81 y 82 nro de Tanque 1006, Berisso',	'2216706100',	'2022-07-12 13:13:10',	'2022-07-12 13:13:10');

CREATE TABLE `client_presentation_data_storages` (
  `id` char(36) COLLATE utf8mb4_unicode_ci NOT NULL,
  `state` varchar(191) COLLATE utf8mb4_unicode_ci NOT NULL,
  `data` text COLLATE utf8mb4_unicode_ci NOT NULL,
  `read` tinyint(1) NOT NULL DEFAULT 0,
  `created_at` timestamp NULL DEFAULT NULL,
  `updated_at` timestamp NULL DEFAULT NULL,
  `deleted_at` timestamp NULL DEFAULT NULL,
  `sequence_id` char(36) COLLATE utf8mb4_unicode_ci NOT NULL,
  `status` varchar(191) COLLATE utf8mb4_unicode_ci NOT NULL DEFAULT 'nuevo',
  `attach` text COLLATE utf8mb4_unicode_ci NOT NULL DEFAULT '""',
  `info` text COLLATE utf8mb4_unicode_ci NOT NULL DEFAULT '""',
  PRIMARY KEY (`id`),
  KEY `client_presentation_sequences_fk` (`sequence_id`),
  CONSTRAINT `client_presentation_sequences_fk` FOREIGN KEY (`sequence_id`) REFERENCES `client_presentation_sequences` (`id`)
) ENGINE=InnoDB DEFAULT CHARSET=utf8mb4 COLLATE=utf8mb4_unicode_ci;

INSERT INTO `client_presentation_data_storages` (`id`, `state`, `data`, `read`, `created_at`, `updated_at`, `deleted_at`, `sequence_id`, `status`, `attach`, `info`) VALUES
('0d886fad-8d7d-4527-9943-18b009152314',	'r',	'{\"r\":[]}',	1,	'2021-08-26 10:06:55',	'2021-08-27 15:03:33',	NULL,	'31351eb9-7ec0-4165-9249-6901767ed371',	'nuevo',	'\"\"',	'rthtey etjyj tj<div>&nbsp;tedrukrfykm</div>'),
('0f099e3e-5585-4ab1-96f9-79e868e0fa73',	'r.0.0',	'{\"r\":[],\"r.0\":[{\"type\":\"file\",\"value\":\"e3f2c9a0-f595-11eb-a52b-ed8c77638210.jpeg\",\"name\":\"Fichero Adjunto\"}]}',	0,	'2021-08-04 23:35:26',	'2021-08-04 23:36:09',	NULL,	'b842b04d-b9ba-470f-a449-b0cb00a21152',	'nuevo',	'\"\"',	'\"\"'),
('0f7cd3ab-1cbb-47d9-96b5-981faf4517f3',	'r.0.0',	'{\"r\":[],\"r.0\":[]}',	0,	'2022-03-22 14:50:16',	'2022-03-22 14:50:18',	NULL,	'69467c72-3bd5-410f-bd9c-bc275dd5157d',	'nuevo',	'\"\"',	'\"\"'),
('0fdc42ce-b494-4d1e-b597-cd3195eeef37',	'r.0',	'{\"r\":[]}',	0,	'2022-03-22 10:54:08',	'2022-03-22 10:54:08',	NULL,	'69467c72-3bd5-410f-bd9c-bc275dd5157d',	'nuevo',	'\"\"',	'\"\"'),
('123da369-4b04-45c7-84f2-ebd607eb464e',	'r.0',	'{\"r\":[]}',	1,	'2021-07-16 13:11:02',	'2021-08-05 11:26:19',	NULL,	'0b7145e8-0123-42d6-a514-7f039382cfc5',	'faltaInfo',	'',	''),
('1b08dce0-96b7-4c57-98ba-26993ecd87c3',	'r',	'{\"r\":[]}',	1,	'2021-08-23 12:24:33',	'2021-08-24 15:29:50',	NULL,	'31351eb9-7ec0-4165-9249-6901767ed371',	'nuevo',	'\"\"',	'tersatg dzarfgsr restuth aeryt sdrt<div>&nbsp;wrteuy e56ytrui</div><div>d tyjuityruj irt6y7</div><div>&nbsp;fdtyhurfytu</div><div>&nbsp;fdtykjfyuk</div><div>&nbsp;fdtyuj</div>'),
('2324637c-752b-41f1-a065-f9fd661735f9',	'r.0.0.0',	'{\"r\":[],\"r.0\":[{\"type\":\"string\",\"value\":\"Comprar un producto\",\"name\":\"Decidi\\u00f3\"}],\"r.0.0\":[]}',	1,	'2022-03-15 05:08:48',	'2022-03-15 08:12:12',	NULL,	'0b7145e8-0123-42d6-a514-7f039382cfc5',	'nuevo',	'\"\"',	'\"\"'),
('2b88c7ce-356a-4cb4-a6f6-21e0d4e98623',	'r.0.0',	'{\"r\":[],\"r.0\":[{\"type\":\"string\",\"value\":\"Comprar un producto\",\"name\":\"Decidi\\u00f3\"}]}',	1,	'2021-08-27 15:04:16',	'2021-10-28 21:21:44',	NULL,	'0b7145e8-0123-42d6-a514-7f039382cfc5',	'nuevo',	'\"\"',	'\"\"'),
('300fb3d1-d86a-411f-8565-f4638002e79c',	'r',	'{\"r\":[]}',	1,	'2021-08-23 12:06:29',	'2021-08-24 15:29:52',	NULL,	'31351eb9-7ec0-4165-9249-6901767ed371',	'nuevo',	'\"\"',	'aaaa'),
('33a42a0a-7d56-48e8-8761-7c79c2dffc2e',	'r.0',	'{\"r\":[]}',	0,	'2022-03-15 09:13:10',	'2022-03-15 09:13:10',	NULL,	'69467c72-3bd5-410f-bd9c-bc275dd5157d',	'nuevo',	'\"\"',	'\"\"'),
('4fb31c9e-c438-4d0f-97ac-a8897838bf69',	'r.0.0.0',	'{\"r\":[],\"r.0\":[],\"r.0.0\":[]}',	1,	'2022-04-13 07:29:14',	'2022-04-15 18:01:17',	NULL,	'69467c72-3bd5-410f-bd9c-bc275dd5157d',	'nuevo',	'\"\"',	'\"\"'),
('50155a53-46f7-4f25-a6c3-ec773cc6bfef',	'r.0.0.0',	'{\"r\":[],\"r.0\":[{\"type\":\"string\",\"value\":\"Comprar un producto\",\"name\":\"Decidi\\u00f3\"}],\"r.0.0\":[]}',	1,	'2021-09-03 16:47:47',	'2021-10-11 15:05:56',	NULL,	'0b7145e8-0123-42d6-a514-7f039382cfc5',	'nuevo',	'\"\"',	'\"\"'),
('51e5e936-02a8-466a-8a80-b056e48530ec',	'r',	'{\"r\":[]}',	1,	'2021-10-06 08:58:54',	'2021-10-09 16:59:22',	NULL,	'31351eb9-7ec0-4165-9249-6901767ed371',	'nuevo',	'\"\"',	'´poiug'),
('53385d85-4021-4601-8e91-dce983a738f7',	'r.0',	'{\"r\":[]}',	0,	'2022-03-28 09:21:41',	'2022-03-28 09:21:41',	NULL,	'69467c72-3bd5-410f-bd9c-bc275dd5157d',	'nuevo',	'\"\"',	'\"\"'),
('659c1844-503a-4a11-ae1d-8f5957c68aef',	'r.0.0.0.0.0',	'{\"r\":[],\"r.0\":[{\"type\":\"file\",\"value\":\"abfbc8e0-64d2-11ec-a59b-0bd6a6d52d5a.png\",\"name\":\"Fichero Adjunto\"}],\"r.0.0\":[],\"r.0.0.0\":[],\"r.0.0.0.0\":[{\"type\":\"string\",\"value\":\"Comprar un producto\",\"name\":\"Decidi\\u00f3\"}]}',	0,	'2021-12-24 12:00:47',	'2021-12-24 12:01:25',	NULL,	'b842b04d-b9ba-470f-a449-b0cb00a21152',	'nuevo',	'\"\"',	'\"\"'),
('709f72d7-ef93-47ce-a55a-6995af5c09b1',	'r.0.0.0',	'{\"r\":[],\"r.0\":[{\"type\":\"string\",\"value\":\"Comprar un producto\",\"name\":\"Decidi\\u00f3\"}],\"r.0.0\":[]}',	0,	'2022-03-15 05:02:05',	'2022-03-15 05:06:10',	NULL,	'0b7145e8-0123-42d6-a514-7f039382cfc5',	'nuevo',	'\"\"',	'\"\"'),
('7a1713e4-bfad-4f9e-9f10-2d42524143f8',	'r.0.0',	'{\"r\":[],\"r.0\":[{\"type\":\"file\",\"value\":\"8f949bb0-71ae-11ec-8a4e-5975e8364efc.jpeg\",\"name\":\"Fichero Adjunto\"},{\"type\":\"file\",\"value\":\"8f9636d0-71ae-11ec-a046-0f9d8a05c041.jpeg\",\"name\":\"Fichero Adjunto\"}]}',	1,	'2022-01-09 20:44:38',	'2022-01-12 15:09:00',	NULL,	'b842b04d-b9ba-470f-a449-b0cb00a21152',	'nuevo',	'\"\"',	'\"\"'),
('83b98744-b4d4-4ad0-94b1-31077dca9bf2',	'r.0',	'{\"r\":[]}',	1,	'2021-08-01 13:08:47',	'2021-08-04 23:34:24',	NULL,	'0b7145e8-0123-42d6-a514-7f039382cfc5',	'procesado',	'\"\"',	'\"\"'),
('89165aa3-3a56-4e95-8788-b001eb878d8d',	'r.0',	'{\"r\":[],\"r.0\":[]}',	0,	'2022-03-22 10:51:08',	'2022-03-28 09:22:42',	NULL,	'69467c72-3bd5-410f-bd9c-bc275dd5157d',	'nuevo',	'\"\"',	'\"\"'),
('89bdb4fe-69ec-4cc0-9704-279f2b0d35db',	'r.0',	'{\"r\":[]}',	0,	'2022-03-15 05:50:13',	'2022-03-15 05:50:13',	NULL,	'0b7145e8-0123-42d6-a514-7f039382cfc5',	'nuevo',	'\"\"',	'\"\"'),
('8d7d340a-4b59-4951-854d-150a6394f8b4',	'r.0.0.0.0',	'{\"r\":[],\"r.0\":[{\"type\":\"file\",\"value\":\"9a12a6b0-70c9-11ec-b0b2-5987aba190e4.jpeg\",\"name\":\"Fichero Adjunto\"},{\"type\":\"file\",\"value\":\"13c13fe0-70ca-11ec-86f1-f9052043c55f.jpeg\",\"name\":\"Fichero Adjunto\"}],\"r.0.0\":[],\"r.0.0.0\":[]}',	1,	'2022-01-08 17:24:58',	'2022-01-08 19:52:01',	NULL,	'b842b04d-b9ba-470f-a449-b0cb00a21152',	'nuevo',	'\"\"',	'\"\"'),
('8f0553d4-405e-407e-bc04-9d3eb88bdc57',	'r.0.0',	'{\"r\":[],\"r.0\":[{\"type\":\"string\",\"value\":\"Comprar un producto\",\"name\":\"Decidi\\u00f3\"}]}',	0,	'2022-04-08 14:30:29',	'2022-04-08 14:54:05',	NULL,	'0b7145e8-0123-42d6-a514-7f039382cfc5',	'nuevo',	'\"\"',	'\"\"'),
('8f10c312-1208-4205-89e3-7423ba845527',	'r.0.0.0',	'{\"r\":[],\"r.0\":[{\"type\":\"string\",\"value\":\"Comprar un producto\",\"name\":\"Decidi\\u00f3\"}],\"r.0.0\":[]}',	1,	'2021-10-05 10:44:52',	'2021-10-06 08:56:36',	NULL,	'0b7145e8-0123-42d6-a514-7f039382cfc5',	'nuevo',	'\"\"',	'\"\"'),
('9742fd3d-970c-4f2d-afe2-7a562aef46c8',	'r.0.0.0.0.0',	'{\"r\":[],\"r.0\":[{\"type\":\"file\",\"value\":\"b0817e40-25ea-11ec-8545-e33afd3dc5c3.png\",\"name\":\"Fichero Adjunto\"}],\"r.0.0\":[],\"r.0.0.0\":[],\"r.0.0.0.0\":[{\"type\":\"string\",\"value\":\"Comprar un producto\",\"name\":\"Decidi\\u00f3\"}]}',	1,	'2021-10-05 10:43:58',	'2021-10-06 08:56:39',	NULL,	'b842b04d-b9ba-470f-a449-b0cb00a21152',	'nuevo',	'\"\"',	'\"\"'),
('a4051c5b-7543-41d0-9fc1-e1e6731c44e3',	'r',	'{\"r\":[]}',	0,	'2021-08-23 11:34:16',	'2021-08-23 11:34:16',	NULL,	'31351eb9-7ec0-4165-9249-6901767ed371',	'nuevo',	'\"\"',	'asdasdasd asdasd hhh'),
('ad9f16a6-dc86-44e8-b590-30d375ffe428',	'r.0',	'{\"r\":[]}',	0,	'2022-01-08 19:54:50',	'2022-01-08 19:54:50',	NULL,	'b842b04d-b9ba-470f-a449-b0cb00a21152',	'nuevo',	'\"\"',	'\"\"'),
('ae4fd5fd-8f04-4a13-a1ae-c1d81d8874ad',	'r',	'{\"r\":[]}',	1,	'2021-08-24 15:29:32',	'2021-08-24 15:29:40',	NULL,	'31351eb9-7ec0-4165-9249-6901767ed371',	'nuevo',	'\"\"',	'fasdfged aergh wsret<div>&nbsp;qe3ytshth eryswthj e5yhj tju d</div><div>edtyj dytugjr6ujki rt7yiutr</div><div>&nbsp;fyktyrfiukj fydgkhmgjtdukjfyfhgcj</div><div>t dyujryfukj ryfuj}wakjhdfg erfgiuaeg rgferrgf erhgfihergfh earugth ieqargfieariufg ergfh ear</div><div>ae grhergheorhgt oeahro goieahrg eargaerdfgscfdeazdfhgfshgj dtfv</div>'),
('b626c389-d64f-4d88-bb96-62f7a5860341',	'r.0.0',	'{\"r\":[],\"r.0\":[{\"type\":\"file\",\"value\":\"2284c2c0-a863-11ec-81e0-a326d5dbc6d2.jpeg\",\"name\":\"Fichero Adjunto\"},{\"type\":\"file\",\"value\":\"2285dad0-a863-11ec-8652-a54d60b09c08.jpeg\",\"name\":\"Fichero Adjunto\"},{\"type\":\"file\",\"value\":\"22860710-a863-11ec-86e6-d308cef85b85.jpeg\",\"name\":\"Fichero Adjunto\"}]}',	0,	'2022-03-20 11:33:30',	'2022-03-20 11:33:47',	NULL,	'b842b04d-b9ba-470f-a449-b0cb00a21152',	'nuevo',	'\"\"',	'\"\"'),
('b6a55019-05c9-4ce1-acab-29282b8cc8cb',	'r.0.0',	'{\"r\":[],\"r.0\":[{\"type\":\"file\",\"value\":\"3bef9c60-0761-11ec-8274-6f57a6ed2495.png\",\"name\":\"Fichero Adjunto\"}]}',	1,	'2021-08-27 15:04:11',	'2021-10-25 09:51:58',	NULL,	'b842b04d-b9ba-470f-a449-b0cb00a21152',	'nuevo',	'\"\"',	'\"\"'),
('bb09d5f3-27cc-4c39-b170-0481fbf55b82',	'r.0.0.0',	'{\"r\":[],\"r.0\":[{\"type\":\"string\",\"value\":\"Comprar un producto\",\"name\":\"Decidi\\u00f3\"}],\"r.0.0\":[]}',	1,	'2021-07-19 11:40:03',	'2021-07-30 21:10:37',	NULL,	'0b7145e8-0123-42d6-a514-7f039382cfc5',	'procesado',	'[\"99e44440-f193-11eb-837b-2f6bdf48e250.jpeg\",\"aff07a10-f193-11eb-bb20-7ba2659b8393.png\"]',	'rtdfgh'),
('c0c9285e-d8de-410d-babd-259ba55900d1',	'r.0.0.0',	'{\"r\":[],\"r.0\":[{\"type\":\"string\",\"value\":\"Comprar un producto\",\"name\":\"Decidi\\u00f3\"}],\"r.0.0\":[]}',	0,	'2021-12-24 11:59:56',	'2021-12-24 12:00:02',	NULL,	'0b7145e8-0123-42d6-a514-7f039382cfc5',	'nuevo',	'\"\"',	'\"\"'),
('cde99307-bd33-489d-84b1-66942d526af3',	'r.0.0',	'{\"r\":[],\"r.0\":[{\"type\":\"file\",\"value\":\"e3341df0-70dd-11ec-9605-93344eef6120.jpeg\",\"name\":\"Fichero Adjunto\"},{\"type\":\"file\",\"value\":\"e3351140-70dd-11ec-a122-3f0e6fb18467.jpeg\",\"name\":\"Fichero Adjunto\"},{\"type\":\"file\",\"value\":\"e33540c0-70dd-11ec-9695-3327eaac707c.jpeg\",\"name\":\"Fichero Adjunto\"}]}',	1,	'2022-01-08 19:49:18',	'2022-01-08 19:51:43',	NULL,	'b842b04d-b9ba-470f-a449-b0cb00a21152',	'nuevo',	'\"\"',	'\"\"'),
('d14c2a6c-e70c-4d54-b60b-570a70cf6be1',	'r.0.0.0',	'{\"r\":[],\"r.0\":[{\"type\":\"string\",\"value\":\"Comprar un producto\",\"name\":\"Decidi\\u00f3\"}],\"r.0.0\":[]}',	0,	'2021-12-24 08:05:39',	'2021-12-24 08:05:43',	NULL,	'0b7145e8-0123-42d6-a514-7f039382cfc5',	'nuevo',	'\"\"',	'\"\"'),
('d463a0e3-049e-4059-8416-a7783d60b407',	'r.0.0.0',	'{\"r\":[],\"r.0\":[{\"type\":\"string\",\"value\":\"Comprar un producto\",\"name\":\"Decidi\\u00f3\"}],\"r.0.0\":[]}',	0,	'2022-03-22 10:41:19',	'2022-03-29 17:34:58',	NULL,	'0b7145e8-0123-42d6-a514-7f039382cfc5',	'nuevo',	'\"\"',	'\"\"'),
('d7ccdc3f-1a26-47ce-a23b-bde3687acee1',	'r.0.0.0',	'{\"r\":[],\"r.0\":[{\"type\":\"string\",\"value\":\"Comprar un producto\",\"name\":\"Decidi\\u00f3\"}],\"r.0.0\":[]}',	1,	'2021-09-06 13:40:58',	'2021-10-05 09:29:48',	NULL,	'0b7145e8-0123-42d6-a514-7f039382cfc5',	'nuevo',	'\"\"',	'\"\"'),
('ddc3ec9f-a747-455a-a35b-92e681cac7d2',	'r.0',	'{\"r\":[]}',	0,	'2022-03-22 10:41:31',	'2022-03-22 10:41:31',	NULL,	'69467c72-3bd5-410f-bd9c-bc275dd5157d',	'nuevo',	'\"\"',	'\"\"'),
('e7a1e5e1-af68-49c9-9a9f-e63416585ddc',	'r.0.0',	'{\"r\":[],\"r.0\":[]}',	0,	'2022-03-22 10:49:52',	'2022-03-22 10:50:02',	NULL,	'69467c72-3bd5-410f-bd9c-bc275dd5157d',	'nuevo',	'\"\"',	'\"\"'),
('e7f62df8-c7bd-4b79-b18a-c4de762c29d0',	'r.0.0.0',	'{\"r\":[],\"r.0\":[{\"type\":\"string\",\"value\":\"Comprar un producto\",\"name\":\"Decidi\\u00f3\"}],\"r.0.0\":[]}',	0,	'2022-01-08 17:20:58',	'2022-01-08 17:22:20',	NULL,	'0b7145e8-0123-42d6-a514-7f039382cfc5',	'nuevo',	'\"\"',	'\"\"'),
('f1ef9ecb-0750-464e-b60e-77dbc77f9ea2',	'r.0.0.0',	'{\"r\":[],\"r.0\":[{\"type\":\"string\",\"value\":\"Comprar un producto\",\"name\":\"Decidi\\u00f3\"}],\"r.0.0\":[{\"type\":\"string\",\"value\":\"Comprar un producto\",\"url\":\"https:\\/\\/www.mercadolibre.com.ar\\/gz\\/cart\\/item\\/added?ids=MLA824974106&context=pdp&quantity=1\",\"name\":\"Decidi\\u00f3\"}]}',	1,	'2021-09-01 17:29:49',	'2021-10-05 09:29:53',	NULL,	'0b7145e8-0123-42d6-a514-7f039382cfc5',	'nuevo',	'\"\"',	'\"\"');

CREATE TABLE `client_presentation_sequences` (
  `id` char(36) COLLATE utf8mb4_unicode_ci NOT NULL,
  `name` varchar(191) COLLATE utf8mb4_unicode_ci NOT NULL,
  `sequenceTree` text COLLATE utf8mb4_unicode_ci DEFAULT NULL,
  `public` tinyint(1) NOT NULL DEFAULT 0,
  `created_at` timestamp NULL DEFAULT NULL,
  `updated_at` timestamp NULL DEFAULT NULL,
  `deleted_at` timestamp NULL DEFAULT NULL,
  PRIMARY KEY (`id`)
) ENGINE=InnoDB DEFAULT CHARSET=utf8mb4 COLLATE=utf8mb4_unicode_ci;

INSERT INTO `client_presentation_sequences` (`id`, `name`, `sequenceTree`, `public`, `created_at`, `updated_at`, `deleted_at`) VALUES
('0b7145e8-0123-42d6-a514-7f039382cfc5',	'Nueva',	'{\"viewId\":\"e9c26457-24fb-4fa4-b2ae-05d885b79cc2\",\"key\":\"r\",\"children\":[{\"viewId\":\"43937b22-0cc0-407f-b5a6-0f2a36d0dc6c\",\"key\":\"r.0\",\"children\":[{\"viewId\":\"5539774e-e178-4846-ab14-5ed747a38532\",\"key\":\"r.0.0\",\"children\":[{\"viewId\":\"862302ef-3fd9-401f-9bf4-01827a49b561\",\"key\":\"r.0.0.0\",\"children\":[]}]}]}]}',	1,	'2021-07-16 13:10:43',	'2022-03-22 09:16:13',	NULL),
('31351eb9-7ec0-4165-9249-6901767ed371',	'Manual',	NULL,	0,	'2021-08-23 12:17:13',	'2021-09-02 18:50:35',	'2021-07-26 09:46:26'),
('69467c72-3bd5-410f-bd9c-bc275dd5157d',	'vistas',	'{\"viewId\":\"e9c26457-24fb-4fa4-b2ae-05d885b79cc2\",\"key\":\"r\",\"children\":[{\"viewId\":\"1abd5a2d-1256-4d09-8d4e-3c3f13da5697\",\"key\":\"r.0\",\"children\":[{\"viewId\":\"1abd5a2d-1256-4d09-8d4e-3c3f13da5697\",\"key\":\"r.0.0\",\"children\":[{\"viewId\":\"1abd5a2d-1256-4d09-8d4e-3c3f13da5697\",\"key\":\"r.0.0.0\",\"children\":[]}]}]}]}',	1,	'2022-03-15 09:12:48',	'2022-04-13 07:28:54',	NULL),
('b842b04d-b9ba-470f-a449-b0cb00a21152',	'ww',	'{\"viewId\":\"e9c26457-24fb-4fa4-b2ae-05d885b79cc2\",\"key\":\"r\",\"children\":[{\"viewId\":\"7d995b68-0683-4d0f-90f7-7bbc655c502c\",\"key\":\"r.0\",\"children\":[{\"viewId\":\"862302ef-3fd9-401f-9bf4-01827a49b561\",\"key\":\"r.0.0\",\"children\":[]}]}]}',	1,	'2021-07-30 21:13:17',	'2022-01-08 19:48:45',	NULL),
('b8e7ed43-5571-40f9-b4a9-1f407c362681',	'de',	'{\"viewId\":\"862302ef-3fd9-401f-9bf4-01827a49b561\",\"key\":\"r\",\"children\":[]}',	1,	'2021-12-29 10:23:15',	'2021-12-29 10:23:17',	NULL);

CREATE TABLE `client_presentation_templates` (
  `id` int(10) unsigned NOT NULL AUTO_INCREMENT,
  `name` varchar(191) COLLATE utf8mb4_unicode_ci NOT NULL,
  `fields` text COLLATE utf8mb4_unicode_ci NOT NULL,
  `inputsFields` text COLLATE utf8mb4_unicode_ci NOT NULL,
  `created_at` timestamp NULL DEFAULT NULL,
  `updated_at` timestamp NULL DEFAULT NULL,
  `deleted_at` timestamp NULL DEFAULT NULL,
  PRIMARY KEY (`id`)
) ENGINE=InnoDB DEFAULT CHARSET=utf8mb4 COLLATE=utf8mb4_unicode_ci;

INSERT INTO `client_presentation_templates` (`id`, `name`, `fields`, `inputsFields`, `created_at`, `updated_at`, `deleted_at`) VALUES
(1,	'Plantilla uno',	'{\"backGround\":{\"type\":\"file\",\"value\":\"images\\/templates\\/img1.jpg\",\"templateUrl\":true,\"name\":\"Imagen de fondo\"},\"texto\":{\"type\":\"text\",\"value\":\"Hola! ,Espero est\\u00e9s muy bien! Me presento  soy ML, el Sistema que nos va a ayudar a  recopilar la informaci\\u00f3n que necesitamos parapoder realizar tu presupuesto\",\"name\":\"Texto Principal\"}}',	'[]',	'2021-07-15 18:30:17',	'2021-09-02 18:50:35',	NULL),
(2,	'Plantilla dos',	'{\"backGround\":{\"type\":\"file\",\"value\":\"images\\/templates\\/img1.jpg\",\"templateUrl\":true,\"name\":\"Imagen de fondo\"},\"texto\":{\"type\":\"text\",\"value\":\"Le estamos agradecidos por solicitar nuestros servicios. Introduzca el motivo de su visita.\",\"name\":\"Texto Principal\"},\"label\":{\"type\":\"string\",\"value\":\"Motivo de su visita\",\"name\":\"Etiqueta del cuadro de texto\"}}',	'[]',	'2021-07-15 18:30:17',	'2021-09-02 18:50:35',	NULL),
(3,	'Plantilla tres',	'{\"backGround\":{\"type\":\"file\",\"value\":\"images\\/templates\\/img1.jpg\",\"templateUrl\":true,\"name\":\"Imagen de fondo\"},\"texto\":{\"type\":\"text\",\"value\":\"Adjunte los archivos que crea necesario para su pedido.\",\"name\":\"Texto Principal\"},\"label\":{\"type\":\"string\",\"value\":\"Adjunte los archivos.\",\"name\":\"Etiqueta del cuadro de texto\"}}',	'[]',	'2021-07-15 18:30:17',	'2021-09-02 18:50:35',	NULL),
(4,	'Plantilla cuatro',	'{\"backGround\":{\"type\":\"file\",\"value\":\"images\\/templates\\/img1.jpg\",\"templateUrl\":true,\"name\":\"Imagen de fondo\"},\"texto\":{\"type\":\"text\",\"value\":\"Adjunte los archivos que crea necesario para su pedido.\",\"name\":\"Texto Principal\"},\"linkNumber\":{\"type\":\"numberLink\",\"value\":\"4\",\"name\":\"Cantidad de botones\"},\"btn1\":{\"type\":\"string\",\"value\":\"Comprar un producto\",\"name\":\"Etiqueta de ruta 1\"},\"btn2\":{\"type\":\"string\",\"value\":\"Reparar producto\",\"name\":\"Etiqueta de ruta 2\"},\"btn3\":{\"type\":\"string\",\"value\":\"Hacer una pregunta\",\"name\":\"Etiqueta de ruta 3\"},\"btn4\":{\"type\":\"string\",\"value\":\"Producto a la medida\",\"name\":\"Etiqueta de ruta 4\"}}',	'[]',	'2021-07-15 18:30:17',	'2021-09-02 18:50:35',	NULL),
(5,	'Plantilla cinco',	'{\"backGround\":{\"type\":\"file\",\"value\":\"images\\/templates\\/img1.jpg\",\"templateUrl\":true,\"name\":\"Imagen de fondo\"},\"texto\":{\"type\":\"text\",\"value\":\"Adjunte los archivos que crea necesario para su pedido.\",\"name\":\"Texto Principal\"},\"label1\":{\"type\":\"string\",\"value\":\"Nombre\",\"name\":\"Etiqueta 1\"},\"help1\":{\"type\":\"string\",\"value\":\"Introdusca su nombre completo\",\"name\":\"Texto de ayuda 1\"},\"label2\":{\"type\":\"string\",\"value\":\"Direci\\u00f3n\",\"name\":\"Etiqueta 2\"},\"help2\":{\"type\":\"string\",\"value\":\"Introduca direci\\u00f3n donde recide\",\"name\":\"Texto de ayuda 2\"},\"label3\":{\"type\":\"string\",\"value\":\"Tel\\u00e9fono\",\"name\":\"Etiqueta 3\"},\"help3\":{\"type\":\"string\",\"value\":\"Introduca su tel\\u00e9fono\",\"name\":\"Texto de ayuda 3\"}}',	'[]',	'2021-07-15 18:30:17',	'2021-09-02 18:50:35',	NULL),
(6,	'Plantilla seis',	'{\"backGround\":{\"type\":\"file\",\"value\":\"images\\/templates\\/img1.jpg\",\"templateUrl\":true,\"name\":\"Imagen de fondo\"},\"texto\":{\"type\":\"text\",\"value\":\"Tome fotos para una mejor experiencia\",\"name\":\"Texto Principal\"}}',	'[]',	'2021-07-15 18:30:17',	'2021-09-02 18:50:35',	NULL),
(7,	'Plantilla siete',	'{\"backGround\":{\"type\":\"file\",\"value\":\"images\\/templates\\/img1.jpg\",\"templateUrl\":true,\"name\":\"Imagen de fondo\"},\"texto\":{\"type\":\"text\",\"value\":\"Adjunte los archivos que crea necesario para su pedido.\",\"name\":\"Texto Principal\"},\"linkUrlNumber\":{\"type\":\"numberLink\",\"value\":\"4\",\"name\":\"Cantidad de botones\"},\"btn1\":{\"type\":\"string\",\"value\":\"Comprar un producto\",\"name\":\"Etiqueta de ruta 1\"},\"btn2\":{\"type\":\"string\",\"value\":\"Reparar producto\",\"name\":\"Etiqueta de ruta 2\"},\"btn3\":{\"type\":\"string\",\"value\":\"Hacer una pregunta\",\"name\":\"Etiqueta de ruta 3\"},\"btn4\":{\"type\":\"string\",\"value\":\"Producto a la medida\",\"name\":\"Etiqueta de ruta 4\"},\"btn1Url\":{\"type\":\"string\",\"value\":\"#\",\"name\":\"Url 1\"},\"btn2Url\":{\"type\":\"string\",\"value\":\"#\",\"name\":\"Url 2\"},\"btn3Url\":{\"type\":\"string\",\"value\":\"#\",\"name\":\"Url 3\"},\"btn4Url\":{\"type\":\"string\",\"value\":\"#\",\"name\":\"Url 4\"}}',	'[]',	'2021-09-01 11:27:37',	'2021-09-02 18:50:35',	NULL),
(8,	'Plantilla ocho',	'{\"images\":{\"type\":\"typeMultiFileAndText\",\"value\":[{\"url\":\"https:\\/\\/cdn.pixabay.com\\/photo\\/2015\\/12\\/12\\/15\\/24\\/amsterdam-1089646_1280.jpg\",\"text\":\"Texto de esplicacion de la imagen que se muestra arriba.\",\"templateUrl\":false},{\"url\":\"https:\\/\\/cdn.pixabay.com\\/photo\\/2016\\/02\\/17\\/23\\/03\\/usa-1206240_1280.jpg\",\"text\":\"Texto de esplicacion de la imagen que se muestra arriba. Texto de esplicacion de la imagen que se muestra arriba.\",\"templateUrl\":false},{\"url\":\"https:\\/\\/cdn.pixabay.com\\/photo\\/2015\\/05\\/15\\/14\\/27\\/eiffel-tower-768501_1280.jpg\",\"text\":null,\"templateUrl\":false}],\"name\":\"Imagenes y textos\"}}',	'[]',	'2021-09-02 18:50:35',	'2021-09-02 18:50:35',	NULL);

CREATE TABLE `client_presentation_views` (
  `id` char(36) COLLATE utf8mb4_unicode_ci NOT NULL,
  `name` varchar(191) COLLATE utf8mb4_unicode_ci NOT NULL,
  `fieldsValues` text COLLATE utf8mb4_unicode_ci NOT NULL,
  `created_at` timestamp NULL DEFAULT NULL,
  `updated_at` timestamp NULL DEFAULT NULL,
  `deleted_at` timestamp NULL DEFAULT NULL,
  `template_id` int(10) unsigned NOT NULL,
  PRIMARY KEY (`id`),
  KEY `client_presentation_templates_fk` (`template_id`),
  CONSTRAINT `client_presentation_templates_fk` FOREIGN KEY (`template_id`) REFERENCES `client_presentation_templates` (`id`)
) ENGINE=InnoDB DEFAULT CHARSET=utf8mb4 COLLATE=utf8mb4_unicode_ci;

INSERT INTO `client_presentation_views` (`id`, `name`, `fieldsValues`, `created_at`, `updated_at`, `deleted_at`, `template_id`) VALUES
('1abd5a2d-1256-4d09-8d4e-3c3f13da5697',	'imagenes camas',	'{\"images\":{\"type\":\"typeMultiFileAndText\",\"value\":[{\"url\":\"72839080-a459-11ec-a0f3-6181d1237ed9.png\",\"text\":\"swqdsw\",\"templateUrl\":false},{\"url\":\"72852c90-a459-11ec-80ce-bd4d0f275fda.png\",\"text\":\"wedwe\",\"templateUrl\":false},{\"url\":\"72856760-a459-11ec-9317-dde139129724.png\",\"text\":\"34343\",\"templateUrl\":false}],\"name\":\"Imagenes y textos\"}}',	'2022-03-15 08:14:22',	'2022-03-15 08:14:22',	NULL,	8),
('21056634-8d62-456c-9a2b-59a3dbb827f9',	'aaaa',	'{\"backGround\":{\"type\":\"file\",\"value\":\"images\\/templates\\/img1.jpg\",\"templateUrl\":true,\"name\":\"Imagen de fondo\"},\"texto\":{\"type\":\"text\",\"value\":\"Hola! ,Espero est\\u00e9s muy bien! Me presento  soy ML, el Sistema que nos va a ayudar a  recopilar la informaci\\u00f3n que necesitamos parapoder realizar tu presupuesto\",\"name\":\"Texto Principal\"}}',	'2021-07-16 12:48:25',	'2021-07-16 12:48:32',	'2021-07-16 12:48:32',	1),
('40f907e5-497b-48c9-b7b2-f582fdd47865',	'prueba de dependencias',	'{\"backGround\":{\"type\":\"file\",\"value\":\"images\\/templates\\/img1.jpg\",\"templateUrl\":true,\"name\":\"Imagen de fondo\"},\"texto\":{\"type\":\"text\",\"value\":\"esto es una prueba por favor ignore este mensaje\",\"name\":\"Texto Principal\"},\"label\":{\"type\":\"string\",\"value\":\"Motivo de su visita\",\"name\":\"Etiqueta del cuadro de texto\"}}',	'2021-07-23 16:05:55',	'2021-07-23 16:05:55',	NULL,	2),
('43937b22-0cc0-407f-b5a6-0f2a36d0dc6c',	'que producto',	'{\"backGround\":{\"type\":\"file\",\"value\":\"b3579df0-e8dd-11eb-852c-45353a6c8c3b.jpeg\",\"templateUrl\":false,\"name\":\"Imagen de fondo\"},\"texto\":{\"type\":\"text\",\"value\":\"Adjunte los archivos que crea necesario para su pedido.\",\"name\":\"Texto Principal\"},\"linkNumber\":{\"type\":\"numberLink\",\"value\":\"4\",\"name\":\"Cantidad de botones\"},\"btn1\":{\"type\":\"string\",\"value\":\"Comprar un producto\",\"name\":\"Etiqueta de ruta 1\"},\"btn2\":{\"type\":\"string\",\"value\":\"Reparar producto\",\"name\":\"Etiqueta de ruta 2\"},\"btn3\":{\"type\":\"string\",\"value\":\"Hacer una pregunta\",\"name\":\"Etiqueta de ruta 3\"},\"btn4\":{\"type\":\"string\",\"value\":\"Producto a la medida\",\"name\":\"Etiqueta de ruta 4\"}}',	'2021-07-16 13:11:47',	'2021-07-19 19:07:26',	NULL,	4),
('5539774e-e178-4846-ab14-5ed747a38532',	'dwqefrar aerhfj sw',	'{\"images\":{\"type\":\"typeMultiFileAndText\",\"value\":[{\"url\":\"https:\\/\\/cdn.pixabay.com\\/photo\\/2015\\/12\\/12\\/15\\/24\\/amsterdam-1089646_1280.jpg\",\"text\":\"Texto de esplicacion de la imagen que se muestra arriba.\",\"templateUrl\":false},{\"url\":\"https:\\/\\/cdn.pixabay.com\\/photo\\/2016\\/02\\/17\\/23\\/03\\/usa-1206240_1280.jpg\",\"text\":\"Texto de esplicacion de la imagen que se muestra arriba. Texto de esplicacion de la imagen que se muestra arriba.\",\"templateUrl\":false},{\"url\":\"https:\\/\\/cdn.pixabay.com\\/photo\\/2015\\/05\\/15\\/14\\/27\\/eiffel-tower-768501_1280.jpg\",\"text\":\"Geferf\",\"templateUrl\":false}],\"name\":\"Imagenes y textos\"}}',	'2021-09-03 16:46:34',	'2021-09-03 16:46:34',	NULL,	8),
('6df7632e-5bfb-4b57-a56e-04e7a8ccf191',	'Vista prueba',	'{\"backGround\":{\"type\":\"file\",\"value\":\"images\\/templates\\/img1.jpg\",\"templateUrl\":true,\"name\":\"Imagen de fondo\"},\"texto\":{\"type\":\"text\",\"value\":\"Hola! ,Espero est\\u00e9s muy bien! Me presento  soy ML, el Sistema que nos va a ayudar a  recopilar la informaci\\u00f3n que necesitamos parapoder realizar tu presupuesto\",\"name\":\"Texto Principal\"}}',	'2021-07-19 14:11:15',	'2021-07-19 14:11:15',	NULL,	1),
('7d995b68-0683-4d0f-90f7-7bbc655c502c',	'archivos',	'{\"backGround\":{\"type\":\"file\",\"value\":\"images\\/templates\\/img1.jpg\",\"templateUrl\":true,\"name\":\"Imagen de fondo\"},\"texto\":{\"type\":\"text\",\"value\":\"Adjunte los archivos que crea necesario para su pedido.\",\"name\":\"Texto Principal\"},\"label\":{\"type\":\"string\",\"value\":\"Adjunte los archivos.\",\"name\":\"Etiqueta del cuadro de texto\"}}',	'2021-07-19 11:39:28',	'2021-07-19 11:39:28',	NULL,	3),
('7dd60005-400d-49c0-a08c-ec75190d25b4',	'aRCHIVOS',	'{\"backGround\":{\"type\":\"file\",\"value\":\"images\\/templates\\/img1.jpg\",\"templateUrl\":true,\"name\":\"Imagen de fondo\"},\"texto\":{\"type\":\"text\",\"value\":\"Adjunte los archivos que crea necesario para su pedido.\",\"name\":\"Texto Principal\"},\"label\":{\"type\":\"string\",\"value\":\"Adjunte los archivos.\",\"name\":\"Etiqueta del cuadro de texto\"}}',	'2022-01-08 19:48:14',	'2022-01-08 19:48:14',	NULL,	3),
('862302ef-3fd9-401f-9bf4-01827a49b561',	'prueba de links',	'{\"backGround\":{\"type\":\"file\",\"value\":\"images\\/templates\\/img1.jpg\",\"templateUrl\":true,\"name\":\"Imagen de fondo\"},\"texto\":{\"type\":\"text\",\"value\":\"Adjunte los archivos que crea necesario para su pedido.\",\"name\":\"Texto Principal\"},\"linkUrlNumber\":{\"type\":\"numberLink\",\"value\":\"3\",\"name\":\"Cantidad de botones\"},\"btn1\":{\"type\":\"string\",\"value\":\"Comprar un producto\",\"name\":\"Etiqueta de ruta 1\"},\"btn2\":{\"type\":\"string\",\"value\":\"Reparar producto\",\"name\":\"Etiqueta de ruta 2\"},\"btn3\":{\"type\":\"string\",\"value\":\"Hacer una pregunta\",\"name\":\"Etiqueta de ruta 3\"},\"btn4\":{\"type\":\"string\",\"value\":\"Producto a la medida\",\"name\":\"Etiqueta de ruta 4\"},\"btn1Url\":{\"type\":\"string\",\"value\":\"https:\\/\\/www.mercadolibre.com.ar\\/gz\\/cart\\/item\\/added?ids=MLA824974106&context=pdp&quantity=1\",\"name\":\"Url 1\"},\"btn2Url\":{\"type\":\"string\",\"value\":\"https:\\/\\/listado.mercadolibre.com.ar\\/tb-6600_OrderId_PRICE\",\"name\":\"Url 2\"},\"btn3Url\":{\"type\":\"string\",\"value\":\"https:\\/\\/articulo.mercadolibre.com.ar\\/MLA-930757268-driver-modular-tb6600-4a-motor-paso-a-paso-42v-arduino-_JM#position=6&search_layout=stack&type=item&tracking_id=370385c0-5621-4a9b-844c-644e3cf188f6\",\"name\":\"Url 3\"},\"btn4Url\":{\"type\":\"string\",\"value\":null,\"name\":\"Url 4\"}}',	'2021-09-01 17:28:42',	'2021-09-01 17:28:42',	NULL,	7),
('c79722dc-1088-4cd2-8d0c-63736619205e',	'test1',	'{\"backGround\":{\"type\":\"file\",\"value\":\"images\\/templates\\/img1.jpg\",\"templateUrl\":true,\"name\":\"Imagen de fondo\"},\"texto\":{\"type\":\"text\",\"value\":\"Hola! ,Espero est\\u00e9s muy bien! Me presento  soy ML, el Sistema que nos va a ayudar a  recopilar la informaci\\u00f3n que necesitamos parapoder realizar tu presupuesto\",\"name\":\"Texto Principal\"}}',	'2021-07-19 14:12:42',	'2021-07-19 14:12:42',	NULL,	1),
('dbdc1892-a94f-4c7a-b3ad-8b232ff126dc',	'Viata 1',	'{\"backGround\":{\"type\":\"file\",\"value\":\"images\\/templates\\/img1.jpg\",\"templateUrl\":true,\"name\":\"Imagen de fondo\"},\"texto\":{\"type\":\"text\",\"value\":\"Hola! ,Espero est\\u00e9s muy bien! Me presento  soy ML, el Sistema que nos va a ayudar a  recopilar la informaci\\u00f3n que necesitamos parapoder realizar tu presupuesto\",\"name\":\"Texto Principal\"}}',	'2021-07-16 12:49:37',	'2021-07-16 12:50:10',	'2021-07-16 12:50:10',	1),
('e7aa2321-abcb-47d6-b710-3972a6d665c8',	'yyy',	'{\"backGround\":{\"type\":\"file\",\"value\":\"images\\/templates\\/img1.jpg\",\"templateUrl\":true,\"name\":\"Imagen de fondo\"},\"texto\":{\"type\":\"text\",\"value\":\"Le estamos agradecidos por solicitar nuestros servicios. Introduzca el motivo de su visita.\",\"name\":\"Texto Principal\"},\"label\":{\"type\":\"string\",\"value\":\"Motivo de su visita\",\"name\":\"Etiqueta del cuadro de texto\"}}',	'2021-07-22 10:08:21',	'2021-07-22 10:08:21',	NULL,	2),
('e9c26457-24fb-4fa4-b2ae-05d885b79cc2',	'inicio',	'{\"backGround\":{\"type\":\"file\",\"value\":\"images\\/templates\\/img1.jpg\",\"templateUrl\":true,\"name\":\"Imagen de fondo\"},\"texto\":{\"type\":\"text\",\"value\":\"Hola! ,Espero est\\u00e9s muy bien! Me presento  soy ML, el Sistema que nos va a ayudar a  recopilar la informaci\\u00f3n que necesitamos para poder realizar tu presupuesto\",\"name\":\"Texto Principal\"}}',	'2021-07-16 13:10:13',	'2021-07-16 13:10:13',	NULL,	1);

CREATE TABLE `configuraciones` (
  `id` int(10) unsigned NOT NULL AUTO_INCREMENT,
  `nombre` varchar(191) COLLATE utf8mb4_unicode_ci NOT NULL,
  `tipo_configuracion_id` int(10) unsigned NOT NULL,
  `elementos` longtext COLLATE utf8mb4_unicode_ci NOT NULL,
  `created_at` timestamp NULL DEFAULT NULL,
  `updated_at` timestamp NULL DEFAULT NULL,
  PRIMARY KEY (`id`),
  KEY `configuraciones_tipo_configuracion_id_foreign` (`tipo_configuracion_id`),
  CONSTRAINT `configuraciones_tipo_configuracion_id_foreign` FOREIGN KEY (`tipo_configuracion_id`) REFERENCES `tipos_configuraciones` (`id`) ON DELETE NO ACTION ON UPDATE CASCADE
) ENGINE=InnoDB DEFAULT CHARSET=utf8mb4 COLLATE=utf8mb4_unicode_ci;


CREATE TABLE `configuraciones_mensuales` (
  `id` int(10) NOT NULL AUTO_INCREMENT,
  `anio` int(10) NOT NULL,
  `mes` int(10) NOT NULL,
  `usuario_id` int(10) unsigned NOT NULL,
  `rango_id` int(11) DEFAULT NULL,
  `valor_x_hora` float(8,2) NOT NULL DEFAULT 0.00,
  `hora_extra` float(8,2) NOT NULL DEFAULT 0.00,
  `sabado_ingles` float(8,2) NOT NULL DEFAULT 0.00,
  `valor_plus_mes` float(8,2) NOT NULL DEFAULT 0.00,
  `remu_plus_mes` int(11) DEFAULT NULL,
  `valor_plus` float(8,2) NOT NULL DEFAULT 0.00,
  `descuento` float(8,2) NOT NULL DEFAULT 0.00,
  `remu_descuento` int(11) DEFAULT NULL,
  `presentismo` float(8,2) NOT NULL DEFAULT 0.00,
  `forzar_presentismo` int(10) NOT NULL DEFAULT 0,
  `forzar_presentismo_porcentaje` float(8,2) NOT NULL DEFAULT 0.00,
  `sistema_horario` int(10) NOT NULL DEFAULT 0,
  `antiguedad` float(8,2) NOT NULL DEFAULT 0.00,
  `status` int(10) NOT NULL DEFAULT 0,
  `jubilacion` float(8,2) DEFAULT NULL,
  `innslp` float(8,2) DEFAULT NULL,
  `obra_social` float(8,2) DEFAULT NULL,
  `sindicato` float(8,2) DEFAULT NULL,
  `seguro_vida` float(8,2) DEFAULT NULL,
  `asignacion_extraordinaria` float(8,2) DEFAULT NULL,
  `suma_no_remunerativa` decimal(8,2) DEFAULT NULL,
  `timestamps` timestamp NOT NULL DEFAULT current_timestamp() ON UPDATE current_timestamp(),
  `created_at` timestamp NOT NULL DEFAULT '0000-00-00 00:00:00',
  `updated_at` timestamp NOT NULL DEFAULT '0000-00-00 00:00:00',
  PRIMARY KEY (`id`)
) ENGINE=InnoDB DEFAULT CHARSET=utf8;

INSERT INTO `configuraciones_mensuales` (`id`, `anio`, `mes`, `usuario_id`, `rango_id`, `valor_x_hora`, `hora_extra`, `sabado_ingles`, `valor_plus_mes`, `remu_plus_mes`, `valor_plus`, `descuento`, `remu_descuento`, `presentismo`, `forzar_presentismo`, `forzar_presentismo_porcentaje`, `sistema_horario`, `antiguedad`, `status`, `jubilacion`, `innslp`, `obra_social`, `sindicato`, `seguro_vida`, `asignacion_extraordinaria`, `suma_no_remunerativa`, `timestamps`, `created_at`, `updated_at`) VALUES
(1,	2021,	5,	48,	0,	100.00,	1.00,	0.00,	100.00,	1,	10.00,	0.00,	1,	1.00,	0,	0.00,	0,	0.00,	0,	NULL,	NULL,	NULL,	NULL,	NULL,	NULL,	NULL,	'2022-03-14 15:14:36',	'2021-05-31 21:12:59',	'2021-05-31 21:13:07'),
(2,	2021,	6,	11,	0,	500.22,	50.00,	100.00,	200.00,	1,	4000.00,	0.00,	1,	0.00,	0,	0.00,	0,	10.00,	0,	NULL,	NULL,	NULL,	NULL,	NULL,	NULL,	NULL,	'2022-03-14 15:14:36',	'2021-06-01 11:21:42',	'2021-07-05 17:17:07'),
(3,	2021,	5,	11,	0,	200.00,	50.00,	100.00,	5400.00,	1,	200.00,	0.00,	1,	0.00,	0,	0.00,	0,	0.00,	0,	NULL,	NULL,	NULL,	NULL,	NULL,	NULL,	NULL,	'2022-03-14 15:14:36',	'2021-06-01 11:31:57',	'2021-06-01 11:31:57'),
(4,	2021,	4,	11,	0,	211.00,	50.00,	100.00,	0.00,	1,	100.00,	0.00,	1,	0.00,	1,	10.00,	0,	10.00,	1,	NULL,	NULL,	NULL,	NULL,	NULL,	NULL,	NULL,	'2022-03-14 15:14:36',	'2021-06-01 22:17:50',	'2021-06-05 16:07:45'),
(5,	2021,	3,	29,	0,	200.00,	0.00,	0.00,	0.00,	1,	0.00,	0.00,	1,	0.00,	0,	0.00,	0,	0.00,	0,	NULL,	NULL,	NULL,	NULL,	NULL,	NULL,	NULL,	'2022-03-14 15:14:36',	'2021-06-01 22:35:14',	'2021-06-01 22:35:14'),
(6,	2021,	3,	13,	0,	211.00,	50.00,	100.00,	0.00,	1,	0.00,	0.00,	1,	8.00,	0,	0.00,	0,	1.00,	0,	NULL,	NULL,	NULL,	NULL,	NULL,	NULL,	NULL,	'2022-03-14 15:14:36',	'2021-06-04 08:57:24',	'2021-06-04 08:57:24'),
(7,	2021,	6,	29,	0,	0.00,	50.00,	100.00,	200.00,	1,	5000.00,	0.00,	1,	10.00,	0,	0.00,	0,	0.00,	1,	NULL,	NULL,	NULL,	NULL,	NULL,	NULL,	NULL,	'2022-03-14 15:14:36',	'2021-06-05 12:48:32',	'2021-06-05 16:06:26'),
(8,	2021,	7,	11,	0,	215.55,	50.00,	100.00,	200.00,	1,	200.00,	0.00,	1,	0.00,	0,	0.00,	0,	10.00,	0,	NULL,	NULL,	NULL,	NULL,	NULL,	NULL,	NULL,	'2022-03-14 15:14:36',	'2021-07-03 12:58:48',	'2021-07-05 17:16:47'),
(9,	2022,	2,	11,	1,	160.00,	2.00,	0.00,	0.00,	1,	200.00,	0.00,	1,	0.00,	0,	0.00,	0,	0.00,	0,	11.00,	3.00,	3.00,	3.00,	1.50,	0.00,	0.01,	'2022-03-16 11:19:46',	'2022-02-16 19:24:44',	'2022-03-16 07:19:46'),
(10,	2022,	1,	11,	3,	164.00,	0.00,	0.00,	0.00,	1,	200.00,	0.00,	1,	0.00,	0,	0.00,	0,	0.00,	1,	NULL,	NULL,	NULL,	NULL,	NULL,	NULL,	NULL,	'2022-03-14 15:14:36',	'2022-02-16 21:12:59',	'2022-02-17 14:28:11'),
(11,	2022,	1,	29,	3,	164.00,	55.00,	100.00,	0.00,	1,	0.00,	0.00,	1,	0.00,	0,	0.00,	0,	0.00,	0,	NULL,	NULL,	NULL,	NULL,	NULL,	NULL,	NULL,	'2022-03-14 15:14:36',	'2022-02-17 13:00:17',	'2022-02-17 14:33:12'),
(12,	2022,	5,	11,	1,	160.00,	5.00,	0.00,	0.00,	1,	200.00,	0.00,	1,	0.00,	0,	0.00,	0,	0.00,	0,	NULL,	NULL,	NULL,	NULL,	NULL,	NULL,	NULL,	'2022-03-14 15:14:36',	'2022-02-17 14:37:18',	'2022-02-17 14:37:18'),
(13,	2022,	2,	12,	1,	160.00,	0.00,	0.00,	0.00,	1,	0.00,	0.00,	1,	0.00,	0,	0.00,	0,	0.00,	0,	NULL,	NULL,	NULL,	NULL,	NULL,	NULL,	NULL,	'2022-03-14 15:14:36',	'2022-02-20 19:21:52',	'2022-02-20 19:21:52'),
(14,	2022,	2,	29,	1,	160.00,	54.00,	99.00,	0.00,	1,	0.00,	0.00,	1,	0.00,	0,	0.00,	0,	2.00,	0,	11.00,	3.00,	3.00,	3.00,	1.50,	0.00,	0.01,	'2022-03-16 11:20:24',	'2022-02-20 19:22:27',	'2022-03-16 07:20:24'),
(15,	2022,	3,	29,	1,	160.00,	56.00,	100.00,	3.00,	1,	3.00,	3.00,	1,	3.00,	0,	0.00,	0,	0.00,	0,	NULL,	NULL,	NULL,	NULL,	NULL,	NULL,	NULL,	'2022-03-14 15:14:36',	'2022-02-20 19:22:37',	'2022-02-20 19:22:51'),
(16,	2022,	3,	11,	3,	164.00,	150.00,	200.00,	0.00,	1,	0.00,	0.00,	1,	0.00,	0,	0.00,	0,	3.00,	1,	11.00,	3.00,	3.00,	3.00,	1.50,	0.00,	0.01,	'2022-03-23 13:19:13',	'2022-03-16 07:29:09',	'2022-03-23 09:19:13'),
(17,	2022,	3,	11,	3,	164.00,	150.00,	200.00,	0.00,	1,	0.00,	0.00,	1,	0.00,	0,	0.00,	0,	3.00,	0,	11.00,	3.00,	3.00,	3.00,	1.50,	0.00,	0.01,	'2022-03-23 13:17:26',	'2022-03-23 09:17:26',	'2022-03-23 09:17:26'),
(18,	2022,	3,	13,	1,	160.00,	50.00,	100.00,	0.00,	1,	0.00,	0.00,	1,	0.00,	0,	0.00,	0,	0.00,	0,	0.00,	0.00,	0.00,	0.00,	0.00,	0.00,	0.01,	'2022-04-01 15:03:25',	'2022-04-01 11:03:25',	'2022-04-01 11:03:25'),
(19,	2022,	4,	12,	3,	164.00,	50.00,	100.00,	0.00,	1,	0.00,	0.00,	1,	0.00,	0,	0.00,	0,	0.00,	0,	0.00,	0.00,	0.00,	0.00,	0.00,	0.00,	0.01,	'2022-04-01 17:18:47',	'2022-04-01 13:18:47',	'2022-04-01 13:18:47');

CREATE TABLE `control_errores_proyecto_areas` (
  `id` int(10) unsigned NOT NULL AUTO_INCREMENT,
  `proyecto_area_type` int(10) unsigned NOT NULL,
  `proyecto_area_id` int(10) unsigned NOT NULL,
  `proyecto_etapa_id` int(10) unsigned NOT NULL,
  `error_proyecto_motivo_id` int(10) unsigned NOT NULL,
  `comentario` text CHARACTER SET utf8mb4 DEFAULT NULL,
  `created_at` timestamp NULL DEFAULT NULL,
  `updated_at` timestamp NULL DEFAULT NULL,
  PRIMARY KEY (`id`),
  KEY `control_errores_proyecto_areas_proyecto_etapa_id_foreign` (`proyecto_etapa_id`),
  KEY `control_errores_proyecto_areas_proyecto_area_type_foreign` (`proyecto_area_type`),
  KEY `control_errores_proyecto_areas_error_proyecto_motivo_id_foreign` (`error_proyecto_motivo_id`),
  CONSTRAINT `control_errores_proyecto_areas_error_proyecto_motivo_id_foreign` FOREIGN KEY (`error_proyecto_motivo_id`) REFERENCES `error_proyecto_motivos` (`id`) ON DELETE CASCADE ON UPDATE CASCADE,
  CONSTRAINT `control_errores_proyecto_areas_proyecto_area_type_foreign` FOREIGN KEY (`proyecto_area_type`) REFERENCES `proyecto_areas` (`id`) ON DELETE CASCADE ON UPDATE CASCADE,
  CONSTRAINT `control_errores_proyecto_areas_proyecto_etapa_id_foreign` FOREIGN KEY (`proyecto_etapa_id`) REFERENCES `proyecto_etapas` (`id`) ON DELETE CASCADE ON UPDATE CASCADE
) ENGINE=InnoDB DEFAULT CHARSET=utf8;

INSERT INTO `control_errores_proyecto_areas` (`id`, `proyecto_area_type`, `proyecto_area_id`, `proyecto_etapa_id`, `error_proyecto_motivo_id`, `comentario`, `created_at`, `updated_at`) VALUES
(1,	1,	10486,	2,	3,	NULL,	'2022-06-26 13:43:47',	'2022-06-26 13:43:47'),
(2,	3,	10430,	3,	8,	'chg fhm',	'2022-06-26 17:00:19',	'2022-06-26 17:00:19'),
(3,	1,	10430,	5,	6,	'lohuh',	'2022-06-26 17:01:57',	'2022-06-26 17:01:57'),
(4,	3,	10433,	2,	3,	NULL,	'2022-06-26 17:02:25',	'2022-06-26 17:02:25'),
(5,	3,	10431,	2,	4,	'hfhgd',	'2022-06-26 17:05:11',	'2022-06-26 17:05:11'),
(6,	5,	2058,	4,	1,	'sdgfhn',	'2022-06-26 18:21:47',	'2022-06-26 18:21:47'),
(7,	5,	2036,	1,	3,	NULL,	'2022-06-26 19:18:32',	'2022-06-26 19:18:32'),
(8,	5,	2034,	2,	3,	NULL,	'2022-06-26 19:46:54',	'2022-06-26 19:46:54'),
(9,	2,	10566,	1,	2,	NULL,	'2022-06-28 10:04:42',	'2022-06-28 10:04:42'),
(10,	3,	10566,	1,	2,	'ss',	'2022-06-28 10:04:59',	'2022-06-28 10:04:59'),
(11,	1,	10566,	4,	8,	NULL,	'2022-07-09 14:50:09',	'2022-07-09 14:50:09');

CREATE TABLE `encuesta_pregunta` (
  `id` int(10) unsigned NOT NULL AUTO_INCREMENT,
  `nombre` varchar(191) COLLATE utf8mb4_unicode_ci NOT NULL,
  `esPregunta` tinyint(1) NOT NULL,
  `esEstrella` tinyint(1) NOT NULL,
  `estado` tinyint(1) NOT NULL DEFAULT 1,
  `esTexto` tinyint(1) NOT NULL,
  `created_at` timestamp NOT NULL DEFAULT current_timestamp() ON UPDATE current_timestamp(),
  `updated_at` timestamp NULL DEFAULT NULL,
  PRIMARY KEY (`id`)
) ENGINE=InnoDB DEFAULT CHARSET=utf8mb4 COLLATE=utf8mb4_unicode_ci;

INSERT INTO `encuesta_pregunta` (`id`, `nombre`, `esPregunta`, `esEstrella`, `estado`, `esTexto`, `created_at`, `updated_at`) VALUES
(1,	'calidad testt',	0,	1,	0,	0,	'2021-04-15 22:44:34',	'2021-04-15 00:00:00'),
(2,	'tiempo de armado en hs',	0,	1,	1,	0,	'2020-05-01 14:56:19',	'2020-05-01 00:00:00'),
(3,	'deje un comentario',	0,	0,	1,	1,	'2020-04-09 00:00:00',	NULL),
(4,	'se termino completamente? se termino completamente? se termino completamente? se termino completamente? se termino completamente? se termino completamente? se termino completamente?',	1,	0,	1,	0,	'2020-04-30 16:49:28',	'2020-04-30 00:00:00'),
(5,	'test',	1,	0,	0,	0,	'2021-04-15 22:44:41',	'2021-04-15 00:00:00'),
(6,	'test 2',	0,	1,	0,	0,	'2021-01-31 15:00:41',	'2021-01-31 00:00:00'),
(7,	'hgfhfghfgh',	1,	0,	1,	0,	'2021-01-31 00:00:00',	NULL);

CREATE TABLE `encuesta_respuesta` (
  `id` int(10) unsigned NOT NULL AUTO_INCREMENT,
  `id_proyecto` int(11) NOT NULL,
  `id_pregunta` int(10) unsigned DEFAULT NULL,
  `usuario_id` int(10) unsigned DEFAULT NULL,
  `respuesta` varchar(191) COLLATE utf8mb4_unicode_ci NOT NULL,
  `created_at` timestamp NULL DEFAULT NULL,
  `updated_at` timestamp NULL DEFAULT NULL,
  PRIMARY KEY (`id`),
  KEY `encuesta_respuesta_id_pregunta_foreign` (`id_pregunta`),
  KEY `encuesta_respuesta_usuario_id_foreign` (`usuario_id`),
  CONSTRAINT `encuesta_respuesta_id_pregunta_foreign` FOREIGN KEY (`id_pregunta`) REFERENCES `encuesta_pregunta` (`id`),
  CONSTRAINT `encuesta_respuesta_usuario_id_foreign` FOREIGN KEY (`usuario_id`) REFERENCES `usuarios` (`id`)
) ENGINE=InnoDB DEFAULT CHARSET=utf8mb4 COLLATE=utf8mb4_unicode_ci;

INSERT INTO `encuesta_respuesta` (`id`, `id_proyecto`, `id_pregunta`, `usuario_id`, `respuesta`, `created_at`, `updated_at`) VALUES
(1,	265,	1,	11,	'4',	'2020-04-09 00:00:00',	'2020-04-09 00:24:08'),
(2,	265,	2,	11,	'3',	'2020-04-09 00:00:00',	'2020-04-09 00:24:08'),
(3,	265,	3,	11,	'no',	'2020-04-09 00:00:00',	'2020-04-09 00:24:08'),
(4,	265,	4,	11,	'no',	'2020-04-09 00:00:00',	'2020-04-09 00:24:08'),
(5,	59,	1,	11,	'5',	'2020-04-30 00:00:00',	'2020-04-30 13:50:08'),
(6,	59,	2,	11,	'5',	'2020-04-30 00:00:00',	'2020-04-30 13:50:08'),
(7,	59,	3,	11,	'testest',	'2020-04-30 00:00:00',	'2020-04-30 13:50:08'),
(8,	59,	4,	11,	'si',	'2020-04-30 00:00:00',	'2020-04-30 13:50:08'),
(9,	285,	1,	11,	'4',	'2020-05-01 00:00:00',	'2020-05-01 20:37:31'),
(10,	285,	2,	11,	'4',	'2020-05-01 00:00:00',	'2020-05-01 20:37:31'),
(11,	285,	3,	11,	'ggggfgfdbxdfgxfgndfghjdfn shbn dfoighjs gpsdnfg s guhaned gfsdfgnbi sdfghoi   sdfghn asdef biouzdn fgi dsfb sdofn bsdpf bs dfgbiosdfn ghsdf boidsfbsedbfbsrhgt s thjshjstr',	'2020-05-01 00:00:00',	'2020-05-01 20:37:31'),
(12,	285,	4,	11,	'si',	'2020-05-01 00:00:00',	'2020-05-01 20:37:31'),
(13,	345,	2,	31,	'5',	'2021-02-07 00:00:00',	'2021-02-07 18:55:45'),
(14,	345,	3,	31,	'test 07022021',	'2021-02-07 00:00:00',	'2021-02-07 18:55:45'),
(15,	345,	4,	31,	'si',	'2021-02-07 00:00:00',	'2021-02-07 18:55:45'),
(16,	345,	7,	31,	'no',	'2021-02-07 00:00:00',	'2021-02-07 18:55:45'),
(45,	254,	2,	31,	'5',	'2021-02-24 00:00:00',	'2021-02-24 06:31:33'),
(46,	254,	3,	31,	'651',	'2021-02-24 00:00:00',	'2021-02-24 06:31:33'),
(47,	254,	4,	31,	'si',	'2021-02-24 00:00:00',	'2021-02-24 06:31:33'),
(48,	254,	7,	31,	'no',	'2021-02-24 00:00:00',	'2021-02-24 06:31:33'),
(49,	354,	2,	31,	'5',	'2021-02-24 00:00:00',	'2021-02-24 06:39:19'),
(50,	354,	3,	31,	'651651',	'2021-02-24 00:00:00',	'2021-02-24 06:39:19'),
(51,	354,	4,	31,	'si',	'2021-02-24 00:00:00',	'2021-02-24 06:39:19'),
(52,	354,	7,	31,	'no',	'2021-02-24 00:00:00',	'2021-02-24 06:39:19'),
(65,	362,	2,	11,	'5',	'2021-04-24 00:00:00',	'2021-04-24 09:41:20'),
(66,	362,	3,	11,	'ujhagsdfuyag',	'2021-04-24 00:00:00',	'2021-04-24 09:41:20'),
(67,	362,	4,	11,	'si',	'2021-04-24 00:00:00',	'2021-04-24 09:41:20'),
(68,	362,	7,	11,	'si',	'2021-04-24 00:00:00',	'2021-04-24 09:41:20'),
(69,	417,	2,	37,	'4',	'2021-08-10 00:00:00',	'2021-08-10 19:23:45'),
(70,	417,	3,	37,	'el comentario',	'2021-08-10 00:00:00',	'2021-08-10 19:23:45'),
(71,	417,	4,	37,	'si',	'2021-08-10 00:00:00',	'2021-08-10 19:23:45'),
(72,	417,	7,	37,	'no',	'2021-08-10 00:00:00',	'2021-08-10 19:23:45'),
(73,	425,	2,	11,	'4',	'2022-04-11 00:00:00',	'2022-04-11 12:27:38'),
(74,	425,	3,	11,	'yuguilo8y',	'2022-04-11 00:00:00',	'2022-04-11 12:27:38'),
(75,	425,	4,	11,	'no',	'2022-04-11 00:00:00',	'2022-04-11 12:27:38'),
(76,	425,	7,	11,	'no',	'2022-04-11 00:00:00',	'2022-04-11 12:27:38'),
(77,	426,	2,	11,	'5',	'2022-04-13 00:00:00',	'2022-04-13 10:29:34'),
(78,	426,	3,	11,	'respuesta a deje un comentario en tttttttt ttttttt',	'2022-04-13 00:00:00',	'2022-04-13 10:29:34'),
(79,	426,	4,	11,	'no',	'2022-04-13 00:00:00',	'2022-04-13 10:29:34'),
(80,	426,	7,	11,	'si',	'2022-04-13 00:00:00',	'2022-04-13 10:29:34');

CREATE TABLE `error_proyecto_motivos` (
  `id` int(10) unsigned NOT NULL AUTO_INCREMENT,
  `name` varchar(191) NOT NULL,
  `created_at` timestamp NULL DEFAULT NULL,
  `updated_at` timestamp NULL DEFAULT NULL,
  PRIMARY KEY (`id`)
) ENGINE=InnoDB DEFAULT CHARSET=utf8;

INSERT INTO `error_proyecto_motivos` (`id`, `name`, `created_at`, `updated_at`) VALUES
(1,	'Estaba mal cortada la pieza.',	'2022-06-19 04:00:00',	'2022-06-19 04:00:00'),
(2,	'Estaba mal diseñada la pieza.',	'2022-06-19 04:00:00',	'2022-06-19 04:00:00'),
(3,	'Estaba dañada la pieza.',	'2022-06-19 04:00:00',	'2022-06-19 04:00:00'),
(4,	'Era de otro color la pieza.',	'2022-06-19 04:00:00',	'2022-06-19 04:00:00'),
(5,	'Estaba mal prearmada la pieza.',	'2022-06-19 04:00:00',	'2022-06-19 04:00:00'),
(6,	'Se dañó en el traslado la pieza.',	'2022-06-19 04:00:00',	'2022-06-19 04:00:00'),
(7,	'Se dañó en la instalación la pieza.',	'2022-06-19 04:00:00',	'2022-06-19 04:00:00'),
(8,	'Se me dañó a mi la pieza.',	'2022-06-19 04:00:00',	'2022-06-19 04:00:00');

CREATE TABLE `estados` (
  `id` int(10) unsigned NOT NULL AUTO_INCREMENT,
  `estado` varchar(191) COLLATE utf8mb4_unicode_ci NOT NULL,
  PRIMARY KEY (`id`)
) ENGINE=InnoDB DEFAULT CHARSET=utf8mb4 COLLATE=utf8mb4_unicode_ci;

INSERT INTO `estados` (`id`, `estado`) VALUES
(1,	'Falta'),
(2,	'Suspendido'),
(3,	'OK'),
(4,	'Pedido'),
(5,	'En proceso'),
(6,	'Stock'),
(7,	'Tira'),
(8,	'Optimizar'),
(9,	'Seleccione un estado');

CREATE TABLE `events` (
  `id` int(10) unsigned NOT NULL AUTO_INCREMENT,
  `hora_inicio` varchar(191) COLLATE utf8mb4_unicode_ci NOT NULL,
  `tarea` varchar(191) COLLATE utf8mb4_unicode_ci NOT NULL,
  `descripcion` text COLLATE utf8mb4_unicode_ci NOT NULL,
  `direccion` varchar(191) COLLATE utf8mb4_unicode_ci NOT NULL,
  `nombre` varchar(100) COLLATE utf8mb4_unicode_ci NOT NULL,
  `telefono` varchar(15) COLLATE utf8mb4_unicode_ci NOT NULL,
  `dia` datetime NOT NULL,
  `assignTask` int(10) unsigned DEFAULT NULL,
  `assistants` longtext COLLATE utf8mb4_unicode_ci DEFAULT NULL,
  `grupos` longtext COLLATE utf8mb4_unicode_ci DEFAULT NULL,
  `latitud` varchar(20) COLLATE utf8mb4_unicode_ci NOT NULL,
  `longitud` varchar(20) COLLATE utf8mb4_unicode_ci NOT NULL,
  PRIMARY KEY (`id`),
  KEY `events_assigntask_foreign` (`assignTask`),
  CONSTRAINT `events_assigntask_foreign` FOREIGN KEY (`assignTask`) REFERENCES `usuarios` (`id`) ON DELETE NO ACTION ON UPDATE CASCADE
) ENGINE=InnoDB DEFAULT CHARSET=utf8mb4 COLLATE=utf8mb4_unicode_ci;

INSERT INTO `events` (`id`, `hora_inicio`, `tarea`, `descripcion`, `direccion`, `nombre`, `telefono`, `dia`, `assignTask`, `assistants`, `grupos`, `latitud`, `longitud`) VALUES
(2,	'12',	'medidas',	'prueba',	'dsa',	'',	'',	'2018-12-14 00:00:00',	NULL,	'6,7,8,9,10,11,12,13,14',	NULL,	'',	''),
(3,	'10',	'visita',	'gfdsg',	'118 N2539',	'',	'',	'2018-09-13 00:00:00',	NULL,	NULL,	NULL,	'',	''),
(4,	'20',	'servicio',	'gdsfg',	'fdg',	'',	'',	'2018-10-11 00:00:00',	NULL,	NULL,	NULL,	'',	''),
(5,	'321',	'visita',	'jhugfu',	'45',	'',	'',	'2019-05-15 00:00:00',	NULL,	'9,13',	NULL,	'',	''),
(6,	'10',	'medidas',	'lkhgjxf',	'dcxs<g',	'',	'',	'2019-07-11 00:00:00',	NULL,	'6',	NULL,	'',	''),
(8,	'10',	'medidas',	'hjgf',	'Diag 620 N2512(local ML PLAK) e 83 y 84',	'',	'',	'2019-10-09 00:00:00',	NULL,	NULL,	NULL,	'',	''),
(9,	'10',	'medidas',	'hyg',	'118 N2539, 2539',	'',	'',	'2019-10-02 00:00:00',	NULL,	'9',	NULL,	'',	''),
(10,	'10',	'pago',	'hgdyj',	'118 N2539, 2539',	'',	'',	'2020-03-04 00:00:00',	NULL,	NULL,	'1',	'',	''),
(11,	'10',	'tarea',	'testsetest',	'hola 123',	'',	'',	'2020-03-26 00:00:00',	NULL,	NULL,	NULL,	'',	''),
(12,	'00:19',	'medidas',	'sgfde444',	'hola 123',	'8888',	'5555',	'2020-04-03 00:00:00',	NULL,	NULL,	NULL,	'-34.89061094638542',	'-57.95480777363219'),
(14,	'17:59',	'visita',	'bfcv',	'hola 123',	'aaaaaaaaaaaas',	'sssssssssss',	'2020-04-16 00:00:00',	NULL,	NULL,	'1',	'-34.89061094638542',	'-57.95480777363219'),
(15,	'20:40',	'nota',	'ddede',	'ad',	'',	'',	'2020-03-11 00:00:00',	NULL,	NULL,	NULL,	'',	''),
(16,	'20:52',	'pago',	'hrwt',	'n',	'',	'',	'2019-02-07 00:00:00',	NULL,	NULL,	'2',	'',	''),
(17,	'14:16',	'nota',	'fqwefasvf vawegft',	'Calle 118 Bis 2336, B1914KVD Villa Elvira, Buenos Aires, Argentina',	'MARIANO Hernán',	'2216175290',	'2020-05-03 00:00:00',	NULL,	NULL,	'3',	'-34.92705841359442',	'-57.90914961339139'),
(19,	'20:53',	'visita',	'asdasd',	'Juan Agustín García 4406, C1407 FWX, Buenos Aires, Argentina',	'asssa',	'asssa',	'2020-04-15 00:00:00',	NULL,	NULL,	NULL,	'-34.6207061',	'-58.497270699999994'),
(20,	'11:14',	'pago',	'Vidrio',	'Calle 45 1942, La Plata, Buenos Aires, Argentina',	'Mariano',	'33232',	'2020-04-02 00:00:00',	NULL,	NULL,	NULL,	'-34.92656679999999',	'-57.970506'),
(21,	'12:09',	'visita',	'Hdhdj',	'Calle 15 273, La Plata, Buenos Aires, Argentina',	'Mmmeememe',	'Yeueyeu',	'2020-04-29 00:00:00',	NULL,	NULL,	'3',	'-34.912713',	'-57.97106989999999'),
(22,	'22:35',	'pago',	'Borrar',	'Calle 118 Bis 2336, B1914KVD Villa Elvira, Buenos Aires, Argentina',	'Mariano H Alvarez',	'2215259907',	'2020-04-30 00:00:00',	NULL,	NULL,	NULL,	'-34.92705841359442',	'-57.90914961339139'),
(23,	'18:42',	'visita',	'adasdsa',	'ASDasdasd123123',	'asddsa',	'dasdas',	'2020-04-17 00:00:00',	NULL,	NULL,	NULL,	'-34.629222399999996',	'-58.5203712'),
(24,	'02:02',	'visita',	'test234',	'Cnel Felipe Varela, La Rioja, Argentina',	'1',	'1',	'2020-12-02 00:00:00',	NULL,	NULL,	NULL,	'-29.791457648698238',	'-65.33723387284505'),
(29,	'09:43',	'visita',	'casddfa',	'Cnel Felipe Varela, La Rioja, Argentina',	'asdas',	'dsd',	'2020-09-03 00:00:00',	NULL,	NULL,	NULL,	'-29.791457648698238',	'-65.33723387284505'),
(45,	'16:45',	'visita',	'651',	'Centro de Convenciones Hotel Hex, Paseo Los Muchachos, Managua, Nicaragua',	'51',	'51',	'2020-12-09 00:00:00',	NULL,	NULL,	NULL,	'12.140576777754227',	'-86.22911660222933'),
(46,	'12:52',	'visita',	'svfd',	'Centro de Convenciones Hotel Hex, Paseo Los Muchachos, Managua, Nicaragua',	'Alicia Delgado',	'2215599950',	'2020-05-07 00:00:00',	NULL,	NULL,	NULL,	'12.140576777754227',	'-86.22911660222933'),
(47,	'08:19',	'medidas',	'dfgshh',	'X',	'gdggf',	'gfdf',	'2020-02-27 00:00:00',	NULL,	NULL,	NULL,	'0',	'0'),
(48,	'09:17',	'tarea',	'szdfgbzfgdf',	'.',	'sdfgsdfg',	'gsdfg',	'2020-02-26 00:00:00',	NULL,	NULL,	NULL,	'0',	'0'),
(50,	'09:42',	'pago',	'gdfg',	'.',	'gdfg',	'gfd',	'2021-04-08 00:00:00',	NULL,	NULL,	NULL,	'0',	'0'),
(51,	'11:45',	'visita',	'ytreyrtyerty',	'hola 123',	'yrety',	'rty',	'2021-04-01 00:00:00',	NULL,	NULL,	NULL,	'0',	'0'),
(52,	'15:21',	'visita',	'erhtrth',	'hola 123',	'hfghfgh',	'ghfgh',	'2021-05-06 00:00:00',	NULL,	NULL,	NULL,	'0',	'0'),
(53,	'18:50',	'nota',	'dgxhfdhj',	'.',	'fghjfgh',	'h',	'2021-06-03 00:00:00',	NULL,	NULL,	NULL,	'0',	'0'),
(54,	'14:28',	'pago',	'gdfgdfg',	'618 n560 entre 6 y 6 bis',	'gdfgdfg',	'gdfg',	'2021-07-06 00:00:00',	NULL,	NULL,	NULL,	'0',	'0');

CREATE TABLE `exportar` (
  `id` int(11) NOT NULL AUTO_INCREMENT,
  `token_proyect` varchar(100) DEFAULT NULL,
  `usuario_solicitador` varchar(100) DEFAULT NULL,
  `usuario_confirmador` varchar(100) DEFAULT NULL,
  `data` text DEFAULT NULL,
  `usuarios` text DEFAULT NULL,
  `cometarios` text DEFAULT NULL,
  `preguntas` text DEFAULT NULL,
  `preguntas_ventas` text DEFAULT NULL,
  `estado` enum('Peticion','Revisado','Corregir','Confirmado') DEFAULT NULL,
  `mostrar` enum('1','0') DEFAULT '1',
  `created_at` timestamp NULL DEFAULT NULL,
  `updated_at` timestamp NULL DEFAULT NULL,
  PRIMARY KEY (`id`)
) ENGINE=InnoDB DEFAULT CHARSET=utf8mb4;

INSERT INTO `exportar` (`id`, `token_proyect`, `usuario_solicitador`, `usuario_confirmador`, `data`, `usuarios`, `cometarios`, `preguntas`, `preguntas_ventas`, `estado`, `mostrar`, `created_at`, `updated_at`) VALUES
(1,	'2fa89244631260cc97fe1de8faccf12b',	'11',	'11',	'{\"username\":\"Mlplak\",\"token_project\":\"2fa89244631260cc97fe1de8faccf12b\",\"name\":\"gfhd\",\"address\":\"fhgd\",\"phone\":\"hgf\",\"mueble\":\"hgfgfh\",\"total\":\"0\",\"senia\":\"0\",\"connectedCNC\":-1,\"fechaMedicion\":[],\"horaMedicion\":[],\"otrasFechaInstalacion\":[],\"otrasHoraInstalacion\":[],\"fechaInstalacion\":\"NaN\\/NaN\\/NaN\",\"horaInstalacion\":\"NaN:NaN\",\"comentarioInstalacion\":\"fgh\",\"comentario\":null,\"saldo\":null,\"pagos\":[{\"monto\":\"0\",\"descripcion\":\"0\",\"tipo\":\"efectivo\",\"date\":\"2021-09-20T13:50:27.763Z\",\"createdBy\":\"Mlplak\",\"isNew\":true}],\"items\":[{\"monto\":\"0\",\"descripcion\":\"0\",\"date\":\"2021-09-20T13:50:24.289Z\",\"createdBy\":\"Mlplak\"}],\"links\":[],\"seniaDescripcion\":null,\"totalDescripcion\":null,\"estadoProyecto\":\"Proyecto en Curso\"}',	'[{\"id\":11,\"usuario\":\"Mlplak\",\"nombre_completo\":\"ML plak\",\"correo_google\":\"ml_plak@gmail.com\",\"operacion\":\"Peticion\"},{\"id\":29,\"usuario\":\"MLPLAKUsuario\",\"nombre_completo\":\"MLPLAKUsuario\",\"correo_google\":\"egafs@gmail.com\",\"operacion\":\"Revisado\"},{\"id\":11,\"usuario\":\"Mlplak\",\"nombre_completo\":\"ML plak\",\"correo_google\":\"ml_plak@gmail.com\",\"operacion\":\"Confirmado\"}]',	NULL,	'[{\"id\":258,\"pregunta\":\"fef\",\"respuesta\":\"hguyfuyhkiji\",\"estatus\":\"activo\",\"completa\":false},{\"id\":259,\"pregunta\":\"tfyujkig\",\"respuesta\":\"gjih\\u00f1lkoj\",\"estatus\":\"activo\",\"completa\":false}]',	NULL,	'Confirmado',	'1',	'2021-09-20 10:51:23',	'2021-09-20 12:18:22'),
(2,	'b2ffa3b2aa96bcefd2ad8d29344b37b1',	'11',	'11',	'{\"username\":\"Mlplak\",\"token_project\":\"b2ffa3b2aa96bcefd2ad8d29344b37b1\",\"name\":\"eedd\",\"address\":\"de\",\"phone\":\"edded\",\"mueble\":\"dedeffrr\",\"total\":\"0\",\"senia\":\"0\",\"encargadoMed\":null,\"encargadoInst\":null,\"connectedCNC\":-1,\"fechaMedicion\":[],\"horaMedicion\":[],\"otrasFechaInstalacion\":[],\"otrasHoraInstalacion\":[],\"fechaInstalacion\":\"NaN\\/NaN\\/NaN\",\"horaInstalacion\":\"NaN:NaN\",\"comentarioInstalacion\":\"ferf\",\"comentario\":null,\"saldo\":null,\"pagos\":[{\"monto\":\"0\",\"descripcion\":\"0\",\"tipo\":null,\"date\":\"2022-01-17T18:01:45.874Z\",\"createdBy\":\"Mlplak\",\"isNew\":true}],\"items\":[{\"monto\":\"0\",\"descripcion\":\"0\",\"date\":\"2022-01-17T18:01:42.181Z\",\"createdBy\":\"Mlplak\"}],\"links\":[],\"seniaDescripcion\":null,\"totalDescripcion\":null,\"estadoProyecto\":\"Proyecto en Curso\"}',	'[{\"id\":11,\"usuario\":\"Mlplak\",\"nombre_completo\":\"ML plak\",\"correo_google\":\"ml_plak@gmail.com\",\"operacion\":\"Peticion\",\"comentario\":\"\"},{\"id\":29,\"usuario\":\"MLPLAKUsuario\",\"nombre_completo\":\"MLPLAKUsuario\",\"correo_google\":\"egafs@gmail.com\",\"operacion\":\"Revisado\",\"comentario\":\"\"},{\"id\":11,\"usuario\":\"Mlplak\",\"nombre_completo\":\"ML plak\",\"correo_google\":\"ml_plak@gmail.com\",\"operacion\":\"Confirmado\",\"comentario\":\"\"}]',	NULL,	'[{\"id\":1713,\"pregunta\":\"se revisaron los herrajes, bisagras correderas?\",\"respuesta\":\"1\",\"estatus\":\"activo\",\"completa\":false},{\"id\":1714,\"pregunta\":\"se revisaron los sentidos de las vetas?\",\"respuesta\":\"1\",\"estatus\":\"activo\",\"completa\":false},{\"id\":1725,\"pregunta\":\"se realizaron los ajustes de niveles, plomos y escuadras?\",\"respuesta\":\"1\",\"estatus\":\"activo\",\"completa\":false},{\"id\":1726,\"pregunta\":\"las aperturas de cajones o puertas se ven afectados por alg\\u00fan elemento del ambiente como estufa puerta, ventana cortina etc?\",\"respuesta\":\"1\",\"estatus\":\"activo\",\"completa\":false},{\"id\":1727,\"pregunta\":\"los cajones o bandejas salen por las puertas del mismo mueble?\",\"respuesta\":\"1\",\"estatus\":\"activo\",\"completa\":false},{\"id\":1728,\"pregunta\":\"Se controlo el tama\\u00f1o de las puertas y frentes de caj\\u00f3n? las l\\u00edneas est\\u00e9ticas estan correctas?\",\"respuesta\":\"1\",\"estatus\":\"activo\",\"completa\":false},{\"id\":1729,\"pregunta\":\"se revisaron todos los tapacantos? todos los listones tienen los respectivos tapacantos?\",\"respuesta\":\"1\",\"estatus\":\"activo\",\"completa\":false},{\"id\":1730,\"pregunta\":\"las m\\u00e9nsulas no se interponen con alguna piezas del mueble?\",\"respuesta\":\"1\",\"estatus\":\"activo\",\"completa\":false},{\"id\":1731,\"pregunta\":\"la mesada apoya en el mueble? hay banquina existentes?\",\"respuesta\":\"1\",\"estatus\":\"activo\",\"completa\":false},{\"id\":1732,\"pregunta\":\"Lleva alg\\u00fan accesorio?\",\"respuesta\":\"1\",\"estatus\":\"activo\",\"completa\":false},{\"id\":1733,\"pregunta\":\"se crearon todas las notas de acci\\u00f3n necesarias?\",\"respuesta\":\"1\",\"estatus\":\"activo\",\"completa\":false},{\"id\":1734,\"pregunta\":\"que sistema de apertura lleva y que linea? color\",\"respuesta\":null,\"estatus\":\"activo\",\"completa\":false},{\"id\":1735,\"pregunta\":\"Est\\u00e1n contempladas, caladas, las molduras y los z\\u00f3calos?\",\"respuesta\":\"1\",\"estatus\":\"activo\",\"completa\":false},{\"id\":1736,\"pregunta\":\"lleva otros calados? enchufes, llaves?\",\"respuesta\":\"1\",\"estatus\":\"activo\",\"completa\":false},{\"id\":1737,\"pregunta\":\"Como se ingresa al lugar? Ascensor- escalera- otro\",\"respuesta\":\"111\",\"estatus\":\"activo\",\"completa\":false},{\"id\":1739,\"pregunta\":\"se revisaron las profundidades de mesada y banquina?\",\"respuesta\":\"1\",\"estatus\":\"activo\",\"completa\":false},{\"id\":1740,\"pregunta\":\"Se realizo una revisi\\u00f3n general de las medidas globales?\",\"respuesta\":\"1\",\"estatus\":\"activo\",\"completa\":false},{\"id\":1741,\"pregunta\":\"Se puede armar en el Lugar? como se arma?\",\"respuesta\":\"1\",\"estatus\":\"activo\",\"completa\":false},{\"id\":1742,\"pregunta\":\"Todos los \\\"artefactos\\\" como hornos, microondas, cavas, tv,  etc.  entran en los espacios destinados?\",\"respuesta\":\"1\",\"estatus\":\"activo\",\"completa\":false},{\"id\":1743,\"pregunta\":\"Se contemplo la BAcha y anafe en profundidad?  y en altura?\",\"respuesta\":\"11\",\"estatus\":\"activo\",\"completa\":false},{\"id\":1744,\"pregunta\":\"Se contemplaron los desag\\u00fces? las bocas de pillea o boca de inspecci\\u00f3n en el piso ?\",\"respuesta\":\"1\",\"estatus\":\"activo\",\"completa\":false},{\"id\":1745,\"pregunta\":\"Se contemplo la profundidad de la banquina? y el ancho? si el mueble o banquina va entre z\\u00f3calos se contemplo eso?\",\"respuesta\":\"1\",\"estatus\":\"activo\",\"completa\":false}]',	'[{\"id\":1717,\"pregunta\":\"Como es el ingreso al lugar? es en planta baja? o planta alta?  pasillo? casa? edificio? ascensor?\",\"respuesta\":\"-\",\"estatus\":\"activo\",\"completa\":false},{\"id\":1718,\"pregunta\":\"Como es la habitaci\\u00f3n o lugar donde se va a armar?\",\"respuesta\":\"-\",\"estatus\":\"activo\",\"completa\":false},{\"id\":1719,\"pregunta\":\"Se puede armar en el Lugar? como se arma?\",\"respuesta\":\"-\",\"estatus\":\"activo\",\"completa\":false},{\"id\":1720,\"pregunta\":\"Tiene todo terminado? piso, techo, paredes? revestimientos?  Listo para tomar las medidas?\",\"respuesta\":\"-\",\"estatus\":\"activo\",\"completa\":false},{\"id\":1771,\"pregunta\":\"se agregaron los detalles de la conversaci\\u00f3n a Notas? pedidos del cliente, plano inicial, fotos, etc,\",\"respuesta\":\"-\",\"estatus\":\"activo\",\"completa\":false},{\"id\":1811,\"pregunta\":\"observaciones sobre modelo\",\"respuesta\":\"-\",\"estatus\":\"activo\",\"completa\":false},{\"id\":1812,\"pregunta\":\"observaciones sobre construcci\\u00f3n o acceso\",\"respuesta\":\"-\",\"estatus\":\"activo\",\"completa\":false},{\"id\":1813,\"pregunta\":\"observaciones sobre artefactos o accesorios\",\"respuesta\":\"-\",\"estatus\":\"activo\",\"completa\":false},{\"id\":1817,\"pregunta\":\"de que material son las paredes de la zona donde va a instalarse el mueble? durlok? steel frame? wood frame? construcci\\u00f3n tradicional? otro?\",\"respuesta\":\"-\",\"estatus\":\"activo\",\"completa\":false}]',	'Confirmado',	'1',	'2022-01-17 14:05:49',	'2022-01-17 14:08:41'),
(3,	'b59590faf6ff5c50684a62f6c4414bd9',	'11',	'11',	'{\"username\":\"Mlplak\",\"token_project\":\"b59590faf6ff5c50684a62f6c4414bd9\",\"name\":\"Florencia Ciraolo\",\"address\":\"Av1 1792\",\"phone\":\"+5492262319749\",\"mueble\":\"Placard\",\"total\":\"0\",\"senia\":\"0\",\"encargadoMed\":20,\"encargadoInst\":38,\"connectedCNC\":-1,\"fechaMedicion\":[],\"horaMedicion\":[],\"otrasFechaInstalacion\":[],\"otrasHoraInstalacion\":[],\"fechaInstalacion\":\"NaN\\/NaN\\/NaN\",\"horaInstalacion\":\"NaN:NaN\",\"comentarioInstalacion\":\"frefef\",\"comentario\":null,\"saldo\":null,\"pagos\":[{\"monto\":\"0\",\"descripcion\":\"54\",\"tipo\":null,\"date\":\"2022-01-21T13:18:00.355Z\",\"createdBy\":\"Mlplak\",\"isNew\":true}],\"items\":[{\"monto\":\"00\",\"descripcion\":\"54\",\"date\":\"2022-01-21T13:17:55.323Z\",\"createdBy\":\"Mlplak\"}],\"links\":[],\"seniaDescripcion\":null,\"totalDescripcion\":null,\"estadoProyecto\":\"Proyecto en Curso\"}',	'[{\"id\":11,\"usuario\":\"Mlplak\",\"nombre_completo\":\"ML plak\",\"correo_google\":\"ml_plak@gmail.com\",\"operacion\":\"Peticion\",\"comentario\":\"\"},{\"id\":29,\"usuario\":\"MLPLAKUsuario\",\"nombre_completo\":\"MLPLAKUsuario\",\"correo_google\":\"egafs@gmail.com\",\"operacion\":\"Revisado\",\"comentario\":\"\"},{\"id\":11,\"usuario\":\"Mlplak\",\"nombre_completo\":\"ML plak\",\"correo_google\":\"ml_plak@gmail.com\",\"operacion\":\"Confirmado\",\"comentario\":\"\"}]',	NULL,	'[{\"id\":1713,\"pregunta\":\"se revisaron los herrajes, bisagras correderas?\",\"respuesta\":\"-\",\"estatus\":\"activo\",\"completa\":false},{\"id\":1714,\"pregunta\":\"se revisaron los sentidos de las vetas?\",\"respuesta\":\"-\",\"estatus\":\"activo\",\"completa\":false},{\"id\":1725,\"pregunta\":\"se realizaron los ajustes de niveles, plomos y escuadras?\",\"respuesta\":\"-\",\"estatus\":\"activo\",\"completa\":false},{\"id\":1726,\"pregunta\":\"las aperturas de cajones o puertas se ven afectados por alg\\u00fan elemento del ambiente como estufa puerta, ventana cortina etc?\",\"respuesta\":\"-\",\"estatus\":\"activo\",\"completa\":false},{\"id\":1727,\"pregunta\":\"los cajones o bandejas salen por las puertas del mismo mueble?\",\"respuesta\":\"-\",\"estatus\":\"activo\",\"completa\":false},{\"id\":1728,\"pregunta\":\"Se controlo el tama\\u00f1o de las puertas y frentes de caj\\u00f3n? las l\\u00edneas est\\u00e9ticas estan correctas?\",\"respuesta\":\"-\",\"estatus\":\"activo\",\"completa\":false},{\"id\":1729,\"pregunta\":\"se revisaron todos los tapacantos? todos los listones tienen los respectivos tapacantos?\",\"respuesta\":\"-\",\"estatus\":\"activo\",\"completa\":false},{\"id\":1730,\"pregunta\":\"las m\\u00e9nsulas no se interponen con alguna piezas del mueble?\",\"respuesta\":\"-\",\"estatus\":\"activo\",\"completa\":false},{\"id\":1731,\"pregunta\":\"la mesada apoya en el mueble? hay banquina existentes?\",\"respuesta\":\"-\",\"estatus\":\"activo\",\"completa\":false},{\"id\":1732,\"pregunta\":\"Lleva alg\\u00fan accesorio?\",\"respuesta\":null,\"estatus\":\"activo\",\"completa\":false},{\"id\":1733,\"pregunta\":\"se crearon todas las notas de acci\\u00f3n necesarias?\",\"respuesta\":\"-\",\"estatus\":\"activo\",\"completa\":false},{\"id\":1734,\"pregunta\":\"que sistema de apertura lleva y que linea? color\",\"respuesta\":\"-\",\"estatus\":\"activo\",\"completa\":false},{\"id\":1735,\"pregunta\":\"Est\\u00e1n contempladas, caladas, las molduras y los z\\u00f3calos?\",\"respuesta\":\"-\",\"estatus\":\"activo\",\"completa\":false},{\"id\":1736,\"pregunta\":\"lleva otros calados? enchufes, llaves?\",\"respuesta\":\"-\",\"estatus\":\"activo\",\"completa\":false},{\"id\":1737,\"pregunta\":\"Como se ingresa al lugar? Ascensor- escalera- otro\",\"respuesta\":\"-\",\"estatus\":\"activo\",\"completa\":false},{\"id\":1739,\"pregunta\":\"se revisaron las profundidades de mesada y banquina?\",\"respuesta\":\"-\",\"estatus\":\"activo\",\"completa\":false},{\"id\":1740,\"pregunta\":\"Se realizo una revisi\\u00f3n general de las medidas globales?\",\"respuesta\":\"-\",\"estatus\":\"activo\",\"completa\":false},{\"id\":1741,\"pregunta\":\"Se puede armar en el Lugar? como se arma?\",\"respuesta\":\"-\",\"estatus\":\"activo\",\"completa\":false},{\"id\":1742,\"pregunta\":\"Todos los \\\"artefactos\\\" como hornos, microondas, cavas, tv,  etc.  entran en los espacios destinados?\",\"respuesta\":\"-\",\"estatus\":\"activo\",\"completa\":false},{\"id\":1743,\"pregunta\":\"Se contemplo la BAcha y anafe en profundidad?  y en altura?\",\"respuesta\":\"-\",\"estatus\":\"activo\",\"completa\":false},{\"id\":1744,\"pregunta\":\"Se contemplaron los desag\\u00fces? las bocas de pillea o boca de inspecci\\u00f3n en el piso ?\",\"respuesta\":\"-\",\"estatus\":\"activo\",\"completa\":false},{\"id\":1745,\"pregunta\":\"Se contemplo la profundidad de la banquina? y el ancho? si el mueble o banquina va entre z\\u00f3calos se contemplo eso?\",\"respuesta\":\"-\",\"estatus\":\"activo\",\"completa\":false}]',	'[{\"id\":1717,\"pregunta\":\"Como es el ingreso al lugar? es en planta baja? o planta alta?  pasillo? casa? edificio? ascensor?\",\"respuesta\":\"14\",\"estatus\":\"activo\",\"completa\":false},{\"id\":1718,\"pregunta\":\"Como es la habitaci\\u00f3n o lugar donde se va a armar?\",\"respuesta\":\"4\",\"estatus\":\"activo\",\"completa\":false},{\"id\":1719,\"pregunta\":\"Se puede armar en el Lugar? como se arma?\",\"respuesta\":\"4\",\"estatus\":\"activo\",\"completa\":false},{\"id\":1720,\"pregunta\":\"Tiene todo terminado? piso, techo, paredes? revestimientos?  Listo para tomar las medidas?\",\"respuesta\":\"4\",\"estatus\":\"activo\",\"completa\":false},{\"id\":1771,\"pregunta\":\"se agregaron los detalles de la conversaci\\u00f3n a Notas? pedidos del cliente, plano inicial, fotos, etc,\",\"respuesta\":\"4\",\"estatus\":\"activo\",\"completa\":false},{\"id\":1811,\"pregunta\":\"observaciones sobre modelo\",\"respuesta\":\"4\",\"estatus\":\"activo\",\"completa\":false},{\"id\":1812,\"pregunta\":\"observaciones sobre construcci\\u00f3n o acceso\",\"respuesta\":\"4\",\"estatus\":\"activo\",\"completa\":false},{\"id\":1813,\"pregunta\":\"observaciones sobre artefactos o accesorios\",\"respuesta\":\"4\",\"estatus\":\"activo\",\"completa\":false},{\"id\":1817,\"pregunta\":\"de que material son las paredes de la zona donde va a instalarse el mueble? durlok? steel frame? wood frame? construcci\\u00f3n tradicional? otro?\",\"respuesta\":\"4\",\"estatus\":\"activo\",\"completa\":false}]',	'Confirmado',	'1',	'2022-01-21 09:22:42',	'2022-01-21 09:24:39'),
(4,	'bcb7cacb1ebd4e5b4be7e85e332c4080',	'11',	'11',	'{\"username\":\"Mlplak\",\"token_project\":\"bcb7cacb1ebd4e5b4be7e85e332c4080\",\"name\":\"dded\",\"address\":\"de\",\"phone\":\"de\",\"mueble\":\"ed\",\"total\":\"0\",\"senia\":\"0\",\"encargadoMed\":36,\"encargadoInst\":6,\"connectedCNC\":-1,\"fechaMedicion\":[],\"horaMedicion\":[],\"otrasFechaInstalacion\":[],\"otrasHoraInstalacion\":[],\"fechaInstalacion\":\"NaN\\/NaN\\/NaN\",\"horaInstalacion\":\"NaN:NaN\",\"comentarioInstalacion\":\"de\",\"comentario\":null,\"saldo\":null,\"pagos\":[{\"monto\":\"0\",\"descripcion\":\"0\",\"tipo\":null,\"date\":\"2022-04-01T18:59:18.114Z\",\"createdBy\":\"Mlplak\",\"isNew\":true}],\"items\":[{\"monto\":\"0\",\"descripcion\":\"0\",\"date\":\"2022-04-01T18:59:14.396Z\",\"createdBy\":\"Mlplak\"}],\"links\":[],\"seniaDescripcion\":null,\"totalDescripcion\":null,\"estadoProyecto\":\"Proyecto en Curso\"}',	'[{\"id\":11,\"usuario\":\"Mlplak\",\"nombre_completo\":\"ML plak\",\"correo_google\":\"ml_plak@gmail.com\",\"operacion\":\"Peticion\",\"comentario\":\"\"},{\"id\":29,\"usuario\":\"MLPLAKUsuario\",\"nombre_completo\":\"MLPLAKUsuario\",\"correo_google\":\"egafs@gmail.com\",\"operacion\":\"Revisado\",\"comentario\":\"\"},{\"id\":11,\"usuario\":\"Mlplak\",\"nombre_completo\":\"ML plak\",\"correo_google\":\"ml_plak@gmail.com\",\"operacion\":\"Confirmado\",\"comentario\":\"\"}]',	NULL,	'[{\"id\":1713,\"pregunta\":\"se revisaron los herrajes, bisagras correderas?\",\"respuesta\":\"-\",\"estatus\":\"activo\",\"completa\":false},{\"id\":1714,\"pregunta\":\"se revisaron los sentidos de las vetas?\",\"respuesta\":\"-\",\"estatus\":\"activo\",\"completa\":false},{\"id\":1725,\"pregunta\":\"se realizaron los ajustes de niveles, plomos y escuadras?\",\"respuesta\":\"-\",\"estatus\":\"activo\",\"completa\":false},{\"id\":1726,\"pregunta\":\"las aperturas de cajones o puertas se ven afectados por alg\\u00fan elemento del ambiente como estufa puerta, ventana cortina etc?\",\"respuesta\":\"-\",\"estatus\":\"activo\",\"completa\":false},{\"id\":1727,\"pregunta\":\"los cajones o bandejas salen por las puertas del mismo mueble?\",\"respuesta\":\"-\",\"estatus\":\"activo\",\"completa\":false},{\"id\":1728,\"pregunta\":\"Se controlo el tama\\u00f1o de las puertas y frentes de caj\\u00f3n? las l\\u00edneas est\\u00e9ticas estan correctas?\",\"respuesta\":\"-\",\"estatus\":\"activo\",\"completa\":false},{\"id\":1729,\"pregunta\":\"se revisaron todos los tapacantos? todos los listones tienen los respectivos tapacantos?\",\"respuesta\":null,\"estatus\":\"activo\",\"completa\":false},{\"id\":1730,\"pregunta\":\"las m\\u00e9nsulas no se interponen con alguna piezas del mueble?\",\"respuesta\":\"--\",\"estatus\":\"activo\",\"completa\":false},{\"id\":1731,\"pregunta\":\"la mesada apoya en el mueble? hay banquina existentes?\",\"respuesta\":null,\"estatus\":\"activo\",\"completa\":false},{\"id\":1732,\"pregunta\":\"Lleva alg\\u00fan accesorio?\",\"respuesta\":\"-\",\"estatus\":\"activo\",\"completa\":false},{\"id\":1733,\"pregunta\":\"se crearon todas las notas de acci\\u00f3n necesarias?\",\"respuesta\":\"-\",\"estatus\":\"activo\",\"completa\":false},{\"id\":1734,\"pregunta\":\"que sistema de apertura lleva y que linea? color\",\"respuesta\":null,\"estatus\":\"activo\",\"completa\":false},{\"id\":1735,\"pregunta\":\"Est\\u00e1n contempladas, caladas, las molduras y los z\\u00f3calos?\",\"respuesta\":\"-\",\"estatus\":\"activo\",\"completa\":false},{\"id\":1736,\"pregunta\":\"lleva otros calados? enchufes, llaves?\",\"respuesta\":\"--\",\"estatus\":\"activo\",\"completa\":false},{\"id\":1737,\"pregunta\":\"Como se ingresa al lugar? Ascensor- escalera- otro\",\"respuesta\":null,\"estatus\":\"activo\",\"completa\":false},{\"id\":1739,\"pregunta\":\"se revisaron las profundidades de mesada y banquina?\",\"respuesta\":\"----\",\"estatus\":\"activo\",\"completa\":false},{\"id\":1740,\"pregunta\":\"Se realizo una revisi\\u00f3n general de las medidas globales?\",\"respuesta\":\"--\",\"estatus\":\"activo\",\"completa\":false},{\"id\":1741,\"pregunta\":\"Se puede armar en el Lugar? como se arma?\",\"respuesta\":\"--\",\"estatus\":\"activo\",\"completa\":false},{\"id\":1742,\"pregunta\":\"Todos los \\\"artefactos\\\" como hornos, microondas, cavas, tv,  etc.  entran en los espacios destinados?\",\"respuesta\":null,\"estatus\":\"activo\",\"completa\":false},{\"id\":1743,\"pregunta\":\"Se contemplo la BAcha y anafe en profundidad?  y en altura?\",\"respuesta\":\"-\",\"estatus\":\"activo\",\"completa\":false},{\"id\":1744,\"pregunta\":\"Se contemplaron los desag\\u00fces? las bocas de pillea o boca de inspecci\\u00f3n en el piso ?\",\"respuesta\":\"-\",\"estatus\":\"activo\",\"completa\":false},{\"id\":1745,\"pregunta\":\"Se contemplo la profundidad de la banquina? y el ancho? si el mueble o banquina va entre z\\u00f3calos se contemplo eso?\",\"respuesta\":\"--\",\"estatus\":\"activo\",\"completa\":false}]',	'[{\"id\":1717,\"pregunta\":\"Como es el ingreso al lugar? es en planta baja? o planta alta?  pasillo? casa? edificio? ascensor?\",\"respuesta\":\"-\",\"estatus\":\"activo\",\"completa\":false},{\"id\":1718,\"pregunta\":\"Como es la habitaci\\u00f3n o lugar donde se va a armar?\",\"respuesta\":\"-\",\"estatus\":\"activo\",\"completa\":false},{\"id\":1719,\"pregunta\":\"Se puede armar en el Lugar? como se arma?\",\"respuesta\":\"-\",\"estatus\":\"activo\",\"completa\":false},{\"id\":1720,\"pregunta\":\"Tiene todo terminado? piso, techo, paredes? revestimientos?  Listo para tomar las medidas?\",\"respuesta\":\"-\",\"estatus\":\"activo\",\"completa\":false},{\"id\":1771,\"pregunta\":\"se agregaron los detalles de la conversaci\\u00f3n a Notas? pedidos del cliente, plano inicial, fotos, etc,\",\"respuesta\":\"-\",\"estatus\":\"activo\",\"completa\":false},{\"id\":1811,\"pregunta\":\"observaciones sobre modelo\",\"respuesta\":\"-\",\"estatus\":\"activo\",\"completa\":false},{\"id\":1812,\"pregunta\":\"observaciones sobre construcci\\u00f3n o acceso\",\"respuesta\":\"-\",\"estatus\":\"activo\",\"completa\":false},{\"id\":1813,\"pregunta\":\"observaciones sobre artefactos o accesorios\",\"respuesta\":\"-\",\"estatus\":\"activo\",\"completa\":false},{\"id\":1817,\"pregunta\":\"de que material son las paredes de la zona donde va a instalarse el mueble? durlok? steel frame? wood frame? construcci\\u00f3n tradicional? otro?\",\"respuesta\":\"-\",\"estatus\":\"activo\",\"completa\":false}]',	'Confirmado',	'1',	'2022-04-01 15:00:49',	'2022-04-01 15:02:10'),
(5,	'5e14a92a331c1e81475301200a66ddab',	'11',	'11',	'{\"username\":\"Mlplak\",\"token_project\":\"5e14a92a331c1e81475301200a66ddab\",\"name\":\"ttttttttttttttt\",\"address\":\"tttt\",\"phone\":\"ttt\",\"mueble\":\"tttttttttttttt\",\"total\":\"0\",\"senia\":\"0\",\"encargadoMed\":6,\"encargadoInst\":17,\"connectedCNC\":-1,\"fechaMedicion\":[],\"horaMedicion\":[],\"otrasFechaInstalacion\":[],\"otrasHoraInstalacion\":[],\"fechaInstalacion\":\"NaN\\/NaN\\/NaN\",\"horaInstalacion\":\"NaN:NaN\",\"comentarioInstalacion\":\"gdfdffdg\",\"comentario\":null,\"saldo\":null,\"pagos\":[{\"monto\":\"0\",\"descripcion\":\"0\",\"tipo\":\"efectivo\",\"date\":\"2022-04-13T14:25:33.332Z\",\"createdBy\":\"Mlplak\",\"isNew\":true}],\"items\":[{\"monto\":\"0\",\"descripcion\":\"0\",\"date\":\"2022-04-13T14:25:29.360Z\",\"createdBy\":\"Mlplak\"}],\"links\":[],\"seniaDescripcion\":null,\"totalDescripcion\":null,\"estadoProyecto\":\"Proyecto en Curso\"}',	'[{\"id\":11,\"usuario\":\"Mlplak\",\"nombre_completo\":\"ML plak\",\"correo_google\":\"ml_plak@gmail.com\",\"operacion\":\"Peticion\",\"comentario\":\"\"},{\"id\":29,\"usuario\":\"MLPLAKUsuario\",\"nombre_completo\":\"MLPLAKUsuario\",\"correo_google\":\"egafs@gmail.com\",\"operacion\":\"Revisado\",\"comentario\":\"\"},{\"id\":11,\"usuario\":\"Mlplak\",\"nombre_completo\":\"ML plak\",\"correo_google\":\"ml_plak@gmail.com\",\"operacion\":\"Confirmado\",\"comentario\":\"\"}]',	NULL,	'[{\"id\":1713,\"pregunta\":\"se revisaron los herrajes, bisagras correderas?\",\"respuesta\":\"er\",\"estatus\":\"activo\",\"completa\":false},{\"id\":1714,\"pregunta\":\"se revisaron los sentidos de las vetas?\",\"respuesta\":\"j\",\"estatus\":\"activo\",\"completa\":false},{\"id\":1725,\"pregunta\":\"se realizaron los ajustes de niveles, plomos y escuadras?\",\"respuesta\":\"j\",\"estatus\":\"activo\",\"completa\":false},{\"id\":1726,\"pregunta\":\"las aperturas de cajones o puertas se ven afectados por alg\\u00fan elemento del ambiente como estufa puerta, ventana cortina etc?\",\"respuesta\":\"ij\",\"estatus\":\"activo\",\"completa\":false},{\"id\":1727,\"pregunta\":\"los cajones o bandejas salen por las puertas del mismo mueble?\",\"respuesta\":\"ij\",\"estatus\":\"activo\",\"completa\":false},{\"id\":1728,\"pregunta\":\"Se controlo el tama\\u00f1o de las puertas y frentes de caj\\u00f3n? las l\\u00edneas est\\u00e9ticas estan correctas?\",\"respuesta\":\"ij\",\"estatus\":\"activo\",\"completa\":false},{\"id\":1729,\"pregunta\":\"se revisaron todos los tapacantos? todos los listones tienen los respectivos tapacantos?\",\"respuesta\":\"ij\",\"estatus\":\"activo\",\"completa\":false},{\"id\":1730,\"pregunta\":\"las m\\u00e9nsulas no se interponen con alguna piezas del mueble?\",\"respuesta\":\"i\",\"estatus\":\"activo\",\"completa\":false},{\"id\":1731,\"pregunta\":\"la mesada apoya en el mueble? hay banquina existentes?\",\"respuesta\":\"ji\",\"estatus\":\"activo\",\"completa\":false},{\"id\":1732,\"pregunta\":\"Lleva alg\\u00fan accesorio?\",\"respuesta\":\"j\",\"estatus\":\"activo\",\"completa\":false},{\"id\":1733,\"pregunta\":\"se crearon todas las notas de acci\\u00f3n necesarias?\",\"respuesta\":\"ij\",\"estatus\":\"activo\",\"completa\":false},{\"id\":1734,\"pregunta\":\"que sistema de apertura lleva y que linea? color\",\"respuesta\":\"ij\",\"estatus\":\"activo\",\"completa\":false},{\"id\":1735,\"pregunta\":\"Est\\u00e1n contempladas, caladas, las molduras y los z\\u00f3calos?\",\"respuesta\":\"ij\",\"estatus\":\"activo\",\"completa\":false},{\"id\":1736,\"pregunta\":\"lleva otros calados? enchufes, llaves?\",\"respuesta\":\"ij\",\"estatus\":\"activo\",\"completa\":false},{\"id\":1737,\"pregunta\":\"Como se ingresa al lugar? Ascensor- escalera- otro\",\"respuesta\":\"ij\",\"estatus\":\"activo\",\"completa\":false},{\"id\":1739,\"pregunta\":\"se revisaron las profundidades de mesada y banquina?\",\"respuesta\":\"ij\",\"estatus\":\"activo\",\"completa\":false},{\"id\":1740,\"pregunta\":\"Se realizo una revisi\\u00f3n general de las medidas globales?\",\"respuesta\":\"ij\",\"estatus\":\"activo\",\"completa\":false},{\"id\":1741,\"pregunta\":\"Se puede armar en el Lugar? como se arma?\",\"respuesta\":\"ij\",\"estatus\":\"activo\",\"completa\":false},{\"id\":1742,\"pregunta\":\"Todos los \\\"artefactos\\\" como hornos, microondas, cavas, tv,  etc.  entran en los espacios destinados?\",\"respuesta\":\"ij\",\"estatus\":\"activo\",\"completa\":false},{\"id\":1743,\"pregunta\":\"Se contemplo la BAcha y anafe en profundidad?  y en altura?\",\"respuesta\":\"ij\",\"estatus\":\"activo\",\"completa\":false},{\"id\":1744,\"pregunta\":\"Se contemplaron los desag\\u00fces? las bocas de pillea o boca de inspecci\\u00f3n en el piso ?\",\"respuesta\":\"ij\",\"estatus\":\"activo\",\"completa\":false},{\"id\":1745,\"pregunta\":\"Se contemplo la profundidad de la banquina? y el ancho? si el mueble o banquina va entre z\\u00f3calos se contemplo eso?\",\"respuesta\":\"ij\",\"estatus\":\"activo\",\"completa\":false}]',	'[{\"id\":1717,\"pregunta\":\"Como es el ingreso al lugar? es en planta baja? o planta alta?  pasillo? casa? edificio? ascensor?\",\"respuesta\":\"fre\",\"estatus\":\"activo\",\"completa\":false},{\"id\":1718,\"pregunta\":\"Como es la habitaci\\u00f3n o lugar donde se va a armar?\",\"respuesta\":null,\"estatus\":\"activo\",\"completa\":false},{\"id\":1719,\"pregunta\":\"Se puede armar en el Lugar? como se arma?\",\"respuesta\":\"k\",\"estatus\":\"activo\",\"completa\":false},{\"id\":1720,\"pregunta\":\"Tiene todo terminado? piso, techo, paredes? revestimientos?  Listo para tomar las medidas?\",\"respuesta\":\"kk\",\"estatus\":\"activo\",\"completa\":false},{\"id\":1771,\"pregunta\":\"se agregaron los detalles de la conversaci\\u00f3n a Notas? pedidos del cliente, plano inicial, fotos, etc,\",\"respuesta\":\"k\",\"estatus\":\"activo\",\"completa\":false},{\"id\":1811,\"pregunta\":\"observaciones sobre modelo\",\"respuesta\":\"kk\",\"estatus\":\"activo\",\"completa\":false},{\"id\":1812,\"pregunta\":\"observaciones sobre construcci\\u00f3n o acceso\",\"respuesta\":\"k\",\"estatus\":\"activo\",\"completa\":false},{\"id\":1813,\"pregunta\":\"observaciones sobre artefactos o accesorios\",\"respuesta\":\"k\",\"estatus\":\"activo\",\"completa\":false},{\"id\":1817,\"pregunta\":\"de que material son las paredes de la zona donde va a instalarse el mueble? durlok? steel frame? wood frame? construcci\\u00f3n tradicional? otro?\",\"respuesta\":\"k\",\"estatus\":\"activo\",\"completa\":false}]',	'Confirmado',	'1',	'2022-04-13 10:27:27',	'2022-04-13 10:28:39'),
(6,	'e4f3040e10c51eda27663277647aae8a',	'11',	'11',	'{\"username\":\"Mlplak\",\"token_project\":\"e4f3040e10c51eda27663277647aae8a\",\"name\":\"Fernando Medinilla\",\"address\":\"City Bell\",\"phone\":\"2216 49-6092\",\"mueble\":\"Muebles de cocina\",\"total\":\"0\",\"senia\":\"0\",\"encargadoMed\":13,\"encargadoInst\":54,\"connectedCNC\":-1,\"fechaMedicion\":[],\"horaMedicion\":[],\"otrasFechaInstalacion\":[],\"otrasHoraInstalacion\":[],\"fechaInstalacion\":\"NaN\\/NaN\\/NaN\",\"horaInstalacion\":\"NaN:NaN\",\"comentarioInstalacion\":\"erc\",\"comentarioResumenPresupuestoMaterial\":\"cer\",\"comentario\":null,\"saldo\":null,\"pagos\":[{\"monto\":\"0\",\"descripcion\":\"0\",\"tipo\":null,\"date\":\"2022-04-20T21:48:16.026Z\",\"createdBy\":\"Mlplak\",\"isNew\":true}],\"items\":[{\"monto\":\"0\",\"descripcion\":\"0\",\"date\":\"2022-04-20T21:48:12.635Z\",\"createdBy\":\"Mlplak\"}],\"links\":[\"https:\\/\\/laguia.online\\/businesses\\/esur-sa\",\"https:\\/\\/laguia.online\\/businesses\\/esur-sa\",\"https:\\/\\/laguia.online\\/businesses\\/esur-sa\"],\"linksDescripcion\":[\"ref\",\"gf\",\"tfyju\"],\"seniaDescripcion\":null,\"totalDescripcion\":null,\"estadoProyecto\":\"Proyecto en Curso\"}',	'[{\"id\":11,\"usuario\":\"Mlplak\",\"nombre_completo\":\"ML plak\",\"correo_google\":\"ml_plak@gmail.com\",\"operacion\":\"Peticion\",\"comentario\":\"\"},{\"id\":29,\"usuario\":\"MLPLAKUsuario\",\"nombre_completo\":\"MLPLAKUsuario\",\"correo_google\":\"egafs@gmail.com\",\"operacion\":\"Revisado\",\"comentario\":\"\"},{\"id\":11,\"usuario\":\"Mlplak\",\"nombre_completo\":\"ML plak\",\"correo_google\":\"ml_plak@gmail.com\",\"operacion\":\"Confirmado\",\"comentario\":\"\"}]',	NULL,	'[{\"id\":1713,\"pregunta\":\"se revisaron los herrajes, bisagras correderas?\",\"respuesta\":null,\"estatus\":\"activo\",\"completa\":false},{\"id\":1714,\"pregunta\":\"se revisaron los sentidos de las vetas?\",\"respuesta\":null,\"estatus\":\"activo\",\"completa\":false},{\"id\":1725,\"pregunta\":\"se realizaron los ajustes de niveles, plomos y escuadras?\",\"respuesta\":null,\"estatus\":\"activo\",\"completa\":false},{\"id\":1726,\"pregunta\":\"las aperturas de cajones o puertas se ven afectados por alg\\u00fan elemento del ambiente como estufa puerta, ventana cortina etc?\",\"respuesta\":null,\"estatus\":\"activo\",\"completa\":false},{\"id\":1727,\"pregunta\":\"los cajones o bandejas salen por las puertas del mismo mueble?\",\"respuesta\":null,\"estatus\":\"activo\",\"completa\":false},{\"id\":1728,\"pregunta\":\"Se controlo el tama\\u00f1o de las puertas y frentes de caj\\u00f3n? las l\\u00edneas est\\u00e9ticas estan correctas?\",\"respuesta\":null,\"estatus\":\"activo\",\"completa\":false},{\"id\":1729,\"pregunta\":\"se revisaron todos los tapacantos? todos los listones tienen los respectivos tapacantos?\",\"respuesta\":null,\"estatus\":\"activo\",\"completa\":false},{\"id\":1730,\"pregunta\":\"las m\\u00e9nsulas no se interponen con alguna piezas del mueble?\",\"respuesta\":null,\"estatus\":\"activo\",\"completa\":false},{\"id\":1731,\"pregunta\":\"la mesada apoya en el mueble? hay banquina existentes?\",\"respuesta\":null,\"estatus\":\"activo\",\"completa\":false},{\"id\":1732,\"pregunta\":\"Lleva alg\\u00fan accesorio?\",\"respuesta\":null,\"estatus\":\"activo\",\"completa\":false},{\"id\":1733,\"pregunta\":\"se crearon todas las notas de acci\\u00f3n necesarias?\",\"respuesta\":null,\"estatus\":\"activo\",\"completa\":false},{\"id\":1734,\"pregunta\":\"que sistema de apertura lleva y que linea? color\",\"respuesta\":null,\"estatus\":\"activo\",\"completa\":false},{\"id\":1735,\"pregunta\":\"Est\\u00e1n contempladas, caladas, las molduras y los z\\u00f3calos?\",\"respuesta\":null,\"estatus\":\"activo\",\"completa\":false},{\"id\":1736,\"pregunta\":\"lleva otros calados? enchufes, llaves?\",\"respuesta\":null,\"estatus\":\"activo\",\"completa\":false},{\"id\":1737,\"pregunta\":\"Como se ingresa al lugar? Ascensor- escalera- otro\",\"respuesta\":null,\"estatus\":\"activo\",\"completa\":false},{\"id\":1739,\"pregunta\":\"se revisaron las profundidades de mesada y banquina?\",\"respuesta\":null,\"estatus\":\"activo\",\"completa\":false},{\"id\":1740,\"pregunta\":\"Se realizo una revisi\\u00f3n general de las medidas globales?\",\"respuesta\":null,\"estatus\":\"activo\",\"completa\":false},{\"id\":1741,\"pregunta\":\"Se puede armar en el Lugar? como se arma?\",\"respuesta\":null,\"estatus\":\"activo\",\"completa\":false},{\"id\":1742,\"pregunta\":\"Todos los \\\"artefactos\\\" como hornos, microondas, cavas, tv,  etc.  entran en los espacios destinados?\",\"respuesta\":null,\"estatus\":\"activo\",\"completa\":false},{\"id\":1743,\"pregunta\":\"Se contemplo la BAcha y anafe en profundidad?  y en altura?\",\"respuesta\":null,\"estatus\":\"activo\",\"completa\":false},{\"id\":1744,\"pregunta\":\"Se contemplaron los desag\\u00fces? las bocas de pillea o boca de inspecci\\u00f3n en el piso ?\",\"respuesta\":null,\"estatus\":\"activo\",\"completa\":false},{\"id\":1745,\"pregunta\":\"Se contemplo la profundidad de la banquina? y el ancho? si el mueble o banquina va entre z\\u00f3calos se contemplo eso?\",\"respuesta\":null,\"estatus\":\"activo\",\"completa\":false}]',	'[{\"id\":1717,\"pregunta\":\"Como es el ingreso al lugar? es en planta baja? o planta alta?  pasillo? casa? edificio? ascensor?\",\"respuesta\":null,\"estatus\":\"activo\",\"completa\":false},{\"id\":1718,\"pregunta\":\"Como es la habitaci\\u00f3n o lugar donde se va a armar?\",\"respuesta\":null,\"estatus\":\"activo\",\"completa\":false},{\"id\":1719,\"pregunta\":\"Se puede armar en el Lugar? como se arma?\",\"respuesta\":null,\"estatus\":\"activo\",\"completa\":false},{\"id\":1720,\"pregunta\":\"Tiene todo terminado? piso, techo, paredes? revestimientos?  Listo para tomar las medidas?\",\"respuesta\":null,\"estatus\":\"activo\",\"completa\":false},{\"id\":1771,\"pregunta\":\"se agregaron los detalles de la conversaci\\u00f3n a Notas? pedidos del cliente, plano inicial, fotos, etc,\",\"respuesta\":null,\"estatus\":\"activo\",\"completa\":false},{\"id\":1811,\"pregunta\":\"observaciones sobre modelo\",\"respuesta\":null,\"estatus\":\"activo\",\"completa\":false},{\"id\":1812,\"pregunta\":\"observaciones sobre construcci\\u00f3n o acceso\",\"respuesta\":null,\"estatus\":\"activo\",\"completa\":false},{\"id\":1813,\"pregunta\":\"observaciones sobre artefactos o accesorios\",\"respuesta\":null,\"estatus\":\"activo\",\"completa\":false},{\"id\":1817,\"pregunta\":\"de que material son las paredes de la zona donde va a instalarse el mueble? durlok? steel frame? wood frame? construcci\\u00f3n tradicional? otro?\",\"respuesta\":null,\"estatus\":\"activo\",\"completa\":false}]',	'Confirmado',	'1',	'2022-04-20 17:48:36',	'2022-04-20 18:01:00'),
(7,	'39a99d604ac0f22581d30190a0b15283',	'11',	'11',	'{\"username\":\"Mlplak\",\"token_project\":\"39a99d604ac0f22581d30190a0b15283\",\"name\":\"Fabian Quintero\",\"address\":\"145 y 617, barrio \\u201cLos Teros\\u201d\",\"phone\":\"2214 38-3869\",\"mueble\":\"bajomesada\",\"total\":\"224599\",\"senia\":\"0\",\"encargadoMed\":56,\"encargadoInst\":13,\"connectedCNC\":-1,\"fechaMedicion\":[],\"horaMedicion\":[],\"otrasFechaInstalacion\":[],\"otrasHoraInstalacion\":[],\"fechaInstalacion\":\"NaN\\/NaN\\/NaN\",\"horaInstalacion\":\"NaN:NaN\",\"comentarioInstalacion\":\"n\",\"comentarioResumenPresupuestoMaterial\":\"n\",\"comentario\":null,\"saldo\":57273,\"pagos\":[{\"monto\":\"33690\",\"descripcion\":\"-15% bonificaci\\u00f3n pago por transferencia\",\"tipo\":null,\"date\":\"2022-04-20T11:40:27.533Z\",\"createdBy\":\"Eli\",\"isNew\":true,\"paymentType\":null},{\"monto\":\"133636\",\"descripcion\":\"se\\u00f1a\",\"tipo\":\"transferencia\",\"date\":\"2022-04-20T11:40:46.224Z\",\"createdBy\":\"Eli\",\"isNew\":true}],\"items\":[{\"monto\":\"224599\",\"descripcion\":\"bajo mesada, linea premium, color\",\"date\":\"2022-04-20T11:40:01.218Z\",\"createdBy\":\"Eli\"}],\"links\":[\"http:\\/\\/somup.com\\/c3hDldtV7B\",\"http:\\/\\/somup.com\\/c3hDlMtVs2\",\"http:\\/\\/somup.com\\/c3hDl9tVsz\",\"http:\\/\\/somup.com\\/c3hDIVtVsS\",\"http:\\/\\/somup.com\\/c3hDIftVMO\",\"http:\\/\\/somup.com\\/c3hDIItVLb\"],\"linksDescripcion\":[\"General para todos\",\"Modulo 1 y 4 armado e instalaci\\u00f3n\",\"MOdulo 2 bacha\",\"Modulo 3 cajones y cubiertero\",\"Modulo 5 especiero\",\"Instalaci\\u00f3n\"],\"seniaDescripcion\":null,\"totalDescripcion\":null,\"estadoProyecto\":\"Proyecto en Curso\"}',	'[{\"id\":11,\"usuario\":\"Mlplak\",\"nombre_completo\":\"ML plak\",\"correo_google\":\"ml_plak@gmail.com\",\"operacion\":\"Peticion\",\"comentario\":\"\"},{\"id\":29,\"usuario\":\"MLPLAKUsuario\",\"nombre_completo\":\"MLPLAKUsuario\",\"correo_google\":\"egafs@gmail.com\",\"operacion\":\"Revisado\",\"comentario\":\"\"},{\"id\":11,\"usuario\":\"Mlplak\",\"nombre_completo\":\"ML plak\",\"correo_google\":\"ml_plak@gmail.com\",\"operacion\":\"Confirmado\",\"comentario\":\"\"}]',	NULL,	'[{\"id\":1713,\"pregunta\":\"se revisaron los herrajes, bisagras correderas?\",\"respuesta\":\"Si\",\"estatus\":\"activo\",\"completa\":false},{\"id\":1714,\"pregunta\":\"se revisaron los sentidos de las vetas?\",\"respuesta\":\"-\",\"estatus\":\"activo\",\"completa\":false},{\"id\":1725,\"pregunta\":\"se realizaron los ajustes de niveles, plomos y escuadras?\",\"respuesta\":\"No se relevaron\",\"estatus\":\"activo\",\"completa\":false},{\"id\":1726,\"pregunta\":\"las aperturas de cajones o puertas se ven afectados por alg\\u00fan elemento del ambiente como estufa puerta, ventana cortina etc?\",\"respuesta\":\"No se ve en el reporte de medidas, que no tiene fotos, y en el video la pared derecha no se llega a ver si hay algo que impida la apertura del especiero\",\"estatus\":\"activo\",\"completa\":false},{\"id\":1727,\"pregunta\":\"los cajones o bandejas salen por las puertas del mismo mueble?\",\"respuesta\":\"-\",\"estatus\":\"activo\",\"completa\":false},{\"id\":1728,\"pregunta\":\"Se controlo el tama\\u00f1o de las puertas y frentes de caj\\u00f3n? las l\\u00edneas est\\u00e9ticas estan correctas?\",\"respuesta\":\"Si todo corecto\",\"estatus\":\"activo\",\"completa\":false},{\"id\":1729,\"pregunta\":\"se revisaron todos los tapacantos? todos los listones tienen los respectivos tapacantos?\",\"respuesta\":\"Si, \\u00bflos necesarios.\",\"estatus\":\"activo\",\"completa\":false},{\"id\":1730,\"pregunta\":\"las m\\u00e9nsulas no se interponen con alguna piezas del mueble?\",\"respuesta\":\"SI pero se contemplaron y calaron\",\"estatus\":\"activo\",\"completa\":false},{\"id\":1731,\"pregunta\":\"la mesada apoya en el mueble? hay banquina existentes?\",\"respuesta\":\"No,  Hay banquinas existentes\",\"estatus\":\"activo\",\"completa\":false},{\"id\":1732,\"pregunta\":\"Lleva alg\\u00fan accesorio?\",\"respuesta\":\"Cubiertero y cesto de basutra\",\"estatus\":\"activo\",\"completa\":false},{\"id\":1733,\"pregunta\":\"se crearon todas las notas de acci\\u00f3n necesarias?\",\"respuesta\":\"Si\",\"estatus\":\"activo\",\"completa\":false},{\"id\":1734,\"pregunta\":\"que sistema de apertura lleva y que linea? color\",\"respuesta\":\"Negro en MDF linea premium \\\"VIEJA\\\"\",\"estatus\":\"activo\",\"completa\":false},{\"id\":1735,\"pregunta\":\"Est\\u00e1n contempladas, caladas, las molduras y los z\\u00f3calos?\",\"respuesta\":\"SI\",\"estatus\":\"activo\",\"completa\":false},{\"id\":1736,\"pregunta\":\"lleva otros calados? enchufes, llaves?\",\"respuesta\":\"SI estan contemplados\",\"estatus\":\"activo\",\"completa\":false},{\"id\":1737,\"pregunta\":\"Como se ingresa al lugar? Ascensor- escalera- otro\",\"respuesta\":\"Una sola planata\",\"estatus\":\"activo\",\"completa\":false},{\"id\":1739,\"pregunta\":\"se revisaron las profundidades de mesada y banquina?\",\"respuesta\":\"SI\",\"estatus\":\"activo\",\"completa\":false},{\"id\":1740,\"pregunta\":\"Se realizo una revisi\\u00f3n general de las medidas globales?\",\"respuesta\":\"SI\",\"estatus\":\"activo\",\"completa\":false},{\"id\":1741,\"pregunta\":\"Se puede armar en el Lugar? como se arma?\",\"respuesta\":\"SI por modulos\",\"estatus\":\"activo\",\"completa\":false},{\"id\":1742,\"pregunta\":\"Todos los \\\"artefactos\\\" como hornos, microondas, cavas, tv,  etc.  entran en los espacios destinados?\",\"respuesta\":\"Si\",\"estatus\":\"activo\",\"completa\":false},{\"id\":1743,\"pregunta\":\"Se contemplo la BAcha y anafe en profundidad?  y en altura?\",\"respuesta\":\"si, pero esta muy justo todo en ese sector\",\"estatus\":\"activo\",\"completa\":false},{\"id\":1744,\"pregunta\":\"Se contemplaron los desag\\u00fces? las bocas de pillea o boca de inspecci\\u00f3n en el piso ?\",\"respuesta\":\"SI se dividio el piso del modulo para que quede totalmente accesible sacando el caj\\u00f3n.\",\"estatus\":\"activo\",\"completa\":false},{\"id\":1745,\"pregunta\":\"Se contemplo la profundidad de la banquina? y el ancho? si el mueble o banquina va entre z\\u00f3calos se contemplo eso?\",\"respuesta\":\"si\",\"estatus\":\"activo\",\"completa\":false}]',	'[{\"id\":1717,\"pregunta\":\"Como es el ingreso al lugar? es en planta baja? o planta alta?  pasillo? casa? edificio? ascensor?\",\"respuesta\":\"Hay que entrar por 143 y 617 (hay una tranquera de entrada que esta abierta) y hacer dos cuadras. Es la casa grande que tiene el transformador de edelap en la vereda. Una sola planta.\",\"estatus\":\"activo\",\"completa\":false},{\"id\":1718,\"pregunta\":\"Como es la habitaci\\u00f3n o lugar donde se va a armar?\",\"respuesta\":\"Foto en nota\",\"estatus\":\"activo\",\"completa\":false},{\"id\":1719,\"pregunta\":\"Se puede armar en el Lugar? como se arma?\",\"respuesta\":null,\"estatus\":\"activo\",\"completa\":false},{\"id\":1720,\"pregunta\":\"Tiene todo terminado? piso, techo, paredes? revestimientos?  Listo para tomar las medidas?\",\"respuesta\":\"si\",\"estatus\":\"activo\",\"completa\":false},{\"id\":1771,\"pregunta\":\"se agregaron los detalles de la conversaci\\u00f3n a Notas? pedidos del cliente, plano inicial, fotos, etc,\",\"respuesta\":\"si\",\"estatus\":\"activo\",\"completa\":false},{\"id\":1811,\"pregunta\":\"observaciones sobre modelo\",\"respuesta\":null,\"estatus\":\"activo\",\"completa\":false},{\"id\":1812,\"pregunta\":\"observaciones sobre construcci\\u00f3n o acceso\",\"respuesta\":null,\"estatus\":\"activo\",\"completa\":false},{\"id\":1813,\"pregunta\":\"observaciones sobre artefactos o accesorios\",\"respuesta\":null,\"estatus\":\"activo\",\"completa\":false},{\"id\":1817,\"pregunta\":\"de que material son las paredes de la zona donde va a instalarse el mueble? durlok? steel frame? wood frame? construcci\\u00f3n tradicional? otro?\",\"respuesta\":\"La casa esta completa y habitada, es de construcci\\u00f3n tradicional con ladrillo hueco, revoque planchado y pintura.\",\"estatus\":\"activo\",\"completa\":false}]',	'Confirmado',	'1',	'2022-05-16 14:40:05',	'2022-05-16 15:06:44'),
(8,	'7ad89caf871218b62edef5523a9bdd50',	'11',	'11',	'{\"username\":\"Mlplak\",\"token_project\":\"7ad89caf871218b62edef5523a9bdd50\",\"name\":\"Sandra Quiroga\",\"address\":\"41 y 190 n\\u00b049 Olmos\",\"phone\":\"2214372426\",\"mueble\":\"Escritorio y respaldar con mesa de luz\",\"total\":\"280971\",\"senia\":\"0\",\"encargadoMed\":57,\"encargadoInst\":36,\"connectedCNC\":-1,\"fechaMedicion\":[],\"horaMedicion\":[],\"otrasFechaInstalacion\":[],\"otrasHoraInstalacion\":[],\"fechaInstalacion\":\"NaN\\/NaN\\/NaN\",\"horaInstalacion\":\"NaN:NaN\",\"comentarioInstalacion\":\"Color Seda Giorno\",\"comentarioResumenPresupuestoMaterial\":\"n\",\"comentario\":null,\"saldo\":0,\"pagos\":[{\"monto\":\"56195\",\"descripcion\":\"bonificaci\\u00f3n - 20%\",\"tipo\":null,\"date\":\"2022-05-10T17:23:11.749Z\",\"createdBy\":\"Ailin\",\"isNew\":true,\"paymentType\":null},{\"monto\":\"224776\",\"descripcion\":\"total\",\"tipo\":\"efectivo\",\"date\":\"2022-05-10T17:24:06.159Z\",\"createdBy\":\"Ailin\",\"isNew\":true}],\"items\":[{\"monto\":\"280971\",\"descripcion\":\"escritorio y respaldar con mesa de luz\",\"date\":\"2022-05-10T17:22:52.103Z\",\"createdBy\":\"Ailin\"}],\"links\":[\"http:\\/\\/somup.com\\/c3hqo1tiXp\",\"http:\\/\\/somup.com\\/c3hqoltilb\"],\"linksDescripcion\":[\"Instalacion parte 1\",\"Instalacion parte 2\"],\"seniaDescripcion\":null,\"totalDescripcion\":null,\"estadoProyecto\":\"Proyecto en Curso\"}',	'[{\"id\":11,\"usuario\":\"Mlplak\",\"nombre_completo\":\"ML plak\",\"correo_google\":\"ml_plak@gmail.com\",\"operacion\":\"Peticion\",\"comentario\":\"\"},{\"id\":29,\"usuario\":\"MLPLAKUsuario\",\"nombre_completo\":\"MLPLAKUsuario\",\"correo_google\":\"egafs@gmail.com\",\"operacion\":\"Revisado\",\"comentario\":\"\"},{\"id\":11,\"usuario\":\"Mlplak\",\"nombre_completo\":\"ML plak\",\"correo_google\":\"ml_plak@gmail.com\",\"operacion\":\"Confirmado\",\"comentario\":\"\"}]',	NULL,	'[{\"id\":1713,\"pregunta\":\"se revisaron los herrajes, bisagras correderas?\",\"respuesta\":\"Si\",\"estatus\":\"activo\",\"completa\":false},{\"id\":1714,\"pregunta\":\"se revisaron los sentidos de las vetas?\",\"respuesta\":\"Si\",\"estatus\":\"activo\",\"completa\":false},{\"id\":1725,\"pregunta\":\"se realizaron los ajustes de niveles, plomos y escuadras?\",\"respuesta\":\"NO hay relevo\",\"estatus\":\"activo\",\"completa\":false},{\"id\":1726,\"pregunta\":\"las aperturas de cajones o puertas se ven afectados por alg\\u00fan elemento del ambiente como estufa puerta, ventana cortina etc?\",\"respuesta\":\"NO\",\"estatus\":\"activo\",\"completa\":false},{\"id\":1727,\"pregunta\":\"los cajones o bandejas salen por las puertas del mismo mueble?\",\"respuesta\":\"-\",\"estatus\":\"activo\",\"completa\":false},{\"id\":1728,\"pregunta\":\"Se controlo el tama\\u00f1o de las puertas y frentes de caj\\u00f3n? las l\\u00edneas est\\u00e9ticas estan correctas?\",\"respuesta\":\"si\",\"estatus\":\"activo\",\"completa\":false},{\"id\":1729,\"pregunta\":\"se revisaron todos los tapacantos? todos los listones tienen los respectivos tapacantos?\",\"respuesta\":\"si\",\"estatus\":\"activo\",\"completa\":false},{\"id\":1730,\"pregunta\":\"las m\\u00e9nsulas no se interponen con alguna piezas del mueble?\",\"respuesta\":\"-\",\"estatus\":\"activo\",\"completa\":false},{\"id\":1731,\"pregunta\":\"la mesada apoya en el mueble? hay banquina existentes?\",\"respuesta\":\"-\",\"estatus\":\"activo\",\"completa\":false},{\"id\":1732,\"pregunta\":\"Lleva alg\\u00fan accesorio?\",\"respuesta\":\"-\",\"estatus\":\"activo\",\"completa\":false},{\"id\":1733,\"pregunta\":\"se crearon todas las notas de acci\\u00f3n necesarias?\",\"respuesta\":\"no llev\",\"estatus\":\"activo\",\"completa\":false},{\"id\":1734,\"pregunta\":\"que sistema de apertura lleva y que linea? color\",\"respuesta\":\"Premium sistema de Soft clos\",\"estatus\":\"activo\",\"completa\":false},{\"id\":1735,\"pregunta\":\"Est\\u00e1n contempladas, caladas, las molduras y los z\\u00f3calos?\",\"respuesta\":\"si\",\"estatus\":\"activo\",\"completa\":false},{\"id\":1736,\"pregunta\":\"lleva otros calados? enchufes, llaves?\",\"respuesta\":\"si\",\"estatus\":\"activo\",\"completa\":false},{\"id\":1737,\"pregunta\":\"Como se ingresa al lugar? Ascensor- escalera- otro\",\"respuesta\":\"casaen plana alta\",\"estatus\":\"activo\",\"completa\":false},{\"id\":1739,\"pregunta\":\"se revisaron las profundidades de mesada y banquina?\",\"respuesta\":\"-\",\"estatus\":\"activo\",\"completa\":false},{\"id\":1740,\"pregunta\":\"Se realizo una revisi\\u00f3n general de las medidas globales?\",\"respuesta\":\"-\",\"estatus\":\"activo\",\"completa\":false},{\"id\":1741,\"pregunta\":\"Se puede armar en el Lugar? como se arma?\",\"respuesta\":\"se lleva todo modulado\",\"estatus\":\"activo\",\"completa\":false},{\"id\":1742,\"pregunta\":\"Todos los \\\"artefactos\\\" como hornos, microondas, cavas, tv,  etc.  entran en los espacios destinados?\",\"respuesta\":\"-\",\"estatus\":\"activo\",\"completa\":false},{\"id\":1743,\"pregunta\":\"Se contemplo la BAcha y anafe en profundidad?  y en altura?\",\"respuesta\":\"-\",\"estatus\":\"activo\",\"completa\":false},{\"id\":1744,\"pregunta\":\"Se contemplaron los desag\\u00fces? las bocas de pillea o boca de inspecci\\u00f3n en el piso ?\",\"respuesta\":\"-\",\"estatus\":\"activo\",\"completa\":false},{\"id\":1745,\"pregunta\":\"Se contemplo la profundidad de la banquina? y el ancho? si el mueble o banquina va entre z\\u00f3calos se contemplo eso?\",\"respuesta\":\"-\",\"estatus\":\"activo\",\"completa\":false}]',	'[{\"id\":1717,\"pregunta\":\"Como es el ingreso al lugar? es en planta baja? o planta alta?  pasillo? casa? edificio? ascensor?\",\"respuesta\":\"casa en planta alta.\",\"estatus\":\"activo\",\"completa\":false},{\"id\":1718,\"pregunta\":\"Como es la habitaci\\u00f3n o lugar donde se va a armar?\",\"respuesta\":\"s\",\"estatus\":\"activo\",\"completa\":false},{\"id\":1719,\"pregunta\":\"Se puede armar en el Lugar? como se arma?\",\"respuesta\":\"si\",\"estatus\":\"activo\",\"completa\":false},{\"id\":1720,\"pregunta\":\"Tiene todo terminado? piso, techo, paredes? revestimientos?  Listo para tomar las medidas?\",\"respuesta\":\"si\",\"estatus\":\"activo\",\"completa\":false},{\"id\":1771,\"pregunta\":\"se agregaron los detalles de la conversaci\\u00f3n a Notas? pedidos del cliente, plano inicial, fotos, etc,\",\"respuesta\":\"si\",\"estatus\":\"activo\",\"completa\":false},{\"id\":1811,\"pregunta\":\"observaciones sobre modelo\",\"respuesta\":null,\"estatus\":\"activo\",\"completa\":false},{\"id\":1812,\"pregunta\":\"observaciones sobre construcci\\u00f3n o acceso\",\"respuesta\":null,\"estatus\":\"activo\",\"completa\":false},{\"id\":1813,\"pregunta\":\"observaciones sobre artefactos o accesorios\",\"respuesta\":null,\"estatus\":\"activo\",\"completa\":false},{\"id\":1817,\"pregunta\":\"de que material son las paredes de la zona donde va a instalarse el mueble? durlok? steel frame? wood frame? construcci\\u00f3n tradicional? otro?\",\"respuesta\":\"construccion tradicional\",\"estatus\":\"activo\",\"completa\":false}]',	'Confirmado',	'1',	'2022-05-19 16:19:20',	'2022-05-19 16:29:10'),
(9,	'7eee02d595f213474b1d744cf69a68ed',	'11',	'11',	'{\"username\":\"Mlplak\",\"token_project\":\"7eee02d595f213474b1d744cf69a68ed\",\"name\":\"Sandra Zapiola\",\"address\":\"La Plata\",\"phone\":\"2216154881\",\"mueble\":\"rack living\",\"total\":\"224312\",\"senia\":\"0\",\"encargadoMed\":57,\"encargadoInst\":55,\"connectedCNC\":-1,\"fechaMedicion\":[],\"horaMedicion\":[],\"otrasFechaInstalacion\":[],\"otrasHoraInstalacion\":[],\"fechaInstalacion\":\"NaN\\/NaN\\/NaN\",\"horaInstalacion\":\"NaN:NaN\",\"comentarioInstalacion\":\"rack living\",\"comentarioResumenPresupuestoMaterial\":\"f\",\"comentario\":null,\"saldo\":0,\"pagos\":[{\"monto\":\"44863\",\"descripcion\":\"bonificaci\\u00f3n -20%\",\"tipo\":null,\"date\":\"2022-05-02T18:04:19.164Z\",\"createdBy\":\"Ailin\",\"isNew\":true,\"paymentType\":null},{\"monto\":\"100000\",\"descripcion\":\"pago 1\",\"tipo\":\"efectivo\",\"date\":\"2022-05-02T18:04:44.105Z\",\"createdBy\":\"Ailin\",\"isNew\":true},{\"monto\":\"79449\",\"descripcion\":\"pago 2\",\"tipo\":\"transferencia\",\"date\":\"2022-05-02T18:04:58.387Z\",\"createdBy\":\"Ailin\",\"isNew\":true}],\"items\":[{\"monto\":\"224312\",\"descripcion\":\"rack x 2, vanitory\",\"date\":\"2022-05-02T18:03:57.807Z\",\"createdBy\":\"Ailin\"}],\"links\":[\"http:\\/\\/somup.com\\/c31VFrtZBy\",\"http:\\/\\/somup.com\\/c31VFZtZBL\"],\"linksDescripcion\":[\"prearmado\",\"instalaci\\u00f3n\"],\"seniaDescripcion\":null,\"totalDescripcion\":null,\"estadoProyecto\":\"Proyecto en Curso\"}',	'[{\"id\":11,\"usuario\":\"Mlplak\",\"nombre_completo\":\"ML plak\",\"correo_google\":\"ml_plak@gmail.com\",\"operacion\":\"Peticion\",\"comentario\":\"\"},{\"id\":29,\"usuario\":\"MLPLAKUsuario\",\"nombre_completo\":\"MLPLAKUsuario\",\"correo_google\":\"egafs@gmail.com\",\"operacion\":\"Revisado\",\"comentario\":\"\"},{\"id\":11,\"usuario\":\"Mlplak\",\"nombre_completo\":\"ML plak\",\"correo_google\":\"ml_plak@gmail.com\",\"operacion\":\"Confirmado\",\"comentario\":\"\"}]',	NULL,	'[{\"id\":1713,\"pregunta\":\"se revisaron los herrajes, bisagras correderas?\",\"respuesta\":\"Si\",\"estatus\":\"activo\",\"completa\":false},{\"id\":1714,\"pregunta\":\"se revisaron los sentidos de las vetas?\",\"respuesta\":\".\",\"estatus\":\"activo\",\"completa\":false},{\"id\":1725,\"pregunta\":\"se realizaron los ajustes de niveles, plomos y escuadras?\",\"respuesta\":\".\",\"estatus\":\"activo\",\"completa\":false},{\"id\":1726,\"pregunta\":\"las aperturas de cajones o puertas se ven afectados por alg\\u00fan elemento del ambiente como estufa puerta, ventana cortina etc?\",\"respuesta\":\"no\",\"estatus\":\"activo\",\"completa\":false},{\"id\":1727,\"pregunta\":\"los cajones o bandejas salen por las puertas del mismo mueble?\",\"respuesta\":\".\",\"estatus\":\"activo\",\"completa\":false},{\"id\":1728,\"pregunta\":\"Se controlo el tama\\u00f1o de las puertas y frentes de caj\\u00f3n? las l\\u00edneas est\\u00e9ticas estan correctas?\",\"respuesta\":\"Si\",\"estatus\":\"activo\",\"completa\":false},{\"id\":1729,\"pregunta\":\"se revisaron todos los tapacantos? todos los listones tienen los respectivos tapacantos?\",\"respuesta\":\"Si\",\"estatus\":\"activo\",\"completa\":false},{\"id\":1730,\"pregunta\":\"las m\\u00e9nsulas no se interponen con alguna piezas del mueble?\",\"respuesta\":\".\",\"estatus\":\"activo\",\"completa\":false},{\"id\":1731,\"pregunta\":\"la mesada apoya en el mueble? hay banquina existentes?\",\"respuesta\":\".\",\"estatus\":\"activo\",\"completa\":false},{\"id\":1732,\"pregunta\":\"Lleva alg\\u00fan accesorio?\",\"respuesta\":\"no\",\"estatus\":\"activo\",\"completa\":false},{\"id\":1733,\"pregunta\":\"se crearon todas las notas de acci\\u00f3n necesarias?\",\"respuesta\":\".\",\"estatus\":\"activo\",\"completa\":false},{\"id\":1734,\"pregunta\":\"que sistema de apertura lleva y que linea? color\",\"respuesta\":\"l\\u00ednea cl\\u00e1sica, base AGLO Blanco, sist minimal\",\"estatus\":\"activo\",\"completa\":false},{\"id\":1735,\"pregunta\":\"Est\\u00e1n contempladas, caladas, las molduras y los z\\u00f3calos?\",\"respuesta\":\"Si\",\"estatus\":\"activo\",\"completa\":false},{\"id\":1736,\"pregunta\":\"lleva otros calados? enchufes, llaves?\",\"respuesta\":\"calados en el mod 3 (id: 3004 3012 3028) calados en mod 2 (id: 2004 2008 2034)\",\"estatus\":\"activo\",\"completa\":false},{\"id\":1737,\"pregunta\":\"Como se ingresa al lugar? Ascensor- escalera- otro\",\"respuesta\":\"depto piso 3 (ascensor)\",\"estatus\":\"activo\",\"completa\":false},{\"id\":1739,\"pregunta\":\"se revisaron las profundidades de mesada y banquina?\",\"respuesta\":\".\",\"estatus\":\"activo\",\"completa\":false},{\"id\":1740,\"pregunta\":\"Se realizo una revisi\\u00f3n general de las medidas globales?\",\"respuesta\":\"Si\",\"estatus\":\"activo\",\"completa\":false},{\"id\":1741,\"pregunta\":\"Se puede armar en el Lugar? como se arma?\",\"respuesta\":\"Si\",\"estatus\":\"activo\",\"completa\":false},{\"id\":1742,\"pregunta\":\"Todos los \\\"artefactos\\\" como hornos, microondas, cavas, tv,  etc.  entran en los espacios destinados?\",\"respuesta\":\".\",\"estatus\":\"activo\",\"completa\":false},{\"id\":1743,\"pregunta\":\"Se contemplo la BAcha y anafe en profundidad?  y en altura?\",\"respuesta\":\".\",\"estatus\":\"activo\",\"completa\":false},{\"id\":1744,\"pregunta\":\"Se contemplaron los desag\\u00fces? las bocas de pillea o boca de inspecci\\u00f3n en el piso ?\",\"respuesta\":\".\",\"estatus\":\"activo\",\"completa\":false},{\"id\":1745,\"pregunta\":\"Se contemplo la profundidad de la banquina? y el ancho? si el mueble o banquina va entre z\\u00f3calos se contemplo eso?\",\"respuesta\":\".\",\"estatus\":\"activo\",\"completa\":false}]',	'[{\"id\":1717,\"pregunta\":\"Como es el ingreso al lugar? es en planta baja? o planta alta?  pasillo? casa? edificio? ascensor?\",\"respuesta\":null,\"estatus\":\"activo\",\"completa\":false},{\"id\":1718,\"pregunta\":\"Como es la habitaci\\u00f3n o lugar donde se va a armar?\",\"respuesta\":null,\"estatus\":\"activo\",\"completa\":false},{\"id\":1719,\"pregunta\":\"Se puede armar en el Lugar? como se arma?\",\"respuesta\":null,\"estatus\":\"activo\",\"completa\":false},{\"id\":1720,\"pregunta\":\"Tiene todo terminado? piso, techo, paredes? revestimientos?  Listo para tomar las medidas?\",\"respuesta\":null,\"estatus\":\"activo\",\"completa\":false},{\"id\":1771,\"pregunta\":\"se agregaron los detalles de la conversaci\\u00f3n a Notas? pedidos del cliente, plano inicial, fotos, etc,\",\"respuesta\":null,\"estatus\":\"activo\",\"completa\":false},{\"id\":1811,\"pregunta\":\"observaciones sobre modelo\",\"respuesta\":null,\"estatus\":\"activo\",\"completa\":false},{\"id\":1812,\"pregunta\":\"observaciones sobre construcci\\u00f3n o acceso\",\"respuesta\":null,\"estatus\":\"activo\",\"completa\":false},{\"id\":1813,\"pregunta\":\"observaciones sobre artefactos o accesorios\",\"respuesta\":null,\"estatus\":\"activo\",\"completa\":false},{\"id\":1817,\"pregunta\":\"de que material son las paredes de la zona donde va a instalarse el mueble? durlok? steel frame? wood frame? construcci\\u00f3n tradicional? otro?\",\"respuesta\":null,\"estatus\":\"activo\",\"completa\":false}]',	'Confirmado',	'1',	'2022-06-04 08:38:57',	'2022-06-04 08:41:35'),
(10,	'b6f9b824eb6cf039e8d865f6a5e3f038',	'11',	'11',	'{\"username\":\"MLPLAKUsuario\",\"token_project\":\"b6f9b824eb6cf039e8d865f6a5e3f038\",\"name\":\"maria jose bellini\",\"address\":\"519 N3742 e132 y133\",\"phone\":\"221 6421347\",\"mueble\":\"Cama 4 caj 2 zap\",\"total\":\"103580\",\"senia\":\"0\",\"encargadoMed\":55,\"encargadoInst\":60,\"connectedCNC\":-1,\"fechaMedicion\":[],\"horaMedicion\":[],\"otrasFechaInstalacion\":[],\"otrasHoraInstalacion\":[],\"fechaInstalacion\":\"NaN\\/NaN\\/NaN\",\"horaInstalacion\":\"NaN:NaN\",\"comentarioInstalacion\":\"sola\",\"comentarioResumenPresupuestoMaterial\":\"no incluye video por la repeticion de este modelo\",\"comentario\":null,\"saldo\":-1,\"pagos\":[{\"monto\":\"103581\",\"descripcion\":\"pago total\",\"tipo\":\"12 cuotas\",\"date\":\"2022-06-22T18:02:30.827Z\",\"createdBy\":\"mariano\",\"isNew\":true}],\"items\":[{\"monto\":\"86317\",\"descripcion\":\"total cama 4 cajones 2 zapateros 1 bau sin respaldo ni mesa\",\"date\":\"2022-06-22T18:01:36.559Z\",\"createdBy\":\"mariano\"},{\"monto\":\"17263\",\"descripcion\":\"cambnio a MDF prem\",\"date\":\"2022-06-22T18:02:15.768Z\",\"createdBy\":\"mariano\"}],\"links\":[],\"linksDescripcion\":[],\"seniaDescripcion\":null,\"totalDescripcion\":null,\"estadoProyecto\":\"Proyecto en Curso\"}',	'[{\"id\":11,\"usuario\":\"Mlplak\",\"nombre_completo\":\"ML plak\",\"correo_google\":\"ml_plak@gmail.com\",\"operacion\":\"Peticion\",\"comentario\":\"\"},{\"id\":29,\"usuario\":\"MLPLAKUsuario\",\"nombre_completo\":\"MLPLAKUsuario\",\"correo_google\":\"egafs@gmail.com\",\"operacion\":\"Revisado\",\"comentario\":\"\"},{\"id\":11,\"usuario\":\"Mlplak\",\"nombre_completo\":\"ML plak\",\"correo_google\":\"ml_plak@gmail.com\",\"operacion\":\"Confirmado\",\"comentario\":\"\"}]',	NULL,	'[{\"id\":1713,\"pregunta\":\"se revisaron los herrajes, bisagras correderas?\",\"respuesta\":\"-\",\"estatus\":\"activo\",\"completa\":false},{\"id\":1714,\"pregunta\":\"se revisaron los sentidos de las vetas?\",\"respuesta\":\"-\",\"estatus\":\"activo\",\"completa\":false},{\"id\":1725,\"pregunta\":\"se realizaron los ajustes de niveles, plomos y escuadras?\",\"respuesta\":\"-\",\"estatus\":\"activo\",\"completa\":false},{\"id\":1726,\"pregunta\":\"las aperturas de cajones o puertas se ven afectados por alg\\u00fan elemento del ambiente como estufa puerta, ventana cortina etc?\",\"respuesta\":\"-\",\"estatus\":\"activo\",\"completa\":false},{\"id\":1727,\"pregunta\":\"los cajones o bandejas salen por las puertas del mismo mueble?\",\"respuesta\":\"-\",\"estatus\":\"activo\",\"completa\":false},{\"id\":1728,\"pregunta\":\"Se controlo el tama\\u00f1o de las puertas y frentes de caj\\u00f3n? las l\\u00edneas est\\u00e9ticas estan correctas?\",\"respuesta\":\"-\",\"estatus\":\"activo\",\"completa\":false},{\"id\":1729,\"pregunta\":\"se revisaron todos los tapacantos? todos los listones tienen los respectivos tapacantos?\",\"respuesta\":\"-\",\"estatus\":\"activo\",\"completa\":false},{\"id\":1730,\"pregunta\":\"las m\\u00e9nsulas no se interponen con alguna piezas del mueble?\",\"respuesta\":\"-\",\"estatus\":\"activo\",\"completa\":false},{\"id\":1731,\"pregunta\":\"la mesada apoya en el mueble? hay banquina existentes?\",\"respuesta\":\"-\",\"estatus\":\"activo\",\"completa\":false},{\"id\":1732,\"pregunta\":\"Lleva alg\\u00fan accesorio?\",\"respuesta\":\"-\",\"estatus\":\"activo\",\"completa\":false},{\"id\":1733,\"pregunta\":\"se crearon todas las notas de acci\\u00f3n necesarias?\",\"respuesta\":\"-\",\"estatus\":\"activo\",\"completa\":false},{\"id\":1734,\"pregunta\":\"que sistema de apertura lleva y que linea? color\",\"respuesta\":\"-\",\"estatus\":\"activo\",\"completa\":false},{\"id\":1735,\"pregunta\":\"Est\\u00e1n contempladas, caladas, las molduras y los z\\u00f3calos?\",\"respuesta\":\"-\",\"estatus\":\"activo\",\"completa\":false},{\"id\":1736,\"pregunta\":\"lleva otros calados? enchufes, llaves?\",\"respuesta\":null,\"estatus\":\"activo\",\"completa\":false},{\"id\":1737,\"pregunta\":\"Como se ingresa al lugar? Ascensor- escalera- otro\",\"respuesta\":\"-\",\"estatus\":\"activo\",\"completa\":false},{\"id\":1739,\"pregunta\":\"se revisaron las profundidades de mesada y banquina?\",\"respuesta\":\"-\",\"estatus\":\"activo\",\"completa\":false},{\"id\":1740,\"pregunta\":\"Se realizo una revisi\\u00f3n general de las medidas globales?\",\"respuesta\":\"-\",\"estatus\":\"activo\",\"completa\":false},{\"id\":1741,\"pregunta\":\"Se puede armar en el Lugar? como se arma?\",\"respuesta\":\"-\",\"estatus\":\"activo\",\"completa\":false},{\"id\":1742,\"pregunta\":\"Todos los \\\"artefactos\\\" como hornos, microondas, cavas, tv,  etc.  entran en los espacios destinados?\",\"respuesta\":\"-\",\"estatus\":\"activo\",\"completa\":false},{\"id\":1743,\"pregunta\":\"Se contemplo la BAcha y anafe en profundidad?  y en altura?\",\"respuesta\":\"-\",\"estatus\":\"activo\",\"completa\":false},{\"id\":1744,\"pregunta\":\"Se contemplaron los desag\\u00fces? las bocas de pillea o boca de inspecci\\u00f3n en el piso ?\",\"respuesta\":\"-\",\"estatus\":\"activo\",\"completa\":false},{\"id\":1745,\"pregunta\":\"Se contemplo la profundidad de la banquina? y el ancho? si el mueble o banquina va entre z\\u00f3calos se contemplo eso?\",\"respuesta\":\"-\",\"estatus\":\"activo\",\"completa\":false}]',	'[{\"id\":1717,\"pregunta\":\"Como es el ingreso al lugar? es en planta baja? o planta alta?  pasillo? casa? edificio? ascensor?\",\"respuesta\":\"Ver en el otro proyecto de gustavo\",\"estatus\":\"activo\",\"completa\":false},{\"id\":1718,\"pregunta\":\"Como es la habitaci\\u00f3n o lugar donde se va a armar?\",\"respuesta\":\"Ver en el otro proyecto de gustavo\",\"estatus\":\"activo\",\"completa\":false},{\"id\":1719,\"pregunta\":\"Se puede armar en el Lugar? como se arma?\",\"respuesta\":\"Ver en el otro proyecto de gustavo\",\"estatus\":\"activo\",\"completa\":false},{\"id\":1720,\"pregunta\":\"Tiene todo terminado? piso, techo, paredes? revestimientos?  Listo para tomar las medidas?\",\"respuesta\":\"Ver en el otro proyecto de gustavo\",\"estatus\":\"activo\",\"completa\":false},{\"id\":1771,\"pregunta\":\"se agregaron los detalles de la conversaci\\u00f3n a Notas? pedidos del cliente, plano inicial, fotos, etc,\",\"respuesta\":\"Ver en el otro proyecto de gustavo\",\"estatus\":\"activo\",\"completa\":false},{\"id\":1811,\"pregunta\":\"observaciones sobre modelo\",\"respuesta\":\"Ver en el otro proyecto de gustavo\",\"estatus\":\"activo\",\"completa\":false},{\"id\":1812,\"pregunta\":\"observaciones sobre construcci\\u00f3n o acceso\",\"respuesta\":\"Ver en el otro proyecto de gustavo\",\"estatus\":\"activo\",\"completa\":false},{\"id\":1813,\"pregunta\":\"observaciones sobre artefactos o accesorios\",\"respuesta\":\"Ver en el otro proyecto de gustavo\",\"estatus\":\"activo\",\"completa\":false},{\"id\":1817,\"pregunta\":\"de que material son las paredes de la zona donde va a instalarse el mueble? durlok? steel frame? wood frame? construcci\\u00f3n tradicional? otro?\",\"respuesta\":\"Ver en el otro proyecto de gustavo\",\"estatus\":\"activo\",\"completa\":false}]',	'Confirmado',	'1',	'2022-06-23 08:29:27',	'2022-06-23 08:30:39'),
(11,	'67f6560d76faae0494a9769082569db2',	'11',	'11',	'{\"username\":\"Mlplak\",\"token_project\":\"67f6560d76faae0494a9769082569db2\",\"name\":\"Maria Florencia Palavecino\",\"address\":\"Av. 38 e\\/ 118 y 119 N\\u00b0 85\",\"phone\":\"2214192122\",\"mueble\":\"interior de placard\",\"total\":\"192773\",\"senia\":\"0\",\"encargadoMed\":56,\"encargadoInst\":39,\"connectedCNC\":-1,\"fechaMedicion\":[],\"horaMedicion\":[],\"otrasFechaInstalacion\":[],\"otrasHoraInstalacion\":[],\"fechaInstalacion\":\"NaN\\/NaN\\/NaN\",\"horaInstalacion\":\"NaN:NaN\",\"comentarioInstalacion\":\"n\",\"comentarioResumenPresupuestoMaterial\":\"n\",\"comentario\":null,\"saldo\":0,\"pagos\":[{\"monto\":\"174800\",\"descripcion\":\"pago 1 (24 cuotas)\",\"tipo\":-1,\"date\":\"2022-05-21T14:45:43.530Z\",\"createdBy\":\"Eli\",\"isNew\":true,\"tipoPago\":\"24 cuotas\"},{\"monto\":\"17973\",\"descripcion\":\"pago 2 (24 cuotas)\",\"tipo\":-1,\"date\":\"2022-05-21T14:46:21.632Z\",\"createdBy\":\"Eli\",\"isNew\":true,\"tipoPago\":\"24 cuotas\"}],\"items\":[{\"monto\":\"150604\",\"descripcion\":\"Interior de placard a medida seg\\u00fan presupuesto, color blanco, linea premium\",\"date\":\"2022-05-21T14:39:34.781Z\",\"createdBy\":\"Eli\"},{\"monto\":\"42169\",\"descripcion\":\"+28% adicional 24 cuotas\",\"date\":\"2022-05-21T14:40:58.141Z\",\"createdBy\":\"Eli\"}],\"links\":[],\"linksDescripcion\":[],\"seniaDescripcion\":null,\"totalDescripcion\":null,\"estadoProyecto\":\"Proyecto en Curso\"}',	'[{\"id\":11,\"usuario\":\"Mlplak\",\"nombre_completo\":\"ML plak\",\"correo_google\":\"ml_plak@gmail.com\",\"operacion\":\"Peticion\",\"comentario\":\"\"},{\"id\":29,\"usuario\":\"MLPLAKUsuario\",\"nombre_completo\":\"MLPLAKUsuario\",\"correo_google\":\"egafs@gmail.com\",\"operacion\":\"Revisado\",\"comentario\":\"\"},{\"id\":11,\"usuario\":\"Mlplak\",\"nombre_completo\":\"ML plak\",\"correo_google\":\"ml_plak@gmail.com\",\"operacion\":\"Confirmado\",\"comentario\":\"\"}]',	NULL,	'[{\"id\":1713,\"pregunta\":\"se revisaron los herrajes, bisagras correderas?\",\"respuesta\":null,\"estatus\":\"activo\",\"completa\":false},{\"id\":1714,\"pregunta\":\"se revisaron los sentidos de las vetas?\",\"respuesta\":null,\"estatus\":\"activo\",\"completa\":false},{\"id\":1725,\"pregunta\":\"se realizaron los ajustes de niveles, plomos y escuadras?\",\"respuesta\":null,\"estatus\":\"activo\",\"completa\":false},{\"id\":1726,\"pregunta\":\"las aperturas de cajones o puertas se ven afectados por alg\\u00fan elemento del ambiente como estufa puerta, ventana cortina etc?\",\"respuesta\":null,\"estatus\":\"activo\",\"completa\":false},{\"id\":1727,\"pregunta\":\"los cajones o bandejas salen por las puertas del mismo mueble?\",\"respuesta\":null,\"estatus\":\"activo\",\"completa\":false},{\"id\":1728,\"pregunta\":\"Se controlo el tama\\u00f1o de las puertas y frentes de caj\\u00f3n? las l\\u00edneas est\\u00e9ticas estan correctas?\",\"respuesta\":null,\"estatus\":\"activo\",\"completa\":false},{\"id\":1729,\"pregunta\":\"se revisaron todos los tapacantos? todos los listones tienen los respectivos tapacantos?\",\"respuesta\":null,\"estatus\":\"activo\",\"completa\":false},{\"id\":1730,\"pregunta\":\"las m\\u00e9nsulas no se interponen con alguna piezas del mueble?\",\"respuesta\":null,\"estatus\":\"activo\",\"completa\":false},{\"id\":1731,\"pregunta\":\"la mesada apoya en el mueble? hay banquina existentes?\",\"respuesta\":null,\"estatus\":\"activo\",\"completa\":false},{\"id\":1732,\"pregunta\":\"Lleva alg\\u00fan accesorio?\",\"respuesta\":null,\"estatus\":\"activo\",\"completa\":false},{\"id\":1733,\"pregunta\":\"se crearon todas las notas de acci\\u00f3n necesarias?\",\"respuesta\":null,\"estatus\":\"activo\",\"completa\":false},{\"id\":1734,\"pregunta\":\"que sistema de apertura lleva y que linea? color\",\"respuesta\":null,\"estatus\":\"activo\",\"completa\":false},{\"id\":1735,\"pregunta\":\"Est\\u00e1n contempladas, caladas, las molduras y los z\\u00f3calos?\",\"respuesta\":null,\"estatus\":\"activo\",\"completa\":false},{\"id\":1736,\"pregunta\":\"lleva otros calados? enchufes, llaves?\",\"respuesta\":null,\"estatus\":\"activo\",\"completa\":false},{\"id\":1737,\"pregunta\":\"Como se ingresa al lugar? Ascensor- escalera- otro\",\"respuesta\":null,\"estatus\":\"activo\",\"completa\":false},{\"id\":1739,\"pregunta\":\"se revisaron las profundidades de mesada y banquina?\",\"respuesta\":null,\"estatus\":\"activo\",\"completa\":false},{\"id\":1740,\"pregunta\":\"Se realizo una revisi\\u00f3n general de las medidas globales?\",\"respuesta\":null,\"estatus\":\"activo\",\"completa\":false},{\"id\":1741,\"pregunta\":\"Se puede armar en el Lugar? como se arma?\",\"respuesta\":null,\"estatus\":\"activo\",\"completa\":false},{\"id\":1742,\"pregunta\":\"Todos los \\\"artefactos\\\" como hornos, microondas, cavas, tv,  etc.  entran en los espacios destinados?\",\"respuesta\":null,\"estatus\":\"activo\",\"completa\":false},{\"id\":1743,\"pregunta\":\"Se contemplo la BAcha y anafe en profundidad?  y en altura?\",\"respuesta\":null,\"estatus\":\"activo\",\"completa\":false},{\"id\":1744,\"pregunta\":\"Se contemplaron los desag\\u00fces? las bocas de pillea o boca de inspecci\\u00f3n en el piso ?\",\"respuesta\":null,\"estatus\":\"activo\",\"completa\":false},{\"id\":1745,\"pregunta\":\"Se contemplo la profundidad de la banquina? y el ancho? si el mueble o banquina va entre z\\u00f3calos se contemplo eso?\",\"respuesta\":null,\"estatus\":\"activo\",\"completa\":false}]',	'[{\"id\":1717,\"pregunta\":\"Como es el ingreso al lugar? es en planta baja? o planta alta?  pasillo? casa? edificio? ascensor?\",\"respuesta\":\"Casa, triplex, el mueble esta primer piso. Escalera recta.\",\"estatus\":\"activo\",\"completa\":false},{\"id\":1718,\"pregunta\":\"Como es la habitaci\\u00f3n o lugar donde se va a armar?\",\"respuesta\":null,\"estatus\":\"activo\",\"completa\":false},{\"id\":1719,\"pregunta\":\"Se puede armar en el Lugar? como se arma?\",\"respuesta\":null,\"estatus\":\"activo\",\"completa\":false},{\"id\":1720,\"pregunta\":\"Tiene todo terminado? piso, techo, paredes? revestimientos?  Listo para tomar las medidas?\",\"respuesta\":\"Si\",\"estatus\":\"activo\",\"completa\":false},{\"id\":1771,\"pregunta\":\"se agregaron los detalles de la conversaci\\u00f3n a Notas? pedidos del cliente, plano inicial, fotos, etc,\",\"respuesta\":\"Si\",\"estatus\":\"activo\",\"completa\":false},{\"id\":1811,\"pregunta\":\"observaciones sobre modelo\",\"respuesta\":\"Puede modificarse, se recotizo varias veces, el cliente quiere ver la mejor opci\\u00f3n para aprovechar el espacio\",\"estatus\":\"activo\",\"completa\":false},{\"id\":1812,\"pregunta\":\"observaciones sobre construcci\\u00f3n o acceso\",\"respuesta\":null,\"estatus\":\"activo\",\"completa\":false},{\"id\":1813,\"pregunta\":\"observaciones sobre artefactos o accesorios\",\"respuesta\":\"Va un TV y esta toda la instalaci\\u00f3n y cables en esa zona\",\"estatus\":\"activo\",\"completa\":false},{\"id\":1817,\"pregunta\":\"de que material son las paredes de la zona donde va a instalarse el mueble? durlok? steel frame? wood frame? construcci\\u00f3n tradicional? otro?\",\"respuesta\":\"Si\",\"estatus\":\"activo\",\"completa\":false}]',	'Confirmado',	'1',	'2022-06-26 18:01:43',	'2022-06-26 18:15:32'),
(12,	'f7b8d564cf4f59916f3591d3724938ed',	'11',	'11',	'{\"username\":\"Mlplak\",\"token_project\":\"f7b8d564cf4f59916f3591d3724938ed\",\"name\":\"Javier Correa\",\"address\":\"diagonal 133 entre 645 y 646, lote c2. La hermosura. Nos pasa la ubicaci\\u00f3n por whatsapp.\",\"phone\":\"2215457680\",\"mueble\":\"Interior de placard con puertas\",\"total\":\"91879\",\"senia\":\"0\",\"encargadoMed\":56,\"encargadoInst\":31,\"connectedCNC\":-1,\"fechaMedicion\":[],\"horaMedicion\":[],\"otrasFechaInstalacion\":[],\"otrasHoraInstalacion\":[],\"fechaInstalacion\":\"NaN\\/NaN\\/NaN\",\"horaInstalacion\":\"NaN:NaN\",\"comentarioInstalacion\":\"n\",\"comentarioResumenPresupuestoMaterial\":\"n\",\"comentario\":null,\"saldo\":0,\"pagos\":[{\"monto\":\"18379\",\"descripcion\":\"bonificacion - 20%\",\"tipo\":null,\"date\":\"2022-05-20T21:48:47.480Z\",\"createdBy\":\"Ailin\",\"isNew\":true,\"paymentType\":null},{\"monto\":\"73500\",\"descripcion\":\"total\",\"tipo\":\"efectivo\",\"date\":\"2022-05-20T21:49:20.863Z\",\"createdBy\":\"Ailin\",\"isNew\":true}],\"items\":[{\"monto\":\"91879\",\"descripcion\":\"interior de placard con puertas\",\"date\":\"2022-05-20T21:48:32.499Z\",\"createdBy\":\"Ailin\"}],\"links\":[\"http:\\/\\/somup.com\\/c31Q2vt4mF\"],\"linksDescripcion\":[\"General\"],\"seniaDescripcion\":null,\"totalDescripcion\":null,\"estadoProyecto\":\"Proyecto en Curso\"}',	'[{\"id\":11,\"usuario\":\"Mlplak\",\"nombre_completo\":\"ML plak\",\"correo_google\":\"ml_plak@gmail.com\",\"operacion\":\"Peticion\",\"comentario\":\"\"},{\"id\":56,\"usuario\":\"Usuario22\",\"nombre_completo\":\"Usuario22\",\"correo_google\":\"egafs@gmail.com\",\"operacion\":\"Revisado\",\"comentario\":\"\"},{\"id\":11,\"usuario\":\"Mlplak\",\"nombre_completo\":\"ML plak\",\"correo_google\":\"ml_plak@gmail.com\",\"operacion\":\"Confirmado\",\"comentario\":\"\"}]',	NULL,	'[{\"id\":1713,\"pregunta\":\"se revisaron los herrajes, bisagras correderas?\",\"respuesta\":\"SI\",\"estatus\":\"activo\",\"completa\":false},{\"id\":1714,\"pregunta\":\"se revisaron los sentidos de las vetas?\",\"respuesta\":\"-\",\"estatus\":\"activo\",\"completa\":false},{\"id\":1725,\"pregunta\":\"se realizaron los ajustes de niveles, plomos y escuadras?\",\"respuesta\":\"-\",\"estatus\":\"activo\",\"completa\":false},{\"id\":1726,\"pregunta\":\"las aperturas de cajones o puertas se ven afectados por alg\\u00fan elemento del ambiente como estufa puerta, ventana cortina etc?\",\"respuesta\":\"-\",\"estatus\":\"activo\",\"completa\":false},{\"id\":1727,\"pregunta\":\"los cajones o bandejas salen por las puertas del mismo mueble?\",\"respuesta\":\"-\",\"estatus\":\"activo\",\"completa\":false},{\"id\":1728,\"pregunta\":\"Se controlo el tama\\u00f1o de las puertas y frentes de caj\\u00f3n? las l\\u00edneas est\\u00e9ticas estan correctas?\",\"respuesta\":\"-\",\"estatus\":\"activo\",\"completa\":false},{\"id\":1729,\"pregunta\":\"se revisaron todos los tapacantos? todos los listones tienen los respectivos tapacantos?\",\"respuesta\":\"si\",\"estatus\":\"activo\",\"completa\":false},{\"id\":1730,\"pregunta\":\"las m\\u00e9nsulas no se interponen con alguna piezas del mueble?\",\"respuesta\":\"-\",\"estatus\":\"activo\",\"completa\":false},{\"id\":1731,\"pregunta\":\"la mesada apoya en el mueble? hay banquina existentes?\",\"respuesta\":\"-\",\"estatus\":\"activo\",\"completa\":false},{\"id\":1732,\"pregunta\":\"Lleva alg\\u00fan accesorio?\",\"respuesta\":\"-\",\"estatus\":\"activo\",\"completa\":false},{\"id\":1733,\"pregunta\":\"se crearon todas las notas de acci\\u00f3n necesarias?\",\"respuesta\":\"-\",\"estatus\":\"activo\",\"completa\":false},{\"id\":1734,\"pregunta\":\"que sistema de apertura lleva y que linea? color\",\"respuesta\":\"bLANCO CLASICA\",\"estatus\":\"activo\",\"completa\":false},{\"id\":1735,\"pregunta\":\"Est\\u00e1n contempladas, caladas, las molduras y los z\\u00f3calos?\",\"respuesta\":\"no HAY\",\"estatus\":\"activo\",\"completa\":false},{\"id\":1736,\"pregunta\":\"lleva otros calados? enchufes, llaves?\",\"respuesta\":\"-\",\"estatus\":\"activo\",\"completa\":false},{\"id\":1737,\"pregunta\":\"Como se ingresa al lugar? Ascensor- escalera- otro\",\"respuesta\":\"CASA PLANATA BAJA\",\"estatus\":\"activo\",\"completa\":false},{\"id\":1739,\"pregunta\":\"se revisaron las profundidades de mesada y banquina?\",\"respuesta\":\"-\",\"estatus\":\"activo\",\"completa\":false},{\"id\":1740,\"pregunta\":\"Se realizo una revisi\\u00f3n general de las medidas globales?\",\"respuesta\":\"-\",\"estatus\":\"activo\",\"completa\":false},{\"id\":1741,\"pregunta\":\"Se puede armar en el Lugar? como se arma?\",\"respuesta\":\"Primero la torre de cajones junto a los estantes, se coloca en el hueco y luego el techo\",\"estatus\":\"activo\",\"completa\":false},{\"id\":1742,\"pregunta\":\"Todos los \\\"artefactos\\\" como hornos, microondas, cavas, tv,  etc.  entran en los espacios destinados?\",\"respuesta\":\"-\",\"estatus\":\"activo\",\"completa\":false},{\"id\":1743,\"pregunta\":\"Se contemplo la BAcha y anafe en profundidad?  y en altura?\",\"respuesta\":\"-\",\"estatus\":\"activo\",\"completa\":false},{\"id\":1744,\"pregunta\":\"Se contemplaron los desag\\u00fces? las bocas de pillea o boca de inspecci\\u00f3n en el piso ?\",\"respuesta\":\"-\",\"estatus\":\"activo\",\"completa\":false},{\"id\":1745,\"pregunta\":\"Se contemplo la profundidad de la banquina? y el ancho? si el mueble o banquina va entre z\\u00f3calos se contemplo eso?\",\"respuesta\":\"-\",\"estatus\":\"activo\",\"completa\":false}]',	'[{\"id\":1717,\"pregunta\":\"Como es el ingreso al lugar? es en planta baja? o planta alta?  pasillo? casa? edificio? ascensor?\",\"respuesta\":\"casa. planta baja.\",\"estatus\":\"activo\",\"completa\":false},{\"id\":1718,\"pregunta\":\"Como es la habitaci\\u00f3n o lugar donde se va a armar?\",\"respuesta\":null,\"estatus\":\"activo\",\"completa\":false},{\"id\":1719,\"pregunta\":\"Se puede armar en el Lugar? como se arma?\",\"respuesta\":\"si\",\"estatus\":\"activo\",\"completa\":false},{\"id\":1720,\"pregunta\":\"Tiene todo terminado? piso, techo, paredes? revestimientos?  Listo para tomar las medidas?\",\"respuesta\":\"si\",\"estatus\":\"activo\",\"completa\":false},{\"id\":1771,\"pregunta\":\"se agregaron los detalles de la conversaci\\u00f3n a Notas? pedidos del cliente, plano inicial, fotos, etc,\",\"respuesta\":\"si\",\"estatus\":\"activo\",\"completa\":false},{\"id\":1811,\"pregunta\":\"observaciones sobre modelo\",\"respuesta\":null,\"estatus\":\"activo\",\"completa\":false},{\"id\":1812,\"pregunta\":\"observaciones sobre construcci\\u00f3n o acceso\",\"respuesta\":null,\"estatus\":\"activo\",\"completa\":false},{\"id\":1813,\"pregunta\":\"observaciones sobre artefactos o accesorios\",\"respuesta\":null,\"estatus\":\"activo\",\"completa\":false},{\"id\":1817,\"pregunta\":\"de que material son las paredes de la zona donde va a instalarse el mueble? durlok? steel frame? wood frame? construcci\\u00f3n tradicional? otro?\",\"respuesta\":\"construccion tradicional\",\"estatus\":\"activo\",\"completa\":false}]',	'Confirmado',	'1',	'2022-07-05 13:31:23',	'2022-07-05 13:35:25'),
(13,	'8f0f4ce8c94fba8e59c1b8c5fb56d868',	'11',	'11',	'{\"username\":\"Mlplak\",\"token_project\":\"8f0f4ce8c94fba8e59c1b8c5fb56d868\",\"name\":\"Matias Tesoriere\",\"address\":\"Barrio Altos de Los Talas 174 Norte entre 81 y 82 nro de Tanque 1006, Berisso\",\"phone\":\"2216706100\",\"mueble\":\"Muebles de cocina\",\"total\":\"566035\",\"senia\":\"0\",\"encargadoMed\":57,\"encargadoInst\":68,\"connectedCNC\":-1,\"fechaMedicion\":[],\"horaMedicion\":[],\"otrasFechaInstalacion\":[],\"otrasHoraInstalacion\":[],\"fechaInstalacion\":\"NaN\\/NaN\\/NaN\",\"horaInstalacion\":\"NaN:NaN\",\"comentarioInstalacion\":\"Dejar medida de alacena (en fecha de medici\\u00f3n) para cuando vaya el del cielorraso de yeso\",\"comentarioResumenPresupuestoMaterial\":\"n\",\"comentario\":null,\"saldo\":0,\"pagos\":[{\"monto\":\"400000\",\"descripcion\":\"pago mastercard\",\"tipo\":-1,\"date\":\"2022-05-30T15:03:51.731Z\",\"createdBy\":\"Ailin\",\"isNew\":true,\"tipoPago\":\"24 cuotas\"},{\"monto\":\"166035\",\"descripcion\":\"pago visa\",\"tipo\":-1,\"date\":\"2022-05-30T15:13:37.205Z\",\"createdBy\":\"Ailin\",\"isNew\":true,\"tipoPago\":\"24 cuotas\"}],\"items\":[{\"monto\":\"442215\",\"descripcion\":\"cocina completa\",\"date\":\"2022-05-30T15:03:29.408Z\",\"createdBy\":\"Ailin\"},{\"monto\":\"123820\",\"descripcion\":\"24 cuotas\",\"date\":\"2022-05-30T15:12:35.264Z\",\"createdBy\":\"Ailin\"}],\"links\":[null],\"linksDescripcion\":[\"https:\\/\\/somup.com\\/c31UoFtS58\"],\"seniaDescripcion\":null,\"totalDescripcion\":null,\"estadoProyecto\":\"Proyecto en Curso\"}',	'[{\"id\":11,\"usuario\":\"Mlplak\",\"nombre_completo\":\"ML plak\",\"correo_google\":\"ml_plak@gmail.com\",\"operacion\":\"Peticion\",\"comentario\":\"\"},{\"id\":29,\"usuario\":\"MLPLAKUsuario\",\"nombre_completo\":\"MLPLAKUsuario\",\"correo_google\":\"egafs@gmail.com\",\"operacion\":\"Revisado\",\"comentario\":\"\"},{\"id\":11,\"usuario\":\"Mlplak\",\"nombre_completo\":\"ML plak\",\"correo_google\":\"ml_plak@gmail.com\",\"operacion\":\"Confirmado\",\"comentario\":\"\"}]',	NULL,	'[{\"id\":1713,\"pregunta\":\"se revisaron los herrajes, bisagras correderas?\",\"respuesta\":\"si\",\"estatus\":\"activo\",\"completa\":false},{\"id\":1714,\"pregunta\":\"se revisaron los sentidos de las vetas?\",\"respuesta\":\"no lleva, es de color blanco\",\"estatus\":\"activo\",\"completa\":false},{\"id\":1725,\"pregunta\":\"se realizaron los ajustes de niveles, plomos y escuadras?\",\"respuesta\":\"si\",\"estatus\":\"activo\",\"completa\":false},{\"id\":1726,\"pregunta\":\"las aperturas de cajones o puertas se ven afectados por alg\\u00fan elemento del ambiente como estufa puerta, ventana cortina etc?\",\"respuesta\":\"no\",\"estatus\":\"activo\",\"completa\":false},{\"id\":1727,\"pregunta\":\"los cajones o bandejas salen por las puertas del mismo mueble?\",\"respuesta\":\"si\",\"estatus\":\"activo\",\"completa\":false},{\"id\":1728,\"pregunta\":\"Se controlo el tama\\u00f1o de las puertas y frentes de caj\\u00f3n? las l\\u00edneas est\\u00e9ticas estan correctas?\",\"respuesta\":\"si estan en la misma linea\",\"estatus\":\"activo\",\"completa\":false},{\"id\":1729,\"pregunta\":\"se revisaron todos los tapacantos? todos los listones tienen los respectivos tapacantos?\",\"respuesta\":\"si\",\"estatus\":\"activo\",\"completa\":false},{\"id\":1730,\"pregunta\":\"las m\\u00e9nsulas no se interponen con alguna piezas del mueble?\",\"respuesta\":\"no\",\"estatus\":\"activo\",\"completa\":false},{\"id\":1731,\"pregunta\":\"la mesada apoya en el mueble? hay banquina existentes?\",\"respuesta\":\"si. Hay banquina\",\"estatus\":\"activo\",\"completa\":false},{\"id\":1732,\"pregunta\":\"Lleva alg\\u00fan accesorio?\",\"respuesta\":\"no no lleva\",\"estatus\":\"activo\",\"completa\":false},{\"id\":1733,\"pregunta\":\"se crearon todas las notas de acci\\u00f3n necesarias?\",\"respuesta\":\"no fue necesario\",\"estatus\":\"activo\",\"completa\":false},{\"id\":1734,\"pregunta\":\"que sistema de apertura lleva y que linea? color\",\"respuesta\":\"sistema con perfiles de aluminio - linea premium\",\"estatus\":\"activo\",\"completa\":false},{\"id\":1735,\"pregunta\":\"Est\\u00e1n contempladas, caladas, las molduras y los z\\u00f3calos?\",\"respuesta\":\"si\",\"estatus\":\"activo\",\"completa\":false},{\"id\":1736,\"pregunta\":\"lleva otros calados? enchufes, llaves?\",\"respuesta\":\"si hay dos calados de enchufes, en el modulo 9 y 15\",\"estatus\":\"activo\",\"completa\":false},{\"id\":1737,\"pregunta\":\"Como se ingresa al lugar? Ascensor- escalera- otro\",\"respuesta\":\"es una casa de planta baja\",\"estatus\":\"activo\",\"completa\":false},{\"id\":1739,\"pregunta\":\"se revisaron las profundidades de mesada y banquina?\",\"respuesta\":\"si\",\"estatus\":\"activo\",\"completa\":false},{\"id\":1740,\"pregunta\":\"Se realizo una revisi\\u00f3n general de las medidas globales?\",\"respuesta\":\"si\",\"estatus\":\"activo\",\"completa\":false},{\"id\":1741,\"pregunta\":\"Se puede armar en el Lugar? como se arma?\",\"respuesta\":\"se lleva armado\",\"estatus\":\"activo\",\"completa\":false},{\"id\":1742,\"pregunta\":\"Todos los \\\"artefactos\\\" como hornos, microondas, cavas, tv,  etc.  entran en los espacios destinados?\",\"respuesta\":\"si\",\"estatus\":\"activo\",\"completa\":false},{\"id\":1743,\"pregunta\":\"Se contemplo la BAcha y anafe en profundidad?  y en altura?\",\"respuesta\":\"si\",\"estatus\":\"activo\",\"completa\":false},{\"id\":1744,\"pregunta\":\"Se contemplaron los desag\\u00fces? las bocas de pillea o boca de inspecci\\u00f3n en el piso ?\",\"respuesta\":\"si\",\"estatus\":\"activo\",\"completa\":false},{\"id\":1745,\"pregunta\":\"Se contemplo la profundidad de la banquina? y el ancho? si el mueble o banquina va entre z\\u00f3calos se contemplo eso?\",\"respuesta\":\"si\",\"estatus\":\"activo\",\"completa\":false}]',	'[{\"id\":1717,\"pregunta\":\"Como es el ingreso al lugar? es en planta baja? o planta alta?  pasillo? casa? edificio? ascensor?\",\"respuesta\":\"casa. instalacion en planta baja\",\"estatus\":\"activo\",\"completa\":false},{\"id\":1718,\"pregunta\":\"Como es la habitaci\\u00f3n o lugar donde se va a armar?\",\"respuesta\":null,\"estatus\":\"activo\",\"completa\":false},{\"id\":1719,\"pregunta\":\"Se puede armar en el Lugar? como se arma?\",\"respuesta\":\"si\",\"estatus\":\"activo\",\"completa\":false},{\"id\":1720,\"pregunta\":\"Tiene todo terminado? piso, techo, paredes? revestimientos?  Listo para tomar las medidas?\",\"respuesta\":\"si\",\"estatus\":\"activo\",\"completa\":false},{\"id\":1771,\"pregunta\":\"se agregaron los detalles de la conversaci\\u00f3n a Notas? pedidos del cliente, plano inicial, fotos, etc,\",\"respuesta\":\"si\",\"estatus\":\"activo\",\"completa\":false},{\"id\":1811,\"pregunta\":\"observaciones sobre modelo\",\"respuesta\":null,\"estatus\":\"activo\",\"completa\":false},{\"id\":1812,\"pregunta\":\"observaciones sobre construcci\\u00f3n o acceso\",\"respuesta\":\"dejamos la medida de la alacena para que despues vaya el del cielorraso de yeso.\",\"estatus\":\"activo\",\"completa\":false},{\"id\":1813,\"pregunta\":\"observaciones sobre artefactos o accesorios\",\"respuesta\":null,\"estatus\":\"activo\",\"completa\":false},{\"id\":1817,\"pregunta\":\"de que material son las paredes de la zona donde va a instalarse el mueble? durlok? steel frame? wood frame? construcci\\u00f3n tradicional? otro?\",\"respuesta\":\"construccion tradicional\",\"estatus\":\"activo\",\"completa\":false}]',	'Confirmado',	'1',	'2022-07-12 13:11:18',	'2022-07-12 13:13:12');

CREATE TABLE `feriados` (
  `id` int(10) unsigned NOT NULL AUTO_INCREMENT,
  `fecha` date NOT NULL,
  `created_at` timestamp NULL DEFAULT NULL,
  `updated_at` timestamp NULL DEFAULT NULL,
  PRIMARY KEY (`id`),
  UNIQUE KEY `feriados_fecha_unique` (`fecha`)
) ENGINE=InnoDB DEFAULT CHARSET=utf8mb4 COLLATE=utf8mb4_unicode_ci;

INSERT INTO `feriados` (`id`, `fecha`, `created_at`, `updated_at`) VALUES
(8,	'2021-05-30',	'2021-05-13 13:47:27',	'2021-05-13 13:47:27'),
(9,	'2021-05-18',	'2021-05-13 15:22:14',	'2021-05-13 15:22:14'),
(10,	'2021-07-09',	'2021-07-02 10:55:34',	'2021-07-02 10:55:34'),
(13,	'2022-04-28',	'2022-04-28 19:33:58',	'2022-04-28 19:33:58');

CREATE TABLE `folders_info` (
  `id` int(10) NOT NULL AUTO_INCREMENT,
  `token_project` varchar(60) NOT NULL,
  `folder_name` varchar(60) NOT NULL,
  `folder_des` text DEFAULT NULL,
  `files` int(10) DEFAULT NULL,
  `updated_at` timestamp NULL DEFAULT NULL,
  `created_at` timestamp NULL DEFAULT NULL,
  PRIMARY KEY (`id`)
) ENGINE=InnoDB DEFAULT CHARSET=utf8mb4;

INSERT INTO `folders_info` (`id`, `token_project`, `folder_name`, `folder_des`, `files`, `updated_at`, `created_at`) VALUES
(3,	'0fe45080ae7291ba04e4d36f29345bff',	'soy una carpeta',	'esta carpeta esta diseñada de la mejor fibra es un folder amarillo y se aloja en un logar fresco y claro',	1,	'2021-05-18 17:16:42',	'2021-05-18 17:16:42'),
(5,	'cba95c9d61a545a57d329224142c77bc',	'de',	'efdefz trhx r',	1,	'2021-05-18 18:23:20',	'2021-05-18 18:23:20'),
(6,	'46b1cebed58f58f6dc8482d41e945e6b',	'carpetita',	'es una carpeta muy chiquita',	1,	'2021-05-18 20:56:44',	'2021-05-18 20:56:44'),
(7,	'd5926b431eb5e04c982b0371df7bbbcb',	'nueva',	'daef g aerg egaeg 3q 54',	2,	'2021-05-19 08:56:25',	'2021-05-19 08:56:25'),
(8,	'd5926b431eb5e04c982b0371df7bbbcb',	'nueva',	'daef g aerg egaeg 3q 54',	2,	'2021-05-19 08:56:25',	'2021-05-19 08:56:25'),
(9,	'd5926b431eb5e04c982b0371df7bbbcb',	'nada',	'ase aersg es5t 5s',	2,	'2021-05-19 08:56:55',	'2021-05-19 08:56:55'),
(10,	'76b0dc4dd23879fc7ba1fcb394764a71',	'hggfh',	'hfdghjtyj krukryuk',	2,	'2021-05-19 14:00:19',	'2021-05-19 14:00:19'),
(11,	'76b0dc4dd23879fc7ba1fcb394764a71',	'estructura hueca',	'imagenes con rx',	4,	'2021-05-19 14:02:08',	'2021-05-19 14:02:08'),
(12,	'e524359d4b4d93971579e9324f26b059',	'modulo 1',	'Ver bien la parte de anclaje del liston superior',	1,	'2021-06-02 09:13:06',	'2021-06-02 09:13:06'),
(13,	'9db8e85fa1b3b9997549c23853861ca3',	'perfil izquierdo',	'harry mira ese ojete papa...',	1,	'2021-06-03 21:39:35',	'2021-06-03 21:39:35'),
(14,	'72fcc2b8a96619ecf9021a200128c2f5',	'para instalacion',	'frewgf ag wd,lmnvbaleiurh uoerahiulrf eahrtgñoi laegoaehi gtraeru aeiurgfh iuqwerhgf ae  wuserh gfwuiergfuio whesr uaer uqehrgf n efe ashrgf kabsdrgh saerg\nae rjgauiehr gkaewrh goaseh righx,mcnv e\na gfrvkjha rgfa ergh aegvf\n aejkhsgbf saeghf',	2,	'2021-06-08 11:57:32',	'2021-06-08 11:57:32'),
(15,	'4dbc1339f2b644ec7b49ca5dbd84580a',	'carpeta de prueba',	'descripción de la carpeta',	1,	'2021-06-10 17:06:15',	'2021-06-10 17:06:15'),
(16,	'2e5f67c42ae6f4a008ea96556e50f070',	'fdre',	'faerq geaqm bwkehfr leiaifrqal ercliehrf bqoiwekbfwfwlEIKHJUF WEFB KWEFRWHE MQWEODIFREUIF  WEKJFA FG',	3,	'2021-06-10 18:08:57',	'2021-06-10 18:08:57'),
(17,	'767700e7feedb5a236511b7d3419c4fe',	'aa',	'prueba',	4,	'2021-11-17 12:15:29',	'2021-11-17 12:15:29'),
(18,	'97a7d35a6d9c8c4dd0881c08a0a21569',	'egrh',	'rtedhy',	2,	'2021-11-20 09:30:08',	'2021-11-20 09:30:08'),
(20,	'966ae67131d65192027888b1d3afa511',	'hgfhgf',	NULL,	1,	'2021-11-30 13:52:40',	'2021-11-30 13:52:40'),
(21,	'966ae67131d65192027888b1d3afa511',	'hgf',	'ffffg',	1,	'2021-11-30 13:52:48',	'2021-11-30 13:52:48'),
(22,	'966ae67131d65192027888b1d3afa511',	'hf',	'gf',	1,	'2021-11-30 13:52:54',	'2021-11-30 13:52:54'),
(23,	'966ae67131d65192027888b1d3afa511',	'hgf',	'fh',	1,	'2021-11-30 13:52:58',	'2021-11-30 13:52:58'),
(24,	'966ae67131d65192027888b1d3afa511',	'5456',	'64',	0,	'2021-11-30 13:53:04',	'2021-11-30 13:53:04'),
(25,	'966ae67131d65192027888b1d3afa511',	'435',	'356',	0,	'2021-11-30 13:53:08',	'2021-11-30 13:53:08'),
(26,	'966ae67131d65192027888b1d3afa511',	'5623 4b',	NULL,	0,	'2021-11-30 13:53:11',	'2021-11-30 13:53:11'),
(27,	'966ae67131d65192027888b1d3afa511',	'tw4e5rt6',	'tydf',	0,	'2021-11-30 13:53:18',	'2021-11-30 13:53:18'),
(28,	'966ae67131d65192027888b1d3afa511',	'6435ey6',	'erhtyjr',	0,	'2021-11-30 13:53:23',	'2021-11-30 13:53:23'),
(29,	'966ae67131d65192027888b1d3afa511',	'767676',	'7676',	0,	'2021-11-30 13:54:15',	'2021-11-30 13:54:15'),
(30,	'966ae67131d65192027888b1d3afa511',	'768r68ykutg',	'g',	0,	'2021-11-30 13:54:21',	'2021-11-30 13:54:21'),
(31,	'767700e7feedb5a236511b7d3419c4fe',	'bb',	NULL,	1,	'2021-11-30 14:03:56',	'2021-11-30 14:03:56'),
(32,	'767700e7feedb5a236511b7d3419c4fe',	'ccc',	NULL,	1,	'2021-11-30 14:04:00',	'2021-11-30 14:04:00'),
(33,	'767700e7feedb5a236511b7d3419c4fe',	'ddd',	NULL,	0,	'2021-11-30 14:04:05',	'2021-11-30 14:04:05'),
(34,	'767700e7feedb5a236511b7d3419c4fe',	'ee',	NULL,	2,	'2021-11-30 14:04:09',	'2021-11-30 14:04:09'),
(35,	'767700e7feedb5a236511b7d3419c4fe',	'ff',	NULL,	0,	'2021-11-30 14:04:14',	'2021-11-30 14:04:14'),
(36,	'767700e7feedb5a236511b7d3419c4fe',	'gg',	NULL,	0,	'2021-11-30 14:04:20',	'2021-11-30 14:04:20'),
(37,	'767700e7feedb5a236511b7d3419c4fe',	'M1 M2',	'M1 (staging m1 ) M2 (staging m2)',	2,	'2021-12-18 14:51:28',	'2021-12-18 14:51:28'),
(38,	'd4ee417878369e4939169f0fbaa9b46d',	'M1 M2 A1',	'M1 () M2 () A1 ()',	1,	'2021-12-18 19:54:52',	'2021-12-18 19:54:52'),
(39,	'd4ee417878369e4939169f0fbaa9b46d',	'M2',	'M2 ()',	2,	'2021-12-18 19:55:12',	'2021-12-18 19:55:12'),
(40,	'd4ee417878369e4939169f0fbaa9b46d',	'A1',	'A1 ()',	1,	'2021-12-18 19:55:28',	'2021-12-18 19:55:28'),
(41,	'd4ee417878369e4939169f0fbaa9b46d',	'M1 M2',	'M1 () M2 ()',	2,	'2021-12-18 19:55:36',	'2021-12-18 19:55:36'),
(42,	'd4ee417878369e4939169f0fbaa9b46d',	'M1',	'M1 ()',	2,	'2021-12-18 19:56:01',	'2021-12-18 19:56:01'),
(43,	'9a95a3fda76a53b0e7ed99b073d56c77',	'M1',	'M1 (e)',	19,	'2021-12-20 12:06:38',	'2021-12-20 12:06:38'),
(44,	'd3adbd686844fdf6b74b38f1e0aa512d',	'undefined',	'undefined',	2,	'2021-12-20 13:53:45',	'2021-12-20 13:53:45'),
(45,	'd3adbd686844fdf6b74b38f1e0aa512d',	'M2',	'M2 ()',	1,	'2021-12-20 13:55:01',	'2021-12-20 13:55:01'),
(46,	'd3adbd686844fdf6b74b38f1e0aa512d',	'M1 M2',	'M1 () M2 ()',	3,	'2021-12-20 13:55:16',	'2021-12-20 13:55:16'),
(47,	'5dcd8ce765c29f8cdf3f4d896a8dc065',	'undefined',	'undefined',	3,	'2021-12-20 14:14:08',	'2021-12-20 14:14:08'),
(48,	'5dcd8ce765c29f8cdf3f4d896a8dc065',	'M1 M2 A1',	'M1 () M2 () A1 ()',	1,	'2021-12-20 14:19:54',	'2021-12-20 14:19:54'),
(49,	'5dcd8ce765c29f8cdf3f4d896a8dc065',	'M2 A1',	'M2 () A1 ()',	1,	'2021-12-20 14:20:10',	'2021-12-20 14:20:10'),
(50,	'7c6a070b0e678a2bd1b01385c10c04a1',	'undefined',	'undefined',	1,	'2021-12-21 08:46:55',	'2021-12-21 08:46:55'),
(51,	'7c6a070b0e678a2bd1b01385c10c04a1',	'M1',	'M1 ()',	1,	'2021-12-21 14:49:49',	'2021-12-21 14:49:49'),
(52,	'efa4f80d7ba4734720dc7e03e4a547ec',	'M1',	'M1 ()',	4,	'2021-12-21 14:59:26',	'2021-12-21 14:59:26'),
(53,	'33fac2c8fe98d5217ef14f43c72a7b72',	'M1',	'M1 ()',	5,	'2021-12-22 21:44:21',	'2021-12-22 21:44:21'),
(54,	'33fac2c8fe98d5217ef14f43c72a7b72',	'M1 M2',	'M1 () M2 ()',	1,	'2021-12-22 21:48:43',	'2021-12-22 21:48:43'),
(55,	'33fac2c8fe98d5217ef14f43c72a7b72',	'M2',	'M2 ()',	2,	'2021-12-22 21:48:51',	'2021-12-22 21:48:51'),
(56,	'efa4f80d7ba4734720dc7e03e4a547ec',	'M1 M2',	'M1 () M2 (null)',	1,	'2021-12-27 07:39:01',	'2021-12-27 07:39:01'),
(57,	'0fa9d86e89115155aeca8ffdde018f63',	'General',	'M1 ()',	1,	'2021-12-28 07:39:06',	'2021-12-28 07:39:06'),
(58,	'0fa9d86e89115155aeca8ffdde018f63',	'M1',	'M1 ()',	1,	'2021-12-28 07:39:24',	'2021-12-28 07:39:24'),
(59,	'a745e102ef99c79520f6d3ada0e8bd47',	'General',	'M1 ()',	2,	'2022-01-02 20:33:32',	'2022-01-02 20:33:32'),
(60,	'a745e102ef99c79520f6d3ada0e8bd47',	'M1',	'M1 ()',	2,	'2022-01-02 20:33:53',	'2022-01-02 20:33:53'),
(61,	'767700e7feedb5a236511b7d3419c4fe',	'M1',	'M1 (staging m1 )',	8,	'2022-01-03 10:08:56',	'2022-01-03 10:08:56'),
(62,	'767700e7feedb5a236511b7d3419c4fe',	'M2',	'M2 (staging m2)',	2,	'2022-01-04 15:02:42',	'2022-01-04 15:02:42'),
(65,	'19eaecaaa8d8b8f14ada39b5e0995124',	'M2',	'M2 (2222222)',	1,	'2022-01-06 09:40:17',	'2022-01-06 09:40:17'),
(66,	'19eaecaaa8d8b8f14ada39b5e0995124',	'M1 M5',	'M1 (11111) M5 (rerr)',	1,	'2022-01-06 14:38:29',	'2022-01-06 14:38:29'),
(67,	'19eaecaaa8d8b8f14ada39b5e0995124',	'M3',	'M3 (33333)',	1,	'2022-01-06 14:38:35',	'2022-01-06 14:38:35'),
(68,	'19eaecaaa8d8b8f14ada39b5e0995124',	'M3 M4',	'M3 (33333) M4 (444444)',	1,	'2022-01-06 14:38:38',	'2022-01-06 14:38:38'),
(69,	'9ff512b0e1ce29be8e6f641387287192',	'M2',	'M2 ()',	1,	'2022-01-08 14:17:32',	'2022-01-08 14:17:32'),
(70,	'9ff512b0e1ce29be8e6f641387287192',	'M3',	'M3 ()',	1,	'2022-01-08 14:17:38',	'2022-01-08 14:17:38'),
(71,	'9ff512b0e1ce29be8e6f641387287192',	'M3 M4',	'M3 () M4 ()',	1,	'2022-01-08 14:17:44',	'2022-01-08 14:17:44'),
(72,	'9ff512b0e1ce29be8e6f641387287192',	'M1 M3',	'M1 () M3 ()',	1,	'2022-01-08 14:17:58',	'2022-01-08 14:17:58'),
(73,	'b2ffa3b2aa96bcefd2ad8d29344b37b1',	'M1',	'M1 ()',	2,	'2022-01-17 14:02:05',	'2022-01-17 14:02:05'),
(74,	'b2ffa3b2aa96bcefd2ad8d29344b37b1',	'M2',	'M2 ()',	2,	'2022-01-17 14:02:10',	'2022-01-17 14:02:10'),
(75,	'b2ffa3b2aa96bcefd2ad8d29344b37b1',	'M1 M2',	'M1 () M2 ()',	3,	'2022-01-17 14:08:21',	'2022-01-17 14:08:21'),
(76,	'bad714744b4ff45ccffd1cd5f49edd80',	'M1 M2 M3',	'M1 () M2 () M3 ()',	1,	'2022-03-12 08:33:25',	'2022-03-12 08:33:25'),
(77,	'bad714744b4ff45ccffd1cd5f49edd80',	'M1',	'M1 ()',	1,	'2022-03-12 08:33:29',	'2022-03-12 08:33:29'),
(78,	'bad714744b4ff45ccffd1cd5f49edd80',	'General',	'M1 () M2 () M3 ()',	2,	'2022-03-12 08:33:34',	'2022-03-12 08:33:34'),
(79,	'b8529eb588ce5f578ca7bca853a1d967',	'M1',	'M1 ()',	3,	'2022-04-08 15:20:34',	'2022-04-08 15:20:34'),
(80,	'b8529eb588ce5f578ca7bca853a1d967',	'General',	'M1 ()',	3,	'2022-04-08 15:20:53',	'2022-04-08 15:20:53'),
(81,	'353915419097d9c652c9c4273d102742',	'M1',	'',	1,	'2022-04-11 18:28:45',	'2022-04-11 18:28:45'),
(82,	'353915419097d9c652c9c4273d102742',	'General',	'M1 ()',	3,	'2022-04-11 18:29:02',	'2022-04-11 18:29:02'),
(83,	'a0ec2785ea1478ad2bd86cddb5a8f998',	'M1 M2',	'M1 () M2 ()',	3,	'2022-04-12 05:28:08',	'2022-04-12 05:28:08'),
(84,	'a0ec2785ea1478ad2bd86cddb5a8f998',	'M1 M2 M3',	'M1 () M2 () M3 ()',	2,	'2022-04-12 05:49:00',	'2022-04-12 05:49:00'),
(85,	'd6fc74fdfa44d54b024ce0b8fe644df1',	'M1',	'M1 ()',	1,	'2022-04-13 07:14:48',	'2022-04-13 07:14:48'),
(86,	'd6fc74fdfa44d54b024ce0b8fe644df1',	'General',	'M1 ()',	3,	'2022-04-13 07:14:54',	'2022-04-13 07:14:54'),
(87,	'7dd6fd4c3abcf5e67ba996e96ce575e9',	'M1',	'M1 ()',	1,	'2022-04-13 07:23:14',	'2022-04-13 07:23:14'),
(88,	'5e14a92a331c1e81475301200a66ddab',	'General',	'M1 ()',	4,	'2022-04-13 07:51:35',	'2022-04-13 07:51:35'),
(89,	'b34c4139682133f753fdb5b8427a269e',	'M1',	'M1 (null)',	2,	'2022-04-13 15:31:14',	'2022-04-13 15:31:14'),
(90,	'b34c4139682133f753fdb5b8427a269e',	'General',	'M1 (null)',	5,	'2022-04-13 15:31:35',	'2022-04-13 15:31:35'),
(91,	'7ee92193f9d224affa312148da42658f',	'General',	'M1 (null)',	2,	'2022-04-13 15:34:27',	'2022-04-13 15:34:27'),
(92,	'b34c4139682133f753fdb5b8427a269e',	'M1 M2',	'M1 (null) M2 ()',	1,	'2022-04-13 15:40:29',	'2022-04-13 15:40:29'),
(93,	'd5e54a160a5fa3d9301c5240a1760a16',	'M1',	'',	2,	'2022-04-13 20:34:13',	'2022-04-13 20:34:13'),
(94,	'd5e54a160a5fa3d9301c5240a1760a16',	'General',	'M1 ()',	1,	'2022-04-13 20:34:26',	'2022-04-13 20:34:26'),
(95,	'7787beaeb9b82981cf77423d881086c9',	'General',	'M1 ()',	2,	'2022-04-15 16:18:59',	'2022-04-15 16:18:59'),
(96,	'a993f5804843806785d0435f88a170da',	'General',	'M1 ()',	1,	'2022-04-19 16:55:53',	'2022-04-19 16:55:53'),
(97,	'e4eea3217c3b5ea5d6b09d7e86138190',	'General',	'M1 ()',	1,	'2022-04-20 20:53:18',	'2022-04-20 20:53:18'),
(98,	'8dac67140055a8335bfb4f589df5b8c4',	'M1 M2 M3 M4 M5 M6 M8 M9 M10 M11 M12 M13 M14',	'M1 (cajonera) M2 (cajonera) M3 (Torre horno ) M4 (Listones MOD 1 ) M5 (Alacena sobre heladera ) M6 (alacena) M8 (alacena) M9 (isla sobrelaterales) M10 (banquina isla) M11 (cajonera) M12 (cajonera) M13 (cajonera) M14 (Modulo una puerta ISLA)',	1,	'2022-05-04 21:58:49',	'2022-05-04 21:58:49'),
(99,	'8dac67140055a8335bfb4f589df5b8c4',	'General',	'M1 (cajonera) M2 (cajonera) M3 (Torre horno ) M4 (Listones MOD 1 ) M5 (Alacena sobre heladera ) M6 (alacena) M8 (alacena) M9 (isla sobrelaterales) M10 (banquina isla) M11 (cajonera) M12 (cajonera) M13 (cajonera) M14 (Modulo una puerta ISLA)',	3,	'2022-05-05 19:03:33',	'2022-05-05 19:03:33'),
(100,	'39a99d604ac0f22581d30190a0b15283',	'M1 M2 M3 M4 M5',	'M1 (Cajonera y puerta lado iz) M2 () M3 (MOdulo cajonera de 3 cajones\n) M4 (MOdulo cajonera de 3 cajones\n) M5 (Modulo especiero)',	1,	'2022-05-16 14:41:53',	'2022-05-16 14:41:53'),
(101,	'39a99d604ac0f22581d30190a0b15283',	'General',	'M1 (Cajonera y puerta lado iz) M2 () M3 (MOdulo cajonera de 3 cajones\n) M4 (MOdulo cajonera de 3 cajones\n) M5 (Modulo especiero)',	2,	'2022-05-16 14:41:57',	'2022-05-16 14:41:57'),
(102,	'7ad89caf871218b62edef5523a9bdd50',	'General',	'M1 (Cajonera 2 cajones Modelo) M2 (tapa sobre cajonera izquierda ) M3 (modulo repisa sobre escritorio) M4 (Cajonera 2 cajones Modelo) M5 (Tapa lado cajonera ancha) M6 (modulo cajones) M7 (MOdulo de Cajon simple ) M8 (modulo de colgar con 2 puertas) M9 (modulo superior cajonera ancha) M10 (colgante sin puertas lado cajonera chica) M11 (colgante lado sobre cajonera grande)',	2,	'2022-05-19 16:18:49',	'2022-05-19 16:18:49'),
(103,	'7ad89caf871218b62edef5523a9bdd50',	'M1',	'M1 (Cajonera 2 cajones Modelo)',	1,	'2022-05-19 16:19:06',	'2022-05-19 16:19:06'),
(104,	'7eee02d595f213474b1d744cf69a68ed',	'M1',	'M1 (placa rack y sus listones de colgado)',	3,	'2022-06-04 08:41:11',	'2022-06-04 08:41:11'),
(105,	'7eee02d595f213474b1d744cf69a68ed',	'M2',	'M2 (modulo de 3 puertas y detalle color)',	4,	'2022-06-04 08:41:20',	'2022-06-04 08:41:20'),
(106,	'7eee02d595f213474b1d744cf69a68ed',	'M3',	'M3 (escritorio)',	1,	'2022-06-04 08:41:28',	'2022-06-04 08:41:28'),
(107,	'7eee02d595f213474b1d744cf69a68ed',	'M4',	'M4 (estantes)',	1,	'2022-06-22 15:21:34',	'2022-06-22 15:21:34'),
(108,	'7eee02d595f213474b1d744cf69a68ed',	'M5',	'M5 (modulo arriba del escritorio)',	1,	'2022-06-22 15:21:41',	'2022-06-22 15:21:41'),
(109,	'b6f9b824eb6cf039e8d865f6a5e3f038',	'M1 M2 M3 M4',	'M1 (cama 2 cajones) M2 (modulo central) M3 (cama 2 cajones) M4 (cama 2 cajones)',	1,	'2022-06-23 08:25:47',	'2022-06-23 08:25:47'),
(110,	'b6f9b824eb6cf039e8d865f6a5e3f038',	'General',	'M1 (cama 2 cajones) M2 (modulo central) M3 (cama 2 cajones) M4 (cama 2 cajones)',	4,	'2022-06-23 08:25:54',	'2022-06-23 08:25:54'),
(111,	'b6f9b824eb6cf039e8d865f6a5e3f038',	'M1',	'M1 (cama 2 cajones)',	3,	'2022-06-23 08:26:07',	'2022-06-23 08:26:07'),
(112,	'b6f9b824eb6cf039e8d865f6a5e3f038',	'M2',	'M2 (modulo central)',	1,	'2022-06-23 08:26:21',	'2022-06-23 08:26:21'),
(113,	'b6f9b824eb6cf039e8d865f6a5e3f038',	'M3',	'M3 (cama 2 cajones)',	2,	'2022-06-23 08:26:27',	'2022-06-23 08:26:27'),
(114,	'b6f9b824eb6cf039e8d865f6a5e3f038',	'M4',	'M4 (cama 2 cajones)',	3,	'2022-06-23 08:26:40',	'2022-06-23 08:26:40'),
(115,	'67f6560d76faae0494a9769082569db2',	'General',	'M1 (tapa Listones de cierre y piso) M2 (Modulo de puerta Lado derecha) M3 (Banquina superior bajo tapa) M4 (Cajonera lado izquierdo) M5 (MOdulo colgante lado iz) M6 (MOdulo colgante lado derecho) M7 (mesa de luz\n) M8 (mesa de luz\n)',	1,	'2022-06-26 18:13:49',	'2022-06-26 18:13:49'),
(116,	'67f6560d76faae0494a9769082569db2',	'M1',	'M1 (tapa Listones de cierre y piso)',	1,	'2022-06-26 18:14:10',	'2022-06-26 18:14:10'),
(117,	'67f6560d76faae0494a9769082569db2',	'M4',	'M4 (Cajonera lado izquierdo)',	1,	'2022-06-26 18:14:35',	'2022-06-26 18:14:35'),
(118,	'191120662bfd03588a1b02c23d944843',	'General',	'M1 () M2 ()',	4,	'2022-06-30 12:52:55',	'2022-06-30 12:52:55'),
(119,	'191120662bfd03588a1b02c23d944843',	'M1',	'M1 ()',	2,	'2022-06-30 12:53:21',	'2022-06-30 12:53:21'),
(120,	'191120662bfd03588a1b02c23d944843',	'M2',	'M2 ()',	1,	'2022-06-30 12:53:37',	'2022-06-30 12:53:37'),
(121,	'f7b8d564cf4f59916f3591d3724938ed',	'General',	'M1 (MOdulo interior y puertas) M2 (puertas)',	3,	'2022-07-05 13:27:57',	'2022-07-05 13:27:57'),
(122,	'f7b8d564cf4f59916f3591d3724938ed',	'M1',	'M1 (MOdulo interior y puertas)',	3,	'2022-07-05 13:28:10',	'2022-07-05 13:28:10'),
(123,	'f7b8d564cf4f59916f3591d3724938ed',	'M2',	'M2 (puertas)',	1,	'2022-07-05 13:28:20',	'2022-07-05 13:28:20'),
(124,	'8f0f4ce8c94fba8e59c1b8c5fb56d868',	'M1 M2 M3 M4 M5 M6 M7 M8 M9 M10 M11 M12 M13 M14 M15 M16 M17',	'M1 (cajonera 2 (bajo mesada)) M2 (puertas (bajo mesada)) M3 (cajonera 2 (bajo mesada)) M4 (MOD una puerta ) M5 (frentin final) M6 (frentin final para MOD 4) M7 (puerta lateral (alacena)) M8 (modulo microondas (alacena)) M9 (puerta (alacena)) M10 (Puerta (alacena)) M11 (vinoteca) M12 (puertas (bajo mesada)) M13 (Frentin y listones isla) M14 (Cajonera isla) M15 (Puerta (alacena)) M16 (FONDO ISLA) M17 ()',	1,	'2022-07-20 07:18:49',	'2022-07-20 07:18:49'),
(125,	'8f0f4ce8c94fba8e59c1b8c5fb56d868',	'General',	'M1 (cajonera 2 (bajo mesada)) M2 (puertas (bajo mesada)) M3 (cajonera 2 (bajo mesada)) M4 (MOD una puerta ) M5 (frentin final) M6 (frentin final para MOD 4) M7 (puerta lateral (alacena)) M8 (modulo microondas (alacena)) M9 (puerta (alacena)) M10 (Puerta (alacena)) M11 (vinoteca) M12 (puertas (bajo mesada)) M13 (Frentin y listones isla) M14 (Cajonera isla) M15 (Puerta (alacena)) M16 (FONDO ISLA) M17 ()',	1,	'2022-07-20 07:19:08',	'2022-07-20 07:19:08');

CREATE TABLE `grupos` (
  `id` int(10) unsigned NOT NULL AUTO_INCREMENT,
  `nombre_grupo` varchar(191) COLLATE utf8mb4_unicode_ci NOT NULL,
  `activo` tinyint(1) NOT NULL DEFAULT 1,
  `created_at` timestamp NULL DEFAULT NULL,
  `updated_at` timestamp NULL DEFAULT NULL,
  PRIMARY KEY (`id`)
) ENGINE=InnoDB DEFAULT CHARSET=utf8mb4 COLLATE=utf8mb4_unicode_ci;


CREATE TABLE `grupos_cad` (
  `id` int(10) unsigned NOT NULL AUTO_INCREMENT,
  `idDibujo` int(10) unsigned NOT NULL,
  `nombre_grupo` varchar(191) COLLATE utf8mb4_unicode_ci NOT NULL,
  `color` varchar(191) COLLATE utf8mb4_unicode_ci NOT NULL,
  `grosor` varchar(191) COLLATE utf8mb4_unicode_ci NOT NULL,
  PRIMARY KEY (`id`)
) ENGINE=InnoDB DEFAULT CHARSET=utf8mb4 COLLATE=utf8mb4_unicode_ci;

INSERT INTO `grupos_cad` (`id`, `idDibujo`, `nombre_grupo`, `color`, `grosor`) VALUES
(1,	2,	't1',	'#57da36',	'1.3'),
(2,	3,	'test',	'#6f68e6',	'1'),
(3,	4,	'test',	'#22f22d',	'1'),
(4,	4,	'test2',	'#73e82d',	'1');

CREATE TABLE `grupo_usuario` (
  `id` int(10) unsigned NOT NULL AUTO_INCREMENT,
  `usuario_id` int(10) unsigned DEFAULT NULL,
  `grupo_id` int(10) unsigned DEFAULT NULL,
  `activo` tinyint(1) NOT NULL DEFAULT 1,
  `created_at` timestamp NULL DEFAULT NULL,
  `updated_at` timestamp NULL DEFAULT NULL,
  PRIMARY KEY (`id`),
  KEY `grupo_usuario_grupo_id_foreign` (`grupo_id`),
  KEY `grupo_usuario_usuario_id_foreign` (`usuario_id`),
  CONSTRAINT `grupo_usuario_grupo_id_foreign` FOREIGN KEY (`grupo_id`) REFERENCES `grupos` (`id`),
  CONSTRAINT `grupo_usuario_usuario_id_foreign` FOREIGN KEY (`usuario_id`) REFERENCES `usuarios` (`id`)
) ENGINE=InnoDB DEFAULT CHARSET=utf8mb4 COLLATE=utf8mb4_unicode_ci;

INSERT INTO `grupo_usuario` (`id`, `usuario_id`, `grupo_id`, `activo`, `created_at`, `updated_at`) VALUES
(1,	11,	1,	1,	'2020-04-05 22:02:13',	'2020-04-09 13:02:10'),
(2,	26,	1,	1,	'2020-04-05 22:02:13',	'2020-04-09 13:02:10'),
(3,	12,	1,	1,	'2020-04-07 00:00:00',	'2020-04-09 13:02:10'),
(4,	7,	2,	1,	'2020-04-07 22:05:52',	'2020-04-07 22:05:52'),
(5,	8,	2,	1,	'2020-04-07 22:05:52',	'2020-04-07 22:05:52'),
(6,	13,	2,	1,	'2020-04-07 22:05:52',	'2020-04-07 22:05:52'),
(7,	12,	2,	1,	'2020-04-07 22:05:52',	'2020-04-07 22:05:52'),
(8,	16,	2,	1,	'2020-04-07 22:05:52',	'2020-04-07 22:05:52'),
(9,	15,	1,	0,	'2020-04-09 00:00:00',	'2020-04-09 13:02:10'),
(10,	6,	1,	1,	'2020-04-09 00:00:00',	'2020-04-09 13:02:10'),
(11,	26,	3,	1,	'2020-04-11 19:38:08',	'2020-04-11 19:38:08'),
(12,	27,	3,	1,	'2020-04-11 19:38:08',	'2020-04-11 19:38:08'),
(13,	25,	3,	1,	'2020-04-11 19:38:08',	'2020-04-11 19:38:08'),
(14,	22,	3,	1,	'2020-04-11 19:38:08',	'2020-04-11 19:38:08'),
(15,	11,	3,	1,	'2020-04-11 19:38:08',	'2020-04-11 19:38:08'),
(16,	13,	4,	1,	'2020-12-05 16:22:19',	'2021-01-19 12:31:20'),
(17,	12,	4,	0,	'2021-01-19 00:00:00',	'2021-01-19 12:31:20');

CREATE TABLE `horarios` (
  `id` int(10) unsigned NOT NULL AUTO_INCREMENT,
  `hora_inicio` time NOT NULL,
  `hora_fin` time NOT NULL,
  `activo` tinyint(1) NOT NULL,
  `created_at` timestamp NULL DEFAULT NULL,
  `updated_at` timestamp NULL DEFAULT NULL,
  PRIMARY KEY (`id`)
) ENGINE=InnoDB DEFAULT CHARSET=utf8mb4 COLLATE=utf8mb4_unicode_ci;

INSERT INTO `horarios` (`id`, `hora_inicio`, `hora_fin`, `activo`, `created_at`, `updated_at`) VALUES
(1,	'08:00:00',	'17:00:00',	1,	NULL,	NULL);

CREATE TABLE `imagenes_eventos` (
  `id` int(10) unsigned NOT NULL AUTO_INCREMENT,
  `evento_id` int(10) unsigned NOT NULL,
  `imagen` varchar(191) COLLATE utf8mb4_unicode_ci NOT NULL,
  `created_at` timestamp NULL DEFAULT NULL,
  `updated_at` timestamp NULL DEFAULT NULL,
  PRIMARY KEY (`id`),
  KEY `imagenes_eventos_evento_id_foreign` (`evento_id`),
  CONSTRAINT `imagenes_eventos_evento_id_foreign` FOREIGN KEY (`evento_id`) REFERENCES `events` (`id`) ON DELETE CASCADE ON UPDATE NO ACTION
) ENGINE=InnoDB DEFAULT CHARSET=utf8mb4 COLLATE=utf8mb4_unicode_ci;

INSERT INTO `imagenes_eventos` (`id`, `evento_id`, `imagen`, `created_at`, `updated_at`) VALUES
(3,	9,	'SwUohEUA71O4O8hSRyJuQptLGHZO9fELdko08eKv.jpeg',	'2019-10-01 08:27:50',	'2019-10-01 08:27:50'),
(4,	9,	'oGVtYBzju4CzvYI3OFrhJUNUcDMZ7hHGyNAMIfdK.jpeg',	'2019-10-01 08:28:01',	'2019-10-01 08:28:01'),
(48,	14,	'JqZkcLaibGZEwDWQVdA8kJHSxcFY6HZTOvDe3fPr.png',	'2020-04-25 16:34:10',	'2020-04-25 16:34:10'),
(49,	14,	'XPtj34jdoqLChzRrq4ussKSGTpX3DFjrlDqLSIaj.png',	'2020-04-25 16:34:10',	'2020-04-25 16:34:10'),
(63,	20,	'6T45kZWize2HeKm5TTAJqDuNT2hCOTTEdfXXFGDO.jpeg',	'2020-04-25 17:17:26',	'2020-04-25 17:17:26'),
(64,	20,	'i606bXCxwmlfyVfKj8bXG7ZIwCu5k8Kh1jWsqaXT.jpeg',	'2020-04-25 17:19:19',	'2020-04-25 17:19:19'),
(65,	20,	'M5udjOD3fz0MMlmFfMZDjrDYFfAiwzev1a9iy9kN.jpeg',	'2020-04-25 17:33:10',	'2020-04-25 17:33:10'),
(66,	14,	'W0qzlpFuelw1cBxB2nrWc3VZLsEw1O8vZvWuFANR.png',	'2020-04-25 18:26:15',	'2020-04-25 18:26:15'),
(67,	21,	'0lsD2R1mKDbZNVl2Og2cV7mjqlBwTcHbX1j17hue.jpeg',	'2020-04-25 22:31:22',	'2020-04-25 22:31:22'),
(68,	22,	'7KfG6WIeuYQbc7l6wZVmzOMq2W9GBuNFLMMvGq7V.jpeg',	'2020-04-25 22:36:45',	'2020-04-25 22:36:45'),
(124,	24,	'fvmDWk1Yjs8EDGDacPLnOQlQKgXrgBVrpIzm2xm8.jpeg',	'2021-01-09 06:14:45',	'2021-01-09 06:14:45'),
(125,	24,	'm6mQLFp3VkH6gfK91HxY1DTd5MA0isr8Y1V5IKGz.jpeg',	'2021-01-09 06:14:45',	'2021-01-09 06:14:45'),
(126,	24,	'Y8uymCPIa9D0F7qXiUuv6r4KdgEEZvGVOoI8M39v.jpeg',	'2021-01-09 06:15:11',	'2021-01-09 06:15:11'),
(129,	29,	'4csiLOq0rwqCWYtp3GTk7BrFI0BGdO9QOL8wS9Ty.png',	'2021-01-09 09:43:47',	'2021-01-09 09:43:47'),
(133,	48,	'JPGFdEFlugeadgrAjZOE1WpGhOfp7WSx380SvFcq.jpeg',	'2021-01-11 09:17:36',	'2021-01-11 09:17:36'),
(134,	50,	'TfMh1KalfSDLqI1jtsZEU2NodtbaHtWtNo9jP3MP.jpeg',	'2021-04-24 09:42:20',	'2021-04-24 09:42:20'),
(135,	50,	'fqiYuX3FPGcTluGHwKXvsxeyRS607YeQJMhmTnkq.jpeg',	'2021-04-24 09:42:43',	'2021-04-24 09:42:43'),
(136,	52,	'UtqscxyXkAeGuXb3XN1UJxnR7P2MEyqDgMiTOTj3.png',	'2021-05-13 15:21:38',	'2021-05-13 15:21:38');

CREATE TABLE `imagenes_presupuesto` (
  `id` int(11) NOT NULL AUTO_INCREMENT,
  `token` varchar(255) NOT NULL,
  `imagen` varchar(255) NOT NULL,
  `name` varchar(255) CHARACTER SET utf8mb4 COLLATE utf8mb4_unicode_ci NOT NULL,
  `remote` int(11) NOT NULL,
  PRIMARY KEY (`id`)
) ENGINE=InnoDB DEFAULT CHARSET=utf8;

INSERT INTO `imagenes_presupuesto` (`id`, `token`, `imagen`, `name`, `remote`) VALUES
(1,	'3b3b1d57f8fd02732615272894c3a781',	'Il4GJ8n9zZK68Xqo9WNvwLNXnaZAZHQPB3l4LugP.png',	'',	0),
(2,	'3b3b1d57f8fd02732615272894c3a781',	'sbVCkK7DGZN1qw0drvC0qCvh1XYORkzBdCIdk7YX.png',	'',	0),
(3,	'c3698b6f2abf9db92ed9746b89bd565e',	'M4gtyM5XosFo5TOvCHtEViY49RMuvliE2pWOLRwI.jpeg',	'',	0),
(4,	'c3698b6f2abf9db92ed9746b89bd565e',	'tFNKOczxMZ1CbWgjYVyMMXdTCUsPSUZwVgSmGXTr.jpeg',	'',	0),
(5,	'62c73e415f94c7d518f13d7a32f7d709',	'vprd4cOIWHXNHZtk3QBQiBRAHcPjHjylZwxf0sRN.jpeg',	'',	0),
(6,	'4cb2365c3c303a4706e77a2de6a4158c',	'BcG6y6XqE8fJDvysOg6YqIYydY36sL7NQW3Wm54Q.jpeg',	'',	0),
(7,	'959658083d36aaf23851f6dc68ba9cde',	'NMXxY7xRCuSQ96izztuAM9W9u8o8urmrOQulgcKu.png',	'',	0),
(8,	'659882abcfc63b29a17d740cceaa192b',	'3MdqNV2qyIoYdzyRutykww28daxtxRT01wJyfDgc.jpeg',	'',	0),
(9,	'683aed431dca655fc8915d679cefb16e',	'oxQ31brngHVNPUhpqTaXfbDggtqecQJy1wAiGO8J.jpeg',	'',	0),
(10,	'2124c89d556a292bc5f0f668c3bf4dcf',	'qcKByMtx5ax9JYvhVQyE5KOWZkKxkclxAcolzat2.jpeg',	'',	0),
(12,	'41f7b21caa02efec11afda871450f8c3',	'4DqJOoM9B5HOaMqVJ7JqUlbPt5KmXUXusSb6pIQ6.jpeg',	'',	0),
(13,	'41f7b21caa02efec11afda871450f8c3',	'kzhSXpj8FokQUKM6pQ78PKpZM2XKAb8DulVrT0KR.jpeg',	'',	0),
(14,	'a5f728f5c777913ec16cd3541b40b5d2',	'5zIbgsn3jiCeHCogphhDSmNyyswpBOZwbHG4IVfX.jpeg',	'',	0),
(15,	'c8aa961bdb4be90e0ee90550528b1759',	'xIEA0SJMBXtos1F9EQTa1or2vLno02lZBS1d7xZo.jpeg',	'',	0),
(16,	'c8aa961bdb4be90e0ee90550528b1759',	'8MfHabGfgpE0kl3wbVWZkdVCezRgQ3yTgNyWNNTM.jpeg',	'',	0),
(17,	'c8aa961bdb4be90e0ee90550528b1759',	'wHAwxHYDcDKJguSCakPtlxX9T5Wi3ug45XyBrWb4.jpeg',	'',	0),
(18,	'721b3725e2df8d723ee20b17da477a39',	'boW7C11yG7epaI24DT8JXu1mPddG2cw5USglfTNO.jpeg',	'',	0),
(19,	'721b3725e2df8d723ee20b17da477a39',	'PzzgZp3tPdtrOhPeTFUewmW3z0JRzs0kdZLATECz.jpeg',	'',	0),
(20,	'3f2f34bcf38e08b3eaf6f4c36a463ee5',	'qDYDmKzbT3yZgzLJKCZucMROAJaixATR7X3D3fFG.jpeg',	'',	0),
(21,	'a8173ea1c86d822ad026331ff4a87ce7',	'6cLzQjLl4guGfdGV4T2v8xTNCdVcQ7AjnUpZQ0aL.jpeg',	'',	0),
(22,	'2aee22b60a16388e73a691704834dbb3',	'fttkwi0T9PNCtoU8RKsj3o8KYzjHEs5gFS1CcMCs.jpeg',	'',	0),
(23,	'21ccd913eb4f98506e210de6a205d316',	'k2Ea2QsmArcxTOCjf5WkFKQv327jcXP2HAt5On2E.jpeg',	'',	0),
(25,	'98e81315b5b5f6eb00a3d9af9038d174',	'Gu76RjHl0agR1jS7Qkny1TRGmkGC5ndORu0NkF3u.jpeg',	'',	0),
(26,	'2a0954ce4585ca346b4909be8ec1ffb1',	'2h0XVTwB7WP4lndeuKRNMBsXW8Oc125uZ6WaqjYi.jpeg',	'',	0),
(27,	'8cfaeefb237e45ec080c6bb1007902b5',	'wolPqw2GwRUgeIPICIVtRQtGsKmcACPNKvHwmaz2.jpeg',	'',	0),
(28,	'9f95128b8f54de98f203b17925d5d540',	'A3pxvZ2j206zknrJuoLSonYXffaU2nXjOHkUEWpa.jpeg',	'',	0),
(29,	'eadee565d97d216987da9b5f2438fcb0',	'2CeaTczKU04bLb8ddGAENKAy3MkCC3F7k0PZRn4O.jpeg',	'',	0),
(30,	'eadee565d97d216987da9b5f2438fcb0',	'o7m3JbEZpPLoPy4Unp875lwOXLYQuW3h2GzHytG4.jpeg',	'',	0),
(31,	'7e6fc3296bd6fb20a44fbf1d7cd7417f',	'rKPHaNx5K7sZRYCEGvU9Z645uF4BMjSgjKeKTenM.jpeg',	'',	0),
(32,	'd57b5638ffcba3ec0ea53191fbc56f6c',	'zmqaJ1dUkciGnIfcvxfndx00bOa47RwqvlyZdvNT.jpeg',	'',	0),
(34,	'a1315e1a5070f9a8ef4d8889efdd16df',	'yY5xmQESFshe0ziAonUEwTgXlZlCGAE0hUpi2dTX.jpeg',	'',	0),
(35,	'10719144c24c8957201b46a0b316f27e',	'cgj53y8KGGanGrtsPPbKssCErmzo1InFUjmlYhkC.jpeg',	'',	0),
(36,	'7ddbc17a3fc132d4dca7d54d0d74bc76',	'4EDqNE1fSTUQpTOOaL0HgrCnTopy2sEzix2OaAPl.jpeg',	'',	0),
(37,	'3f6f1e65eb97c01cb6a4458205862b4f',	'clrEZbQok3j5mkK6s0JoydF8JRdOszF9rWTBncde.png',	'',	0),
(38,	'f828af555e9dfd55665e3c63b05724ed',	'eaYp6nHfhf6NFrLycxcw7SBw7tV1hckNVCGywyk1.jpeg',	'',	0),
(39,	'd6ad0acb5f2e7d12792960fbe1d67c32',	'RmKUaEsStL0ECJH5EfVifROpYyM3HrW94zmwCRBi.jpeg',	'',	0),
(40,	'e1211e2d1058130c270803bd95998b36',	'uUPK75WTu5kYftrmL4mB54T4SWNpQT1BplVXiX0B.jpeg',	'',	0),
(41,	'9471904f60cd817c34bfb9885b782cb3',	'FdtjUCa47pPmYD79szvWdZvMCcZpn390D9H7H2EY.png',	'',	0),
(42,	'153f4239c1a443235f22e67320629fa3',	'vXebGzsJZzMNW3SHK3HLNjEmTydrB6at4EqCjb3n.png',	'',	0),
(43,	'ef86087f4e0233a25a61a94465126952',	'dCiujHF8B646ZN2XBRdkJHbnZ8DqKL8sWrzhL8Gf.jpeg',	'',	0),
(44,	'063f931da87401a6a2f042682506e662',	'JrZDvgiYEiFfmoHQxw6W0RawRspgC9c3LF4FGRtu.png',	'',	0),
(45,	'063f931da87401a6a2f042682506e662',	'rMhZYvzLEYB2h3EDGyD2Pax6jvwjh4F0cijQuAf0.png',	'',	0),
(46,	'063f931da87401a6a2f042682506e662',	'UUeRH41CC3mceohjmL6AS5TSnT7fsjXKlv7hJSQm.png',	'',	0),
(56,	'9b0d8d91fb4248adff1f879d21542752',	'ZexnlMOEd84wsbodl5Bi0G2g6WDKDTkYxWcy7PnJ.jpeg',	'',	0),
(57,	'9b0d8d91fb4248adff1f879d21542752',	'yTLwy9ApAOoRkB6vCh6tbuZS1slkjgXF1yl6lH1q.jpeg',	'',	0),
(58,	'9b0d8d91fb4248adff1f879d21542752',	'CwK7IYi1rYY3msg0cMHS8kSMlbUbJVKKFyjGz6Z7.jpeg',	'',	0),
(62,	'9bed360f80c45a1afa6545634045f31a',	'https://www.google.com/webhp?hl=es-419&sa=X&ved=0ahUKEwi58PKE9pDyAhXESzABHf-CAXEQPAgI',	'Google',	1),
(63,	'5552217f9e931f295ffc9dfbdb1415e2',	'RwsM8FQfypAlEQCf3ZMjN0p9j2zco7e0xDtpgW5m.jpeg',	'',	0),
(64,	'5552217f9e931f295ffc9dfbdb1415e2',	'kqfGiA9ki9xyA8nU4LcS7P5oNyLUYPdt1IryGzsn.png',	'',	0),
(65,	'df18534b83f44178d71c3252f9579053',	'yDik84FJHzGJNrJBC8EJjpwjclR3DQcW6lzShDTF.png',	'',	0),
(66,	'3901a22240bd0a6b58b3d2b85678337b',	'jxgzObg6sq8sd2gJSoMA2IYEtKijeJKXxdMFhh3K.jpeg',	'',	0),
(67,	'd7065217fabc80338f83261f7f4d7c13',	'Yk6Uh4UpPIX7MIPxWUikafke53SIu1gI9Z4s02rE.png',	'',	0),
(68,	'be12429966f27c6e8f139f0a9a8cab03',	'm1T8l8DBsdymps8yIgMLDw8Qebfp6fi9592N4Bf9.png',	'',	0);

CREATE TABLE `inasistencias` (
  `id` int(10) unsigned NOT NULL AUTO_INCREMENT,
  `usuario_id` int(10) unsigned NOT NULL,
  `fecha1` date NOT NULL,
  `fecha2` date NOT NULL,
  `created_at` timestamp NOT NULL DEFAULT current_timestamp(),
  `updated_at` timestamp NOT NULL DEFAULT current_timestamp(),
  PRIMARY KEY (`id`),
  KEY `inasistencias_usuario_id` (`usuario_id`),
  CONSTRAINT `inasistencias_usuario_id` FOREIGN KEY (`usuario_id`) REFERENCES `usuarios` (`id`) ON DELETE CASCADE ON UPDATE CASCADE
) ENGINE=InnoDB DEFAULT CHARSET=utf8;

INSERT INTO `inasistencias` (`id`, `usuario_id`, `fecha1`, `fecha2`, `created_at`, `updated_at`) VALUES
(6,	11,	'2022-01-03',	'2022-01-04',	'2022-02-04 19:51:21',	'2022-02-04 19:51:21'),
(7,	11,	'2022-02-01',	'2022-02-13',	'2022-02-04 21:09:23',	'2022-02-20 19:54:38'),
(8,	38,	'2022-02-01',	'2022-02-09',	'2022-02-07 19:29:05',	'2022-02-07 19:29:05'),
(9,	29,	'2022-01-01',	'2022-01-31',	'2022-02-17 12:59:46',	'2022-02-17 12:59:46'),
(10,	29,	'2022-02-04',	'2022-02-09',	'2022-02-17 14:39:20',	'2022-02-17 14:39:20'),
(11,	29,	'2022-02-17',	'2022-02-24',	'2022-02-20 19:23:34',	'2022-02-20 19:23:34'),
(12,	11,	'2022-02-17',	'2022-03-15',	'2022-03-14 21:32:10',	'2022-03-14 21:32:10'),
(13,	29,	'2022-02-01',	'2022-02-03',	'2022-03-16 07:25:02',	'2022-03-16 07:25:02');

CREATE TABLE `inasistencia_docs` (
  `id` int(10) unsigned NOT NULL AUTO_INCREMENT,
  `inasistencia_id` int(10) unsigned NOT NULL,
  `descripcion` varchar(100) NOT NULL,
  `doc` varchar(240) NOT NULL,
  `created_at` timestamp NOT NULL DEFAULT current_timestamp(),
  `updated_at` timestamp NOT NULL DEFAULT current_timestamp(),
  PRIMARY KEY (`id`),
  KEY `inasistencia_docs_inasistencia_id` (`inasistencia_id`),
  CONSTRAINT `inasistencia_docs_inasistencia_id` FOREIGN KEY (`inasistencia_id`) REFERENCES `inasistencias` (`id`) ON DELETE CASCADE ON UPDATE CASCADE
) ENGINE=InnoDB DEFAULT CHARSET=utf8;

INSERT INTO `inasistencia_docs` (`id`, `inasistencia_id`, `descripcion`, `doc`, `created_at`, `updated_at`) VALUES
(5,	6,	'dew',	'doc_inasistencia_6_1644018681.png',	'2022-02-04 19:51:21',	'2022-02-04 19:51:21'),
(6,	7,	'wsde',	'doc_inasistencia_7_1644023363.PNG',	'2022-02-04 21:09:23',	'2022-02-04 21:09:23'),
(7,	8,	'Doc1',	'doc_inasistencia_8_1644276545.png',	'2022-02-07 19:29:05',	'2022-02-07 19:29:05'),
(8,	9,	'ggv hjbj',	'doc_inasistencia_9_1645117186.jfif',	'2022-02-17 12:59:47',	'2022-02-17 12:59:47'),
(9,	10,	'xcvzb',	'doc_inasistencia_10_1645123160.jfif',	'2022-02-17 14:39:20',	'2022-02-17 14:39:20'),
(10,	11,	'rettr',	'doc_inasistencia_11_1645399414.PNG',	'2022-02-20 19:23:34',	'2022-02-20 19:23:34'),
(11,	7,	'Doc5',	'doc_inasistencia_7_1645485633.jpeg',	'2022-02-21 19:20:33',	'2022-02-21 19:20:33'),
(12,	12,	'rettr',	'doc_inasistencia_12_1647307930.jpg',	'2022-03-14 21:32:10',	'2022-03-14 21:32:10'),
(13,	13,	'rettr',	'doc_inasistencia_13_1647429902.png',	'2022-03-16 07:25:02',	'2022-03-16 07:25:02');

CREATE TABLE `linea_cad` (
  `id` int(10) unsigned NOT NULL AUTO_INCREMENT,
  `color` varchar(191) COLLATE utf8mb4_unicode_ci DEFAULT NULL,
  `tamano` varchar(191) COLLATE utf8mb4_unicode_ci DEFAULT NULL,
  `grueso` varchar(191) COLLATE utf8mb4_unicode_ci DEFAULT NULL,
  `x1` double DEFAULT NULL,
  `y1` double DEFAULT NULL,
  `x2` double DEFAULT NULL,
  `y2` double DEFAULT NULL,
  `idGrupo` int(10) unsigned NOT NULL,
  PRIMARY KEY (`id`)
) ENGINE=InnoDB DEFAULT CHARSET=utf8mb4 COLLATE=utf8mb4_unicode_ci;

INSERT INTO `linea_cad` (`id`, `color`, `tamano`, `grueso`, `x1`, `y1`, `x2`, `y2`, `idGrupo`) VALUES
(1,	'black',	'329.296',	NULL,	172.1999969482422,	112.46665954589844,	328.1999969482422,	402.46665954589844,	0),
(2,	'#22f22d',	'249.018',	'0',	547.1999969482422,	166.71665954589844,	371.11762985829193,	342.7990266358487,	3),
(3,	'#22f22d',	'196.786',	'0',	450.1999969482422,	125.71665954589844,	450.1999969482422,	322.5033460874427,	3),
(4,	'#73e82d',	'209.066',	'0',	523.1999969482422,	219.71665954589844,	523.1999969482422,	428.7836344606372,	4),
(5,	'#73e82d',	'129.096',	'0',	576.1999969482422,	379.71665954589844,	447.1031340893795,	379.71665954589844,	4),
(6,	'#73e82d',	'138',	'0',	650.1999969482422,	309.71665954589844,	650.1999969482422,	447.71665954589844,	4),
(7,	'#73e82d',	'61.204',	'0',	609.1999969482422,	325.71665954589844,	670.4045719406396,	325.71665954589844,	4);

CREATE TABLE `loginlog` (
  `id` int(10) NOT NULL AUTO_INCREMENT,
  `user` varchar(60) NOT NULL,
  `action` varchar(20) NOT NULL,
  `date` timestamp NOT NULL DEFAULT current_timestamp(),
  `time` varchar(5) NOT NULL,
  PRIMARY KEY (`id`)
) ENGINE=InnoDB DEFAULT CHARSET=utf8mb4;


CREATE TABLE `materiales` (
  `id` int(10) unsigned NOT NULL AUTO_INCREMENT,
  `material` varchar(191) COLLATE utf8mb4_unicode_ci NOT NULL,
  `espesor` int(11) NOT NULL DEFAULT 0,
  `link_textura1` varchar(191) COLLATE utf8mb4_unicode_ci DEFAULT NULL,
  `link_textura2` varchar(191) COLLATE utf8mb4_unicode_ci DEFAULT NULL,
  `precio_mt2` decimal(8,2) NOT NULL DEFAULT 0.00,
  `precio_placa` decimal(8,2) NOT NULL DEFAULT 0.00,
  `veta` tinyint(1) NOT NULL DEFAULT 0,
  `ancho_veta` int(11) NOT NULL DEFAULT 0,
  `largo_veta` int(11) NOT NULL DEFAULT 0,
  `extra` varchar(191) COLLATE utf8mb4_unicode_ci DEFAULT NULL,
  `nombre` varchar(191) COLLATE utf8mb4_unicode_ci DEFAULT NULL,
  `alto` decimal(8,2) NOT NULL DEFAULT 0.00,
  `descuento_alto` decimal(8,2) NOT NULL DEFAULT 0.00,
  `descuento_ancho` decimal(8,2) NOT NULL DEFAULT 0.00,
  `tipo_material_id` int(10) unsigned DEFAULT NULL,
  `default` tinyint(1) NOT NULL DEFAULT 0,
  PRIMARY KEY (`id`),
  KEY `materiales_tipo_material_id_foreign` (`tipo_material_id`),
  CONSTRAINT `materiales_tipo_material_id_foreign` FOREIGN KEY (`tipo_material_id`) REFERENCES `tipo_materiales` (`id`) ON DELETE NO ACTION ON UPDATE CASCADE
) ENGINE=InnoDB DEFAULT CHARSET=utf8mb4 COLLATE=utf8mb4_unicode_ci;

INSERT INTO `materiales` (`id`, `material`, `espesor`, `link_textura1`, `link_textura2`, `precio_mt2`, `precio_placa`, `veta`, `ancho_veta`, `largo_veta`, `extra`, `nombre`, `alto`, `descuento_alto`, `descuento_ancho`, `tipo_material_id`, `default`) VALUES
(1,	'Blanco MDF',	18,	'',	'#eeeeee',	1555.00,	6200.00,	1,	1830,	2600,	'1',	'',	0.00,	0.00,	0.00,	1,	1),
(3,	'Rojo MDF 1',	0,	'',	'#f00000',	0.00,	0.00,	0,	0,	0,	'',	'',	0.00,	0.00,	0.00,	1,	1),
(4,	'Negro MDF',	18,	'',	'#252525',	1700.00,	5500.00,	0,	1830,	2600,	'',	'',	0.00,	0.00,	0.00,	1,	1),
(5,	'Aluminio MDF',	18,	NULL,	'#879798',	0.00,	0.00,	0,	1830,	2600,	'',	'',	0.00,	0.00,	0.00,	1,	0),
(6,	'Gris Humo MDF',	0,	NULL,	NULL,	0.00,	0.00,	0,	0,	0,	NULL,	NULL,	0.00,	0.00,	0.00,	1,	0),
(7,	'Ceniza MDF',	0,	NULL,	NULL,	0.00,	0.00,	0,	0,	0,	NULL,	NULL,	0.00,	0.00,	0.00,	1,	0),
(8,	'Arcilla MDF',	0,	NULL,	'',	0.00,	0.00,	0,	0,	0,	'',	'',	0.00,	0.00,	0.00,	1,	0),
(9,	'Almendra MDF',	0,	NULL,	'',	0.00,	0.00,	0,	0,	0,	'',	'',	0.00,	0.00,	0.00,	1,	0),
(10,	'Wengue MDF',	18,	NULL,	'#695241',	0.00,	0.00,	1,	1830,	2600,	'',	'',	0.00,	0.00,	0.00,	1,	0),
(11,	'Roble Moro MDF',	18,	NULL,	'',	0.00,	0.00,	1,	1830,	2600,	'',	'',	0.00,	0.00,	0.00,	1,	0),
(12,	'Roble Ingles MDF',	0,	NULL,	NULL,	0.00,	0.00,	0,	0,	0,	NULL,	NULL,	0.00,	0.00,	0.00,	1,	0),
(13,	'Nogal Brianza MDF',	0,	NULL,	NULL,	0.00,	0.00,	0,	0,	0,	NULL,	NULL,	0.00,	0.00,	0.00,	1,	0),
(14,	'Teca MDF',	0,	NULL,	'#c96f32',	0.00,	0.00,	0,	0,	0,	'',	'',	0.00,	0.00,	0.00,	1,	0),
(15,	'Guindo MDF',	10,	NULL,	'#d38834',	0.00,	0.00,	0,	1830,	2600,	'',	'',	0.00,	0.00,	0.00,	1,	0),
(16,	'Cedro MDF',	0,	NULL,	'#582727',	0.00,	0.00,	0,	0,	0,	'',	'',	0.00,	0.00,	0.00,	1,	0),
(17,	'Haya MDF',	0,	NULL,	'',	0.00,	0.00,	0,	0,	0,	'',	'',	0.00,	0.00,	0.00,	1,	0),
(18,	'Cerejeira MDF',	0,	NULL,	NULL,	0.00,	0.00,	0,	0,	0,	NULL,	NULL,	0.00,	0.00,	0.00,	1,	0),
(20,	'Nebraska Mat MDF',	18,	'',	'#ab8a5c',	600.00,	3200.00,	1,	1830,	2600,	NULL,	NULL,	0.00,	0.00,	0.00,	1,	0),
(21,	'Tweed Mat MDF',	0,	NULL,	NULL,	0.00,	0.00,	0,	0,	0,	NULL,	NULL,	0.00,	0.00,	0.00,	1,	0),
(22,	'Lino MDF (egger)',	18,	NULL,	'#d1d1d1',	0.00,	0.00,	0,	1830,	2600,	'',	'',	0.00,	0.00,	0.00,	1,	0),
(23,	'Enigma Esc MDF',	18,	NULL,	'#c3c3c3',	0.00,	0.00,	0,	1830,	2600,	'',	'',	0.00,	0.00,	0.00,	1,	0),
(24,	'Teca Limo Esc MDF',	0,	NULL,	NULL,	0.00,	0.00,	0,	0,	0,	NULL,	NULL,	0.00,	0.00,	0.00,	1,	0),
(25,	'Roble Natural Esc MDF',	18,	NULL,	'#93823c',	1400.00,	6000.00,	0,	1830,	2600,	'',	'',	0.00,	0.00,	0.00,	1,	0),
(26,	'Roble Ameriano Ench Esc MDF',	0,	NULL,	'',	0.00,	0.00,	0,	0,	0,	'',	'',	0.00,	0.00,	0.00,	1,	0),
(27,	'Nogal Habano Esc MDF',	0,	NULL,	'',	0.00,	0.00,	0,	0,	0,	'',	'',	0.00,	0.00,	0.00,	1,	0),
(28,	'Wengue Ench Esc MDF',	0,	NULL,	NULL,	0.00,	0.00,	0,	0,	0,	NULL,	NULL,	0.00,	0.00,	0.00,	1,	0),
(29,	'Fresno Abedul Esc MDF',	0,	NULL,	'',	0.00,	0.00,	0,	0,	0,	'',	'',	0.00,	0.00,	0.00,	1,	0),
(30,	'Roble Blanco Ench Es MDF',	0,	NULL,	NULL,	0.00,	0.00,	0,	0,	0,	NULL,	NULL,	0.00,	0.00,	0.00,	1,	0),
(31,	'Fresno Negro Esc MDF',	18,	'',	NULL,	0.00,	0.00,	0,	0,	0,	NULL,	NULL,	0.00,	0.00,	0.00,	1,	0),
(32,	'Mango Laca MDF',	0,	NULL,	NULL,	0.00,	0.00,	0,	0,	0,	NULL,	NULL,	0.00,	0.00,	0.00,	1,	0),
(33,	'Coñac Laca MDF',	0,	NULL,	NULL,	0.00,	0.00,	0,	0,	0,	NULL,	NULL,	0.00,	0.00,	0.00,	1,	0),
(34,	'Esmeralda Laca MDF',	0,	NULL,	NULL,	0.00,	0.00,	0,	0,	0,	NULL,	NULL,	0.00,	0.00,	0.00,	1,	0),
(35,	'Vison Laca MDF',	0,	NULL,	'',	0.00,	0.00,	0,	0,	0,	'',	'',	0.00,	0.00,	0.00,	1,	0),
(36,	'Verde Oliva Laca MDF',	0,	NULL,	NULL,	0.00,	0.00,	0,	0,	0,	NULL,	NULL,	0.00,	0.00,	0.00,	1,	0),
(37,	'Blanco Laca MDF',	0,	NULL,	'#ffffff',	0.00,	0.00,	0,	0,	0,	'No',	'',	0.00,	0.00,	0.00,	1,	0),
(38,	'blanco fibro plus 3mm',	3,	NULL,	'#d4d4d4',	940.00,	2500.00,	0,	1830,	2600,	'',	'',	0.00,	0.00,	0.00,	1,	1),
(39,	'Concreto Metropolitan AGLO',	18,	NULL,	'#bfbfbf',	1000.00,	4500.00,	1,	1830,	2600,	'N',	'',	0.00,	0.00,	0.00,	1,	0),
(41,	'Negro fibro plus 3mm',	3,	NULL,	NULL,	150.00,	600.00,	0,	1830,	2600,	NULL,	NULL,	0.00,	0.00,	0.00,	1,	0),
(42,	'Kit 3 x 3',	10,	NULL,	'#757575',	0.00,	0.00,	0,	0,	0,	'',	'NO',	0.00,	0.00,	0.00,	2,	0),
(44,	'Nebraska 5.5 Mat',	5,	'',	'#787946',	200.00,	900.00,	1,	1830,	2600,	NULL,	NULL,	0.00,	0.00,	0.00,	1,	0),
(45,	'Perfil 20-45 vidrio traslucido',	18,	NULL,	'#ada7e4',	4800.00,	700.00,	0,	3000,	3000,	'No',	'',	0.00,	0.00,	0.00,	1,	0),
(46,	'laricina MDF',	18,	NULL,	'#c9c9c9',	0.00,	0.00,	0,	1830,	2600,	'',	'',	0.00,	0.00,	0.00,	1,	0),
(47,	'prueba',	123,	NULL,	'#008080',	123.00,	123.00,	1,	123,	123,	'123',	NULL,	0.00,	0.00,	0.00,	1,	0),
(48,	'tortona MDF',	18,	NULL,	'#7b5437',	800.00,	3200.00,	1,	1830,	2600,	NULL,	NULL,	0.00,	0.00,	0.00,	1,	0),
(49,	'Kit 2 x 2',	18,	NULL,	'#cacaca',	0.00,	0.00,	0,	1000,	1000,	NULL,	NULL,	0.00,	0.00,	0.00,	2,	0),
(50,	'Melamina',	0,	NULL,	NULL,	0.00,	0.00,	0,	0,	0,	NULL,	NULL,	0.00,	0.00,	0.00,	2,	0),
(51,	'Perfil Liviano',	0,	NULL,	NULL,	0.00,	0.00,	0,	0,	0,	NULL,	NULL,	0.00,	0.00,	0.00,	2,	0),
(54,	'Negro',	13,	NULL,	'',	600.00,	0.00,	0,	550,	0,	'',	'tele 450',	45.00,	0.00,	27.00,	3,	1),
(55,	'melamina',	0,	NULL,	'',	0.00,	0.00,	0,	0,	0,	'',	'blanco',	22.00,	0.00,	0.00,	2,	0),
(57,	'aluminio',	35,	NULL,	'',	880.00,	0.00,	0,	0,	0,	'',	'Perfil Liviano 35',	18.00,	0.00,	0.00,	2,	1),
(59,	'negro',	0,	NULL,	'',	650.00,	0.00,	0,	0,	0,	'',	'tele 500',	0.00,	0.00,	27.00,	3,	1),
(60,	'Manija',	0,	NULL,	'',	0.00,	0.00,	0,	0,	0,	'',	'Manija',	0.00,	0.00,	0.00,	3,	0),
(61,	'Perf.',	0,	NULL,	'',	0.00,	0.00,	0,	0,	0,	'',	'perforación',	0.00,	0.00,	0.00,	3,	0),
(62,	'N',	0,	NULL,	'',	0.00,	0.00,	0,	0,	0,	'',	'N',	0.00,	0.00,	0.00,	3,	0),
(63,	'negro',	0,	NULL,	'',	700.00,	0.00,	0,	0,	0,	'',	'tele 550',	0.00,	0.00,	27.00,	3,	1),
(64,	'Nogal terracota MDF',	18,	NULL,	'#fcfcfc',	0.00,	0.00,	1,	1830,	2600,	'',	'',	0.00,	0.00,	0.00,	1,	0),
(65,	'santorini',	18,	NULL,	'#c0c0c0',	0.00,	0.00,	1,	1830,	2600,	'',	'',	0.00,	0.00,	0.00,	1,	0),
(66,	'Nogal terracota',	0,	NULL,	'#817b69',	0.00,	0.00,	0,	0,	0,	'',	'Nogal terracota',	18.00,	0.00,	0.00,	2,	0),
(67,	'Santorini',	0,	NULL,	'#d6d6d6',	0.00,	0.00,	0,	0,	0,	'',	'Santorini',	22.00,	0.00,	0.00,	2,	0),
(68,	'Nogal terracota fibro plus 3mm',	3,	NULL,	'#fcfcfc',	0.00,	0.00,	1,	1830,	2600,	'',	'',	0.00,	0.00,	0.00,	1,	0),
(69,	'Santorini fibro plus 3 mm',	3,	NULL,	'#877e76',	0.00,	0.00,	1,	1830,	2600,	'',	'',	0.00,	0.00,	0.00,	1,	0),
(70,	'teka oslo MDF',	18,	NULL,	'',	0.00,	0.00,	0,	1830,	2600,	'',	'',	0.00,	0.00,	0.00,	1,	0),
(71,	'Melamina',	0,	NULL,	'',	0.00,	0.00,	0,	0,	0,	'',	'Melamina',	22.00,	0.00,	0.00,	2,	0),
(72,	'Pvc',	1,	NULL,	'#faf9f9',	80.00,	0.00,	0,	0,	0,	'',	'Pvc',	18.00,	0.00,	0.00,	2,	1),
(73,	'KIT 3 x 2',	18,	NULL,	'#9b9b9b',	0.00,	0.00,	0,	2800,	3000,	'',	'',	0.00,	0.00,	0.00,	1,	0),
(74,	'Santorini MDF',	18,	NULL,	'#e2cdb8',	2000.00,	2000.00,	1,	1830,	2600,	'No',	'',	0.00,	0.00,	0.00,	1,	0),
(75,	'pvc',	22,	NULL,	'',	80.00,	0.00,	0,	0,	0,	'',	'pvc espacio',	0.00,	0.00,	0.00,	2,	1),
(76,	'negro',	0,	NULL,	'',	600.00,	0.00,	0,	0,	0,	'',	'tele 400',	0.00,	0.00,	27.00,	3,	1),
(77,	'Caño',	20,	NULL,	'#2e2c2e',	0.00,	0.00,	0,	1600,	2600,	'No',	'',	0.00,	0.00,	0.00,	1,	0),
(78,	'negroo',	0,	NULL,	'',	600.00,	0.00,	0,	0,	0,	'00',	'Tele 350',	0.00,	0.00,	27.00,	3,	1),
(79,	'Blanco laca fibro plus 3mm',	18,	NULL,	'#ffffff',	0.00,	0.00,	0,	1830,	2600,	'',	'',	0.00,	0.00,	0.00,	1,	0),
(80,	'PVC',	0,	NULL,	'',	0.00,	0.00,	0,	0,	0,	'',	'Roble Natural',	22.00,	0.00,	0.00,	2,	0),
(81,	'NO',	0,	NULL,	'',	0.00,	0.00,	0,	0,	0,	'',	'NO',	0.00,	0.00,	0.00,	2,	1),
(82,	'Kit 2 x 2',	0,	NULL,	'',	0.00,	0.00,	1,	2600,	2000,	'',	'',	0.00,	0.00,	0.00,	1,	0),
(83,	'Perfil 20-45 vidrio esmerilado',	18,	NULL,	'#87d1da',	4800.00,	700.00,	0,	3000,	3000,	'No',	'',	0.00,	0.00,	0.00,	1,	0),
(84,	'PVC',	0,	NULL,	'',	350.00,	0.00,	0,	0,	0,	'',	'M36',	50.00,	0.00,	0.00,	2,	0),
(85,	'mdf crudo 15 y espejo',	15,	NULL,	'',	0.00,	0.00,	0,	1830,	2600,	'',	'',	0.00,	0.00,	0.00,	1,	0),
(86,	'negro',	0,	NULL,	'',	1400.00,	0.00,	0,	13,	0,	'',	'Tele 500 C/Suave',	45.00,	0.00,	27.00,	3,	0),
(87,	'negro',	0,	NULL,	'',	1400.00,	0.00,	0,	0,	0,	'',	'Tele 450 C/Suave',	45.00,	0.00,	27.00,	3,	0),
(88,	'Negro',	0,	NULL,	'',	1400.00,	0.00,	0,	0,	0,	'',	'Tele 400 C/Suave',	45.00,	0.00,	27.00,	3,	0),
(89,	'Negro',	0,	NULL,	'',	1300.00,	0.00,	0,	0,	0,	'',	'Tele 350 C/Suave',	45.00,	0.00,	27.00,	3,	0),
(90,	'negro',	0,	NULL,	'',	1400.00,	0.00,	0,	0,	0,	'',	'Tele 550 C/Suave',	0.00,	0.00,	27.00,	3,	0),
(91,	'Push',	0,	NULL,	'',	0.00,	0.00,	0,	0,	0,	'',	'PUSH',	0.00,	0.00,	0.00,	3,	0),
(92,	'fresno negro fibro plus 3mm',	3,	NULL,	'#0c0c0c',	0.00,	0.00,	1,	1830,	2600,	'',	'',	0.00,	0.00,	0.00,	1,	0),
(93,	'MDF Crudo18',	18,	NULL,	'#ccb88c',	1000.00,	3500.00,	0,	1830,	2600,	'',	'',	0.00,	0.00,	0.00,	1,	1),
(95,	'SIn definir',	18,	NULL,	'#0037b9',	0.00,	0.00,	1,	1830,	2600,	'',	'',	0.00,	0.00,	0.00,	1,	0),
(96,	'Roble Escandinavo mdf',	18,	NULL,	'#cabfb9',	0.00,	0.00,	1,	1830,	2600,	'',	'',	0.00,	0.00,	0.00,	1,	0),
(97,	'Roble Escandinavo fibro plus 3 mm',	3,	NULL,	'#937f6c',	0.00,	0.00,	1,	1830,	2600,	'',	'',	0.00,	0.00,	0.00,	1,	0),
(98,	'negro',	0,	NULL,	'',	380.00,	0.00,	0,	0,	0,	'No',	'Tele 250',	45.00,	0.00,	27.00,	3,	1),
(99,	'negro',	0,	NULL,	'',	450.00,	0.00,	0,	0,	0,	'',	'tele 350',	45.00,	0.00,	27.00,	3,	0),
(100,	'Metalizas',	0,	NULL,	'',	0.00,	0.00,	0,	0,	0,	'',	'Corredera Z 250',	0.00,	0.00,	0.00,	3,	0),
(101,	'Metalicas',	0,	NULL,	'',	0.00,	0.00,	0,	0,	0,	'',	'Corredera Z 300',	0.00,	0.00,	26.00,	3,	0),
(102,	'Metalicas',	0,	NULL,	'',	0.00,	0.00,	0,	0,	0,	'',	'Corredera Z 350',	0.00,	0.00,	26.00,	3,	0),
(103,	'Metalicas',	0,	NULL,	'',	0.00,	0.00,	0,	0,	0,	'',	'Corredera Z 400',	0.00,	0.00,	26.00,	3,	0),
(104,	'Metalicas',	0,	NULL,	'',	0.00,	0.00,	0,	0,	0,	'',	'Corredera Z 450',	0.00,	0.00,	26.00,	3,	0),
(105,	'Metalicas',	0,	NULL,	'',	0.00,	0.00,	0,	0,	0,	'',	'Corredera Z 500',	0.00,	0.00,	26.00,	3,	0),
(106,	'Metalizas',	0,	NULL,	'',	0.00,	0.00,	0,	0,	0,	'',	'Corredera Z 550',	0.00,	0.00,	26.00,	3,	0),
(107,	'Manija',	0,	NULL,	'',	0.00,	0.00,	0,	0,	0,	'',	'ISA 128',	0.00,	0.00,	0.00,	3,	0),
(108,	'Manija',	0,	NULL,	'',	0.00,	0.00,	0,	0,	0,	'',	'ISA 96',	0.00,	0.00,	0.00,	3,	0),
(109,	'Manija',	0,	NULL,	'',	0.00,	0.00,	0,	0,	0,	'',	'ISA 160',	0.00,	0.00,	0.00,	3,	0),
(110,	'negro',	0,	NULL,	'',	300.00,	0.00,	0,	0,	0,	'',	'tele 300',	0.00,	0.00,	0.00,	3,	0),
(111,	'metal',	0,	NULL,	'',	0.00,	0.00,	0,	0,	0,	'',	'tirador Cilindro',	0.00,	0.00,	0.00,	3,	0),
(114,	'negro',	0,	NULL,	'',	1900.00,	0.00,	0,	0,	0,	'',	'tele push 350',	0.00,	0.00,	27.00,	3,	0),
(115,	'negro',	0,	NULL,	'',	1900.00,	0.00,	0,	0,	0,	'',	'tele push 400',	0.00,	0.00,	27.00,	3,	0),
(116,	'negro',	0,	NULL,	'',	1900.00,	0.00,	0,	0,	0,	'',	'tele push 450',	0.00,	0.00,	27.00,	3,	0),
(117,	'negro',	0,	NULL,	'',	1900.00,	0.00,	0,	0,	0,	'',	'tele push 500',	0.00,	0.00,	27.00,	3,	0),
(118,	'negro',	0,	NULL,	'',	1900.00,	0.00,	0,	0,	0,	'',	'tele push 550',	0.00,	0.00,	27.00,	3,	0),
(119,	'PVC',	0,	NULL,	'',	0.00,	0.00,	0,	0,	0,	'',	'VISON',	0.00,	0.00,	0.00,	2,	0),
(120,	'Fenólico',	18,	NULL,	'',	1200.00,	0.00,	1,	1220,	2440,	'',	'',	0.00,	0.00,	0.00,	1,	0),
(121,	'Blanco AGLO',	18,	NULL,	'#fafafa',	1400.00,	4800.00,	0,	1830,	2600,	'1',	'',	0.00,	0.00,	0.00,	1,	1),
(122,	'aluminio',	2,	NULL,	'',	0.00,	0.00,	0,	0,	0,	'',	'aluminio U',	18.00,	0.00,	0.00,	2,	0),
(123,	'Seda notte MDF',	18,	NULL,	'#737373',	0.00,	0.00,	1,	1830,	2600,	'',	'',	0.00,	0.00,	0.00,	1,	0),
(125,	'Helsinki Aglo',	18,	NULL,	'#c6b7a6',	0.00,	0.00,	1,	1830,	2750,	'',	'',	0.00,	0.00,	0.00,	1,	0),
(126,	'nocce milano',	18,	NULL,	'#7a6a58',	0.00,	0.00,	1,	1830,	2600,	'',	'',	0.00,	0.00,	0.00,	1,	0),
(127,	'Roble Nat 5.5',	5,	NULL,	'#bf9a28',	0.00,	0.00,	1,	1830,	2600,	'',	'',	0.00,	0.00,	0.00,	1,	0),
(128,	'Lino negro MDF',	18,	NULL,	'',	0.00,	0.00,	1,	1830,	2600,	'',	'',	0.00,	0.00,	0.00,	1,	0),
(129,	'Olmo alpino aglo',	18,	NULL,	'#a48c3e',	1000.00,	4500.00,	1,	1830,	2600,	'N',	'',	0.00,	0.00,	0.00,	1,	0),
(130,	'ceniza Aglo',	18,	NULL,	'#d6dcd9',	0.00,	0.00,	0,	1830,	2600,	'',	'',	0.00,	0.00,	0.00,	1,	0),
(131,	'Ceniza fibro 3mm',	3,	NULL,	'#9a9a9a',	0.00,	0.00,	0,	1830,	2600,	'',	'',	0.00,	0.00,	0.00,	1,	0),
(132,	'Nogal habano 5.5',	5,	NULL,	'#5b1c1c',	0.00,	0.00,	1,	1830,	2600,	'',	'',	0.00,	0.00,	0.00,	1,	0),
(133,	'Siberia MDF',	18,	NULL,	'#d1d1d1',	0.00,	0.00,	1,	1830,	2600,	'',	'',	0.00,	0.00,	0.00,	1,	0),
(134,	'Teca Limo MDF',	18,	NULL,	'#c9c9c9',	0.00,	0.00,	1,	1830,	2600,	'',	'',	0.00,	0.00,	0.00,	1,	0),
(135,	'Roble Dakar Nature MDF',	18,	NULL,	'#6d6056',	0.00,	0.00,	1,	1800,	2600,	'',	'',	0.00,	0.00,	0.00,	1,	0),
(136,	'Roble dakar nature fibro plus 3mm',	18,	NULL,	'#676254',	0.00,	0.00,	1,	1830,	2600,	'00',	'',	0.00,	0.00,	0.00,	1,	0),
(137,	'Venezia MDF',	18,	NULL,	'#f4ebd9',	0.00,	0.00,	1,	1830,	2750,	'',	'',	0.00,	0.00,	0.00,	1,	0),
(138,	'Kit 3x3',	18,	NULL,	'',	0.00,	0.00,	0,	0,	0,	'00',	'',	0.00,	0.00,	0.00,	1,	0),
(139,	'kit 2x3',	18,	NULL,	'',	0.00,	0.00,	0,	0,	0,	'00',	'',	0.00,	0.00,	0.00,	1,	0),
(140,	'Perfil vitro',	18,	NULL,	'#959595',	0.00,	0.00,	0,	2600,	1830,	'',	'',	0.00,	0.00,	0.00,	1,	0),
(141,	'Kit 2x2 Aluminio',	100,	NULL,	'#858585',	7700.00,	0.00,	0,	0,	0,	'',	'Kit 2x2',	27.00,	32.00,	18.00,	4,	1),
(142,	'aluminio',	27,	NULL,	'',	0.00,	0.00,	0,	0,	0,	'',	'perfil nano 30',	5.00,	0.00,	0.00,	2,	0),
(144,	'Lino negro AGLO',	18,	NULL,	'',	0.00,	0.00,	1,	1830,	2600,	'00',	'',	0.00,	0.00,	0.00,	1,	0),
(145,	'Lino negro fibro plus',	3,	NULL,	'',	0.00,	0.00,	1,	1830,	2600,	'00',	'',	0.00,	0.00,	0.00,	1,	0),
(146,	'Baltico MDF',	18,	NULL,	'#a7928f',	0.00,	0.00,	1,	1830,	2600,	'00',	'',	0.00,	0.00,	0.00,	1,	0),
(147,	'Baltico fibro plus',	18,	NULL,	'#867d75',	0.00,	0.00,	1,	1830,	2600,	'00',	'',	0.00,	0.00,	0.00,	1,	0),
(148,	'seda giorno MDF',	18,	NULL,	'#bcb5b1',	0.00,	0.00,	1,	1830,	2600,	'00',	'',	0.00,	0.00,	0.00,	1,	0),
(149,	'TRinidad 128',	0,	NULL,	'',	0.00,	0.00,	0,	0,	0,	'',	'TRinidad 128',	0.00,	0.00,	0.00,	3,	0),
(150,	'Terrarum MDF',	18,	NULL,	'#7d7359',	0.00,	0.00,	1,	1830,	2600,	'00',	'',	0.00,	0.00,	0.00,	1,	0),
(151,	'PVC',	0,	NULL,	'#70675f',	0.00,	0.00,	0,	0,	0,	'00',	'Terrarum',	22.00,	0.00,	0.00,	2,	0),
(152,	'Terrarum Fibro 3mm',	3,	NULL,	'#4a4740',	0.00,	0.00,	1,	2600,	1830,	'00',	'',	0.00,	0.00,	0.00,	1,	0),
(153,	'FIBRO crudo 12MM',	12,	NULL,	'#dcae8d',	0.00,	2.00,	0,	1830,	2600,	'',	'',	0.00,	0.00,	0.00,	1,	0),
(154,	'Blanco FA PLAC Aglo',	18,	NULL,	'#f9f9f9',	0.00,	0.00,	0,	1830,	2750,	'',	'',	0.00,	0.00,	0.00,	1,	0),
(155,	'Toledo MDF',	18,	NULL,	'#50361f',	0.00,	0.00,	1,	1830,	2600,	'',	'',	0.00,	0.00,	0.00,	1,	0),
(156,	'Toledo 5.5',	18,	NULL,	'#563532',	0.00,	0.00,	1,	1830,	2600,	'',	'',	0.00,	0.00,	0.00,	1,	0),
(158,	'Pvc',	0,	NULL,	'#845f55',	0.00,	0.00,	0,	0,	0,	'',	'PVC TOLEDO',	22.00,	0.00,	0.00,	2,	0),
(159,	'Aluminio',	1,	NULL,	'#a8a8a8',	0.00,	0.00,	0,	0,	0,	'',	'Perfil LManija',	0.00,	0.00,	0.00,	3,	0),
(160,	'Perfil VITRO Vidrio Negro',	0,	NULL,	'#868686',	0.00,	0.00,	0,	0,	0,	'',	'',	0.00,	0.00,	0.00,	1,	0),
(161,	'Aluminio',	2,	NULL,	'#7c7c7c',	0.00,	0.00,	0,	0,	0,	'',	'Perfil LManija 2',	30.00,	0.00,	0.00,	2,	0),
(162,	'PVC',	0,	NULL,	'#6d5b43',	0.00,	0.00,	0,	0,	0,	'',	'Robre dakar',	22.00,	0.00,	0.00,	2,	0),
(163,	'Roblle dakar nature AGLO',	18,	NULL,	'#5c2e2e',	0.00,	0.00,	1,	1830,	2600,	'00',	'',	0.00,	0.00,	0.00,	1,	0),
(164,	'PVC',	0,	NULL,	'#939393',	0.00,	0.00,	0,	0,	0,	'',	'Seda GIORNO',	22.00,	0.00,	0.00,	2,	0),
(165,	'PVC',	0,	NULL,	'',	0.00,	0.00,	0,	0,	0,	'',	'roble dakar nature',	22.00,	0.00,	0.00,	2,	0),
(166,	'Blanco Fa PLAC MDF',	10,	NULL,	'#a0a0a0',	0.00,	0.00,	0,	1830,	2750,	'n',	'',	0.00,	0.00,	0.00,	1,	0),
(167,	'Negra',	0,	NULL,	'',	200.00,	0.00,	0,	0,	0,	'',	'Tele Fina 250',	0.00,	0.00,	25.00,	3,	0),
(168,	'negra',	0,	NULL,	'',	220.00,	0.00,	0,	0,	0,	'',	'tele Fina 300',	0.00,	0.00,	25.00,	3,	0),
(169,	'negra',	0,	NULL,	'',	240.00,	0.00,	0,	0,	0,	'',	'Tele Fina 350',	0.00,	0.00,	25.00,	3,	0),
(170,	'negra',	0,	NULL,	'',	260.00,	0.00,	0,	0,	0,	'',	'Tele Fina 400',	0.00,	0.00,	25.00,	3,	0),
(171,	'negra',	0,	NULL,	'',	260.00,	0.00,	0,	0,	0,	'',	'Tele Fina 450',	0.00,	0.00,	25.00,	3,	0),
(172,	'negra',	0,	NULL,	'',	280.00,	0.00,	0,	0,	0,	'',	'Tele Fina 500',	0.00,	0.00,	25.00,	3,	0),
(173,	'nerga',	0,	NULL,	'',	240.00,	0.00,	0,	0,	0,	'',	'Tele Fina 550',	0.00,	0.00,	25.00,	3,	0),
(174,	'Teca Artico MDF',	18,	NULL,	'#d2d9c4',	0.00,	0.00,	1,	1830,	2750,	'',	'',	0.00,	0.00,	0.00,	1,	0),
(175,	'NO cortar data hogar',	0,	NULL,	'#1069ab',	0.00,	0.00,	0,	0,	0,	'',	'',	0.00,	0.00,	0.00,	1,	0),
(176,	'CALAR',	0,	NULL,	'',	0.00,	0.00,	0,	0,	0,	'',	'CALAR L',	0.00,	0.00,	0.00,	2,	0),
(177,	'Kit 2x2 SIN MANIJON',	100,	NULL,	'#595959',	6000.00,	0.00,	0,	0,	0,	'',	'Kit 2x2 SIN MANIJON PVC',	27.00,	32.00,	0.00,	4,	1),
(178,	'Roble MIEL MDF',	18,	NULL,	'#afac36',	0.00,	0.00,	1,	1830,	2600,	'',	'',	0.00,	0.00,	0.00,	1,	0),
(180,	'Lino Blanco MDF',	18,	NULL,	'#c7c7c7',	0.00,	0.00,	0,	1830,	2600,	'',	'',	0.00,	0.00,	0.00,	1,	0),
(181,	'Kit 4x3 Aluminio',	100,	NULL,	'#949494',	13000.00,	0.00,	0,	0,	0,	'00',	'Kit 4x3',	27.00,	32.00,	18.00,	4,	1),
(182,	'KIT 3x2 Aluminio',	100,	NULL,	'#7c7c7c',	8500.00,	0.00,	0,	0,	0,	'',	'KIT 3x2',	27.00,	32.00,	18.00,	4,	1),
(183,	'KIT 3x2 sin manijon',	100,	NULL,	'#7e7e7e',	6000.00,	0.00,	0,	0,	0,	'',	'KIT 3x2 SIN MANIJON PVC',	27.00,	32.00,	0.00,	4,	1),
(184,	'KIT 3x3 ALUMINIO',	100,	NULL,	'#626262',	10500.00,	0.00,	0,	0,	0,	'',	'KIT 3x3',	27.00,	32.00,	18.00,	4,	1),
(185,	'KIT 2x3 aluminio',	100,	NULL,	'#616161',	9800.00,	0.00,	0,	0,	0,	'',	'KIT 2x3',	27.00,	32.00,	18.00,	4,	1),
(186,	'KIT 3x3 SIN MANIJON',	100,	NULL,	'#6c6c6c',	7500.00,	0.00,	0,	0,	0,	'',	'KIT 3x3 SIN MANIJON PVC',	27.00,	32.00,	0.00,	4,	1),
(187,	'Linosa Cinza MDF',	18,	NULL,	'#919191',	0.00,	0.00,	1,	1800,	2750,	'00',	'',	0.00,	0.00,	0.00,	1,	0),
(188,	'Teka artico MDF',	18,	NULL,	'#e9e2dc',	0.00,	0.00,	1,	1800,	2750,	'00',	'',	0.00,	0.00,	0.00,	1,	0),
(189,	'Teka artico fibro plus 3mm',	18,	NULL,	'#d9d6ce',	0.00,	0.00,	1,	1830,	2750,	'00',	'',	0.00,	0.00,	0.00,	1,	0),
(190,	'Linosa cinza fibro plus 3mm',	18,	NULL,	'#8d8d8d',	0.00,	0.00,	1,	1830,	2750,	'00',	'',	0.00,	0.00,	0.00,	1,	0),
(191,	'Lino Chiaro MDF',	18,	NULL,	'#b3b3a2',	0.00,	0.00,	0,	2750,	1830,	'',	'',	0.00,	0.00,	0.00,	1,	0),
(192,	'Lino Chiaro 5.5',	18,	NULL,	'#a8afa3',	0.00,	0.00,	0,	2750,	1830,	'',	'',	0.00,	0.00,	0.00,	1,	0),
(193,	'Gris Grafito MDF',	18,	NULL,	'#797979',	0.00,	0.00,	0,	1830,	2600,	'',	'',	0.00,	0.00,	0.00,	1,	0),
(194,	'Nocce Milano MDF',	18,	NULL,	'#655123',	0.00,	0.00,	0,	1830,	2750,	'',	'',	0.00,	0.00,	0.00,	1,	0),
(195,	'Nebraska AGLO',	18,	NULL,	'#c9c0af',	0.00,	0.00,	1,	1830,	2600,	'00',	'',	0.00,	0.00,	0.00,	1,	0),
(196,	'Nebraska fibro plus 3mm',	18,	NULL,	'#c4b8b3',	0.00,	0.00,	1,	1830,	2600,	'00',	'',	0.00,	0.00,	0.00,	1,	0),
(197,	'Aluminio Fibro 3mm',	3,	NULL,	'#959595',	0.00,	0.00,	1,	1830,	2600,	'',	'',	0.00,	0.00,	0.00,	1,	0),
(198,	'Teca AGLO',	18,	NULL,	'#653232',	0.00,	0.00,	1,	1830,	2600,	'00',	'',	0.00,	0.00,	0.00,	1,	0),
(199,	'Oxido MDF',	18,	NULL,	'#b34f40',	0.00,	0.00,	0,	1830,	2600,	'',	'',	0.00,	0.00,	0.00,	1,	0),
(200,	'Enigma 5.5',	5,	NULL,	'#939393',	0.00,	0.00,	1,	1830,	2600,	'',	'',	0.00,	0.00,	0.00,	1,	0),
(201,	'Teca fibro plus 3mm',	3,	NULL,	'#5c2e2e',	0.00,	0.00,	1,	1830,	2600,	'00',	'',	0.00,	0.00,	0.00,	1,	0),
(202,	'aluminio',	30,	NULL,	'#757575',	920.00,	0.00,	0,	0,	0,	'',	'Perfil APLICAR 30',	5.00,	0.00,	0.00,	2,	0),
(203,	'Santorini Aglo',	18,	NULL,	'#ded5be',	1.00,	1.00,	1,	1830,	2600,	'1',	'Santorini Aglo',	0.00,	0.00,	0.00,	1,	0),
(204,	'TEKA OSLO fibro 3mm',	18,	NULL,	'#893636',	0.00,	0.00,	1,	1830,	2600,	'00',	'',	0.00,	0.00,	0.00,	1,	0),
(205,	'seda giorno 5.5',	5,	NULL,	'#ece4d5',	0.00,	0.00,	0,	1830,	2750,	'',	'',	0.00,	0.00,	0.00,	1,	0),
(206,	'PARED CONCRETO',	0,	NULL,	'#999999',	0.00,	0.00,	0,	0,	0,	'',	'',	0.00,	0.00,	0.00,	1,	1),
(207,	'n',	35,	NULL,	'',	70.00,	0.00,	0,	0,	0,	'',	'BIS 0',	0.00,	0.00,	0.00,	3,	1),
(208,	'Cedro Nature MDF',	18,	NULL,	'#73594d',	0.00,	0.00,	1,	1830,	2750,	'00',	'',	0.00,	0.00,	0.00,	1,	0),
(209,	'cierre suave',	0,	NULL,	'',	200.00,	0.00,	0,	0,	0,	'',	'BIS 0 GAS cierre suave',	0.00,	0.00,	0.00,	3,	1),
(210,	'Cierre suave',	0,	NULL,	'',	200.00,	0.00,	0,	0,	0,	'',	'BIS 9 GAS cierre suave',	0.00,	0.00,	0.00,	3,	1),
(211,	'bis 9',	0,	NULL,	'',	70.00,	0.00,	0,	0,	0,	'',	'BIS 9',	0.00,	0.00,	0.00,	3,	1),
(212,	'Seda giorno AGLO',	18,	NULL,	'#8f8f8f',	0.00,	0.00,	0,	1830,	2750,	'nno',	'',	0.00,	0.00,	0.00,	1,	0),
(213,	'bis 17',	0,	NULL,	'',	70.00,	0.00,	0,	0,	0,	'',	'Bis 17',	0.00,	0.00,	0.00,	3,	1),
(214,	'Cedro fibro plus',	3,	NULL,	'#782525',	0.00,	0.00,	1,	1830,	2600,	'',	'',	0.00,	0.00,	0.00,	1,	0),
(215,	'OSB 18',	18,	NULL,	'#bc984b',	600.00,	1700.00,	0,	1220,	2440,	'',	'',	0.00,	0.00,	0.00,	1,	0),
(216,	'Roble moro touch 5.5',	6,	NULL,	'',	0.00,	0.00,	1,	1830,	2600,	'',	'',	0.00,	0.00,	0.00,	1,	0),
(218,	'Roble moro touch MDF',	18,	NULL,	'#413230',	0.00,	0.00,	1,	1830,	2600,	'',	'',	0.00,	0.00,	0.00,	1,	0),
(219,	'Laricina 5.5',	6,	NULL,	'',	0.00,	0.00,	1,	1830,	2600,	'',	'',	0.00,	0.00,	0.00,	1,	0),
(220,	'aluminio',	0,	NULL,	'',	120.00,	0.00,	0,	0,	0,	'',	'Lucila 128',	0.00,	0.00,	0.00,	3,	0),
(221,	'BLANCO MDF VIDRIO BLANCO MDF',	18,	NULL,	'',	0.00,	0.00,	1,	1830,	2600,	'',	'',	0.00,	0.00,	0.00,	1,	0),
(222,	'aluminio',	1,	NULL,	'',	100.00,	0.00,	0,	0,	0,	'',	'Perfil L 128',	0.00,	1.00,	0.00,	3,	0),
(223,	'Blanco MDF Faplac',	18,	NULL,	'#ffffff',	0.00,	0.00,	0,	1830,	2750,	'00',	'',	0.00,	0.00,	0.00,	1,	0),
(228,	'barral cromado',	12,	NULL,	'#a3a3a3',	250.00,	0.00,	0,	3000,	340,	'',	'',	0.00,	0.00,	0.00,	1,	1),
(229,	'n',	0,	NULL,	'',	650.00,	0.00,	0,	0,	0,	'',	'BIS 0 PUSH',	0.00,	0.00,	0.00,	3,	0),
(230,	'n',	0,	NULL,	'',	650.00,	0.00,	0,	0,	0,	'',	'BIS 9 PUSH',	0.00,	0.00,	0.00,	3,	0),
(231,	'N',	0,	NULL,	'',	650.00,	0.00,	0,	0,	0,	'',	'BIS 17 PUSH',	0.00,	0.00,	0.00,	3,	0),
(232,	'Wengue AGLO',	18,	NULL,	'#47371f',	0.00,	0.00,	1,	1830,	2600,	'',	'',	0.00,	0.00,	0.00,	1,	0),
(233,	'PVC',	0,	NULL,	'',	0.00,	0.00,	0,	0,	0,	'',	'Wengue PVC',	22.00,	0.00,	0.00,	2,	0),
(237,	'olmo finlandes MDF',	18,	NULL,	'#cebc53',	0.00,	0.00,	1,	1830,	2750,	'',	'',	0.00,	0.00,	0.00,	1,	0),
(238,	'KIT 4X4 ALUMINIO',	100,	NULL,	'#797979',	14000.00,	0.00,	0,	0,	0,	'',	'KIT 4X4 ALUMINIO',	27.00,	32.00,	18.00,	4,	1),
(239,	'KIT 4X4 SIN MANIJON PVC',	100,	NULL,	'#666666',	9500.00,	0.00,	0,	0,	0,	'',	'KIT 4X4 SIN MANIJON PVC',	27.00,	32.00,	0.00,	4,	1),
(241,	'Color veta Aglo',	18,	NULL,	'#71442f',	1700.00,	7149.00,	1,	1830,	2600,	'',	'',	0.00,	0.00,	0.00,	1,	1),
(242,	'COLOR LISO MDF',	18,	NULL,	'',	607.00,	3000.00,	0,	1830,	2600,	'',	'',	0.00,	0.00,	0.00,	1,	0),
(243,	'COLOR LISO AGLO',	18,	NULL,	'',	630.00,	2700.00,	0,	1830,	2600,	'',	'',	0.00,	0.00,	0.00,	1,	0),
(244,	'FIbro color VETA',	3,	NULL,	'#9f817a',	750.00,	2200.00,	1,	1830,	2600,	'',	'',	0.00,	0.00,	0.00,	1,	0),
(245,	'Roble Moro Touch AGLO',	18,	NULL,	'#321d1d',	800.00,	4500.00,	1,	1830,	2600,	'1',	'',	0.00,	0.00,	0.00,	1,	0),
(248,	'PVC',	0,	NULL,	'',	16.00,	0.00,	0,	0,	0,	'',	'Roble MORO PVC',	22.00,	0.00,	0.00,	2,	0),
(249,	'Roble moro touch Fibro plus',	2,	NULL,	'#58483f',	0.00,	0.00,	1,	1830,	2600,	'',	'',	0.00,	0.00,	0.00,	1,	0),
(250,	'Caju MDF',	18,	NULL,	'',	0.00,	0.00,	1,	1830,	2600,	'',	'',	0.00,	0.00,	0.00,	1,	0),
(251,	'PVC',	0,	NULL,	'#b8b54b',	15.00,	0.00,	0,	0,	0,	'',	'Siberia PVC',	22.00,	0.00,	0.00,	2,	0),
(252,	'Helsinki MDF',	18,	NULL,	'#adadad',	0.00,	0.00,	1,	1830,	2750,	'',	'',	0.00,	0.00,	0.00,	1,	0),
(253,	'PVC',	0,	NULL,	'',	20.00,	0.00,	0,	0,	0,	'',	'PVC NEGRO',	22.00,	0.00,	0.00,	2,	0),
(254,	'Roble Natural AGLO',	10,	NULL,	'#d0a071',	1500.00,	4500.00,	1,	1830,	2600,	'',	'',	0.00,	0.00,	0.00,	1,	0),
(255,	'NO VA 2',	18,	NULL,	'',	0.00,	0.00,	0,	1830,	2600,	'',	'',	0.00,	0.00,	0.00,	1,	1),
(258,	'Pvc',	0,	NULL,	'',	20.00,	0.00,	0,	0,	0,	'',	'PVC Teca Limo',	22.00,	0.00,	0.00,	2,	0),
(259,	'cedro nature fibro plus',	18,	NULL,	'#efc281',	0.00,	0.00,	1,	1830,	2750,	'',	'',	0.00,	0.00,	0.00,	1,	0),
(260,	'negra',	0,	NULL,	'',	800.00,	0.00,	0,	0,	0,	'',	'Tele 450 HAFELE',	0.00,	0.00,	13.00,	3,	0),
(261,	'Olmo Alpino MDF',	18,	NULL,	'',	0.00,	0.00,	0,	0,	0,	'',	'Olmo Alpino',	2600.00,	0.00,	0.00,	2,	0),
(262,	'Olmo Alpino MDF',	18,	NULL,	'',	1500.00,	6200.00,	1,	1830,	2600,	'M',	'',	0.00,	0.00,	0.00,	1,	0),
(263,	'concreto metropolitan MDF',	18,	NULL,	'',	1500.00,	6200.00,	1,	1830,	2600,	'SD',	'',	0.00,	0.00,	0.00,	1,	0),
(264,	'No va Granito negro',	20,	NULL,	'',	0.00,	0.00,	0,	2000,	1800,	'No',	'',	0.00,	0.00,	0.00,	1,	0),
(265,	'Azulejos cocina NO VA',	18,	NULL,	'#b2b2b2',	0.00,	0.00,	0,	1830,	2600,	'',	'',	0.00,	0.00,	0.00,	1,	0),
(266,	'MDF crudo 15',	15,	NULL,	'#766c49',	0.00,	0.00,	0,	1830,	2600,	'',	'',	0.00,	0.00,	0.00,	1,	0),
(267,	'Lino terra MDF',	18,	NULL,	'',	0.00,	0.00,	1,	1830,	2750,	'',	'',	0.00,	0.00,	0.00,	1,	0),
(268,	'Terrarum PVC',	0,	NULL,	'',	20.00,	0.00,	0,	0,	0,	'no',	'Terrarum PVC',	22.00,	0.00,	0.00,	2,	0),
(269,	'pvc',	0,	NULL,	'#c89a46',	25.00,	0.00,	0,	0,	0,	'',	'Cedro nature',	22.00,	0.00,	0.00,	2,	0),
(270,	'Aluminio',	32,	NULL,	'#5e5e5e',	750.00,	0.00,	0,	0,	0,	'No',	'Perfil C32',	5.00,	0.00,	0.00,	2,	0),
(271,	'viena MDF',	18,	NULL,	'#aba5a3',	0.00,	0.00,	1,	1830,	2750,	'',	'',	0.00,	0.00,	0.00,	1,	0),
(272,	'Blanco Nature MDF',	18,	NULL,	'',	0.00,	0.00,	1,	1830,	2750,	'',	'',	0.00,	0.00,	0.00,	1,	0),
(273,	'PVC',	0,	NULL,	'',	0.00,	0.00,	0,	0,	0,	'',	'Blanco Nature',	22.00,	0.00,	0.00,	2,	0),
(274,	'Gris Grafito AGLO',	18,	NULL,	'',	0.00,	0.00,	0,	1830,	2600,	'',	'',	0.00,	0.00,	0.00,	1,	0),
(275,	'Roble escandinavo Aglo',	18,	NULL,	'#d2beb0',	1670.00,	5500.00,	1,	1830,	2750,	'no',	'',	0.00,	0.00,	0.00,	1,	0),
(276,	'PVC',	0,	NULL,	'#cdba94',	20.00,	0.00,	0,	0,	0,	'no',	'Roble Escandinavo PVC',	18.00,	0.00,	0.00,	2,	0),
(277,	'pared balnca2',	18,	NULL,	'#aeaeae',	0.00,	0.00,	0,	1,	1,	'',	'',	0.00,	0.00,	0.00,	1,	0),
(278,	'paredladrilloblanco',	18,	NULL,	'#c7c7c7',	0.00,	0.00,	0,	1,	1,	'',	'',	0.00,	0.00,	0.00,	1,	0),
(279,	'Lino Chiaro AGLO',	18,	NULL,	'',	0.00,	0.00,	1,	1830,	2750,	'',	'',	0.00,	0.00,	0.00,	1,	0),
(280,	'Siberia AGLO',	18,	NULL,	'',	0.00,	0.00,	1,	1830,	2600,	'',	'',	0.00,	0.00,	0.00,	1,	0),
(281,	'pvc',	0,	NULL,	'',	0.00,	0.00,	0,	0,	0,	'',	'venezia',	0.00,	0.00,	0.00,	2,	0),
(282,	'N',	0,	NULL,	'',	600.00,	0.00,	0,	0,	0,	'n',	'BIS 180',	0.00,	0.00,	0.00,	3,	1),
(283,	'Roble Miel fibro plus',	3,	NULL,	'',	0.00,	0.00,	1,	1830,	2600,	'',	'',	0.00,	0.00,	0.00,	1,	0),
(285,	'No va bisagra',	0,	NULL,	'',	0.00,	0.00,	0,	0,	0,	'',	'No va bisagra',	0.00,	0.00,	0.00,	3,	0),
(286,	'20-45 Con vidrio pintado',	18,	NULL,	'',	9300.00,	9300.00,	0,	1000,	1000,	'',	'',	0.00,	0.00,	0.00,	1,	0),
(287,	'carvalho aserrado MDF',	18,	NULL,	'#897a6b',	0.00,	0.00,	1,	1830,	2750,	'',	'',	0.00,	0.00,	0.00,	1,	0),
(288,	'PVC',	0,	NULL,	'#88776a',	0.00,	0.00,	0,	0,	0,	'',	'carvalho aserrado',	22.00,	0.00,	0.00,	2,	0),
(289,	'suplemento 10 mm',	10,	NULL,	'#ed5927',	0.00,	0.00,	0,	1830,	2600,	'',	'',	0.00,	0.00,	0.00,	1,	0),
(290,	'suplemento 5 mm',	5,	NULL,	'#0000ff',	0.00,	0.00,	0,	1830,	2600,	'',	'',	0.00,	0.00,	0.00,	1,	0),
(291,	'Olmo Alpino fibro plus 3mm',	3,	NULL,	'',	0.00,	0.00,	1,	1830,	2600,	'',	'',	0.00,	0.00,	0.00,	1,	0),
(292,	'Pared Ladrillo',	18,	NULL,	'#dc7c43',	0.00,	0.00,	0,	2600,	1830,	'',	'',	0.00,	0.00,	0.00,	1,	0),
(293,	'Piso Madera clara',	18,	NULL,	'#ac8140',	0.00,	0.00,	0,	2600,	1830,	'',	'',	0.00,	0.00,	0.00,	1,	0),
(294,	'Piso Guindo',	10,	NULL,	'#d37b6b',	0.00,	0.00,	0,	2600,	1830,	'',	'',	0.00,	0.00,	0.00,	1,	0),
(295,	'Gaudi AGLO',	18,	NULL,	'',	0.00,	0.00,	1,	1830,	2750,	'',	'',	0.00,	0.00,	0.00,	1,	0),
(296,	'Venesitas',	18,	NULL,	'#969696',	0.00,	0.00,	0,	2600,	1830,	'',	'',	0.00,	0.00,	0.00,	1,	0),
(297,	'Ceramico gris',	18,	NULL,	'#868686',	0.00,	0.00,	0,	2600,	1830,	'',	'',	0.00,	0.00,	0.00,	1,	0),
(298,	'ceramico chico',	15,	NULL,	'#8d8d8d',	0.00,	0.00,	0,	2600,	1830,	'',	'',	0.00,	0.00,	0.00,	1,	0),
(299,	'piso rojo',	15,	NULL,	'#87551d',	0.00,	0.00,	0,	2600,	1800,	'',	'',	0.00,	0.00,	0.00,	1,	0),
(300,	'pared piedra',	18,	NULL,	'#9e9e9e',	0.00,	0.00,	1,	2600,	1830,	'',	'',	0.00,	0.00,	0.00,	1,	0),
(301,	'madera listones',	18,	NULL,	'#b1764e',	0.00,	0.00,	0,	2600,	1830,	'',	'',	0.00,	0.00,	0.00,	1,	0),
(302,	'Rauvisio Brillant Blanco',	18,	NULL,	'#b4a2a2',	8000.00,	22000.00,	0,	1300,	2800,	'',	'',	0.00,	0.00,	0.00,	1,	0),
(303,	'N',	0,	NULL,	'',	420.00,	0.00,	0,	0,	0,	'',	'Bis 0 - piston',	0.00,	0.00,	0.00,	3,	1),
(304,	'Pvc',	0,	NULL,	'',	25.00,	0.00,	0,	0,	0,	'',	'Roble MIEL',	22.00,	0.00,	0.00,	2,	0),
(305,	'Suplemento de 15',	15,	NULL,	'#4d933c',	0.00,	0.00,	0,	1800,	2600,	'',	'',	0.00,	0.00,	0.00,	1,	0),
(306,	'b',	0,	NULL,	'',	420.00,	0.00,	0,	0,	0,	'',	'Bis 9 Piston',	0.00,	0.00,	0.00,	3,	1),
(308,	'PVC',	0,	NULL,	'',	0.00,	0.00,	0,	0,	0,	'',	'PVC Lino negro',	22.00,	0.00,	0.00,	2,	0),
(309,	'Olmo Finlandes AGLO',	18,	NULL,	'',	0.00,	0.00,	1,	1830,	2750,	'',	'',	0.00,	0.00,	0.00,	1,	0),
(310,	'Olmo Finlandes fiblo plus',	3,	NULL,	'',	0.00,	0.00,	1,	1830,	2750,	'',	'',	0.00,	0.00,	0.00,	1,	0),
(311,	'Praga MDF',	18,	NULL,	'',	0.00,	0.00,	1,	1830,	2750,	'',	'',	0.00,	0.00,	0.00,	1,	0),
(312,	'PVC',	0,	NULL,	'',	0.00,	0.00,	0,	0,	0,	'',	'Seda giorno',	50.00,	0.00,	0.00,	2,	0),
(313,	'PVC',	0,	NULL,	'',	0.00,	0.00,	0,	0,	0,	'',	'santorini',	0.00,	0.00,	0.00,	2,	0),
(314,	'Arcilla Fibro Plus',	6,	NULL,	'',	0.00,	0.00,	0,	1830,	2600,	'',	'',	0.00,	0.00,	0.00,	1,	0),
(315,	'KIT HAFELE',	100,	NULL,	'#837c7c',	0.00,	0.00,	0,	0,	0,	'',	'KIT HAFELE',	27.00,	32.00,	18.00,	4,	0),
(316,	'No va  Calar',	18,	NULL,	'#ffff00',	0.00,	0.00,	0,	2600,	1800,	'',	'',	0.00,	0.00,	0.00,	1,	0),
(317,	'PVC',	0,	NULL,	'',	0.00,	0.00,	0,	0,	0,	'',	'Teka Artico',	22.00,	0.00,	0.00,	2,	0),
(318,	'OSB 11',	11,	NULL,	'#a67554',	400.00,	1200.00,	1,	1220,	2440,	'',	'',	0.00,	0.00,	0.00,	1,	0),
(319,	'metropolitan',	0,	NULL,	'',	0.00,	0.00,	0,	0,	0,	'',	'concreto',	0.00,	0.00,	0.00,	2,	0),
(320,	'aluminio',	30,	NULL,	'#000000',	1000.00,	0.00,	0,	0,	0,	'',	'Perfil aplicar NEGRO 30',	5.00,	0.00,	0.00,	2,	0),
(321,	'pvc',	0,	NULL,	'',	0.00,	0.00,	0,	0,	0,	'',	'Lino blanco',	22.00,	0.00,	0.00,	2,	0),
(322,	'Negro',	32,	NULL,	'#000000',	1000.00,	0.00,	0,	0,	0,	'',	'Perfil C Negro C32',	5.00,	0.00,	0.00,	2,	0),
(325,	'Enigma Fibro plus 3 mm',	3,	NULL,	'',	0.00,	0.00,	0,	1830,	2600,	'',	'',	0.00,	0.00,	0.00,	1,	0),
(326,	'Enigma AGLO  18',	18,	NULL,	'#cdcbcb',	1800.00,	2600.00,	1,	18300,	2600,	'n',	'',	0.00,	0.00,	0.00,	1,	0),
(327,	'PVC',	0,	NULL,	'',	0.00,	0.00,	0,	0,	0,	'',	'blanco laca',	0.00,	0.00,	0.00,	2,	0),
(328,	'PVC',	0,	NULL,	'',	0.00,	0.00,	0,	0,	0,	'',	'Roble natural',	0.00,	0.00,	0.00,	2,	0),
(329,	'Cedro Nature AGLO',	18,	NULL,	'',	0.00,	0.00,	1,	1830,	2750,	'',	'',	0.00,	0.00,	0.00,	1,	0),
(330,	'Viena AGLO',	18,	NULL,	'#d7d0d0',	1.00,	1.00,	1,	2750,	1830,	'',	'',	0.00,	0.00,	0.00,	1,	0),
(331,	'PVC',	0,	NULL,	'#9c9c9c',	1.00,	0.00,	0,	0,	0,	'1',	'VIENA PVC',	22.00,	0.00,	0.00,	2,	0),
(332,	'Santorini GRUPO1',	18,	NULL,	'#b6b4b4',	0.00,	0.00,	1,	2600,	1830,	'',	'',	0.00,	0.00,	0.00,	1,	0),
(333,	'Santorini GRUPO2',	18,	NULL,	'#b8b8b8',	0.00,	0.00,	1,	2600,	1830,	'',	'',	0.00,	0.00,	0.00,	1,	0),
(334,	'Santorini GRUPO3',	18,	NULL,	'#b0b0b0',	0.00,	0.00,	1,	2600,	1830,	'',	'',	0.00,	0.00,	0.00,	1,	0),
(335,	'PVC',	0,	NULL,	'#a8a8a8',	0.00,	0.00,	0,	0,	0,	'',	'Olmo Finlandes',	22.00,	0.00,	0.00,	2,	0),
(336,	'Teka Oslo AGLO',	18,	NULL,	'#997070',	0.00,	0.00,	1,	2750,	1830,	'',	'',	0.00,	0.00,	0.00,	1,	0),
(337,	'PVC',	1,	NULL,	'',	0.00,	0.00,	0,	0,	0,	'',	'TEKA OSLO',	22.00,	0.00,	0.00,	2,	0),
(338,	'pvc',	0,	NULL,	'',	0.00,	0.00,	0,	0,	0,	'',	'Lino negro',	0.00,	0.00,	0.00,	2,	0),
(339,	'PVC',	0,	NULL,	'',	0.00,	0.00,	0,	0,	0,	'',	'Olmo Finlandes',	0.00,	0.00,	0.00,	2,	0),
(340,	'Pvc',	0,	NULL,	'',	0.00,	0.00,	0,	0,	0,	'',	'TOLEDO',	0.00,	0.00,	0.00,	2,	0),
(341,	'malaga Cherry MDF',	18,	NULL,	'#a57373',	0.00,	0.00,	1,	1830,	2600,	'',	'',	0.00,	0.00,	0.00,	1,	0),
(343,	'PVC',	18,	NULL,	'',	0.00,	0.00,	0,	0,	0,	'',	'Enigma',	0.00,	0.00,	0.00,	2,	0),
(344,	'guindo fibro plus',	3,	NULL,	'',	0.00,	0.00,	1,	1830,	2750,	'',	'',	0.00,	0.00,	0.00,	1,	0),
(345,	'gaudi fibro plus',	3,	NULL,	'',	0.00,	0.00,	1,	1830,	2750,	'',	'',	0.00,	0.00,	0.00,	1,	0),
(346,	'Rauvisio brillant Negro',	18,	NULL,	'',	8000.00,	22000.00,	0,	1300,	2800,	'',	'',	0.00,	0.00,	0.00,	1,	0),
(347,	'HOME aglo',	18,	NULL,	'#775f5f',	0.00,	0.00,	1,	1830,	2850,	'',	'',	0.00,	0.00,	0.00,	1,	0),
(348,	'pvc',	0,	NULL,	'',	0.00,	0.00,	0,	0,	0,	'',	'Home',	22.00,	0.00,	0.00,	2,	0),
(349,	'riel inferior',	0,	NULL,	'',	0.00,	0.00,	0,	0,	0,	'',	'',	0.00,	0.00,	0.00,	1,	0),
(350,	'PVC',	0,	NULL,	'',	0.00,	0.00,	0,	0,	0,	'',	'cedro nature',	0.00,	0.00,	0.00,	2,	0),
(351,	'PVC',	0,	NULL,	'',	0.00,	0.00,	0,	0,	0,	'',	'roble natural',	0.00,	0.00,	0.00,	2,	0),
(352,	'Home MDF',	18,	NULL,	'#978c8c',	0.00,	0.00,	1,	1830,	2750,	'',	'',	0.00,	0.00,	0.00,	1,	0),
(353,	'Pvc',	0,	NULL,	'',	65.00,	0.00,	0,	0,	0,	'',	'PVC COLOR',	22.00,	0.00,	0.00,	2,	0),
(354,	'Pvc',	0,	NULL,	'',	0.00,	0.00,	0,	0,	0,	'',	'PVC HOME',	22.00,	0.00,	0.00,	2,	0),
(355,	'PVC',	0,	NULL,	'',	0.00,	0.00,	0,	0,	0,	'',	'PVC Lino Chiaro',	22.00,	0.00,	0.00,	2,	0),
(356,	'Moscu MDF',	18,	NULL,	'',	0.00,	0.00,	1,	1830,	2750,	'',	'',	0.00,	0.00,	0.00,	1,	0),
(357,	'PVC',	0,	NULL,	'',	0.00,	0.00,	0,	0,	0,	'',	'Moscu PVC',	0.00,	0.00,	0.00,	2,	0),
(358,	'Fresno Abedul Fibro plus 3 mm',	3,	NULL,	'',	0.00,	0.00,	1,	1830,	2750,	'',	'',	0.00,	0.00,	0.00,	1,	0),
(359,	'nose',	0,	NULL,	'',	0.00,	0.00,	0,	0,	0,	'',	'Bis Libro',	0.00,	0.00,	0.00,	3,	0),
(360,	'aluminio',	0,	NULL,	'',	0.00,	0.00,	0,	120,	0,	'',	'perfil euro class',	0.00,	0.00,	0.00,	3,	0),
(361,	'aluminio',	0,	NULL,	'',	0.00,	0.00,	0,	0,	0,	'',	'perfil euro class 120mm',	0.00,	0.00,	0.00,	2,	0),
(362,	'PVC',	0,	NULL,	'',	0.00,	0.00,	0,	0,	0,	'',	'PVC Lino Terra',	22.00,	0.00,	0.00,	2,	0),
(363,	'Wengue fibroplus',	3,	NULL,	'#383029',	0.00,	0.00,	0,	1830,	2600,	'',	'',	0.00,	0.00,	0.00,	1,	0),
(364,	'cromo mate',	0,	NULL,	'',	0.00,	0.00,	0,	0,	0,	'',	'manija esquel 96',	0.00,	0.00,	0.00,	3,	0),
(365,	'Zamac',	0,	NULL,	'',	0.00,	0.00,	0,	0,	0,	'',	'Manija Catriel 98/128',	0.00,	0.00,	0.00,	3,	0),
(366,	'PVC',	1,	NULL,	'',	0.00,	0.00,	0,	0,	0,	'',	'Baltico',	18.00,	0.00,	0.00,	2,	0),
(367,	'pvc',	1,	NULL,	'',	0.00,	0.00,	0,	0,	0,	'',	'concreto',	18.00,	0.00,	0.00,	2,	0),
(368,	'Roble americado fibro',	3,	NULL,	'',	0.00,	0.00,	1,	2600,	1830,	'',	'',	0.00,	0.00,	0.00,	1,	0),
(369,	'PVC',	1,	NULL,	'#dcd6d6',	0.00,	0.00,	0,	0,	0,	'',	'aluminio 36',	18.00,	0.00,	0.00,	2,	0),
(370,	'Carvalho Mezzo MDF',	18,	NULL,	'',	0.00,	0.00,	1,	1830,	2750,	'',	'',	0.00,	0.00,	0.00,	1,	0),
(371,	'Roble Americano FAPLAC MDF',	18,	NULL,	'#a6a880',	0.00,	0.00,	1,	1830,	2750,	'',	'',	0.00,	0.00,	0.00,	1,	0),
(372,	'PVC',	0,	NULL,	'',	0.00,	0.00,	0,	0,	0,	'',	'PVC Fresno negro',	22.00,	0.00,	0.00,	2,	0),
(373,	'PVC',	1,	NULL,	'',	0.00,	0.00,	0,	0,	0,	'',	'36 carvalho mezzo',	36.00,	0.00,	0.00,	2,	0),
(374,	'PVC',	1,	NULL,	'',	0.00,	0.00,	0,	0,	0,	'',	'seda giorno',	18.00,	0.00,	0.00,	2,	0),
(375,	'Carrara MDF',	18,	NULL,	'',	0.00,	0.00,	0,	1830,	2600,	'',	'',	0.00,	0.00,	0.00,	1,	0),
(376,	'pvc',	1,	NULL,	'',	0.00,	0.00,	0,	0,	0,	'',	'PVC Aluminio',	18.00,	0.00,	0.00,	2,	0),
(377,	'Seda notte fibro 3 mm',	3,	NULL,	'#656161',	0.00,	0.00,	0,	1830,	2750,	'',	'',	0.00,	0.00,	0.00,	1,	0),
(378,	'Carvalho Aserrado fibro 3 mm',	3,	NULL,	'',	0.00,	0.00,	1,	1830,	2750,	'',	'',	0.00,	0.00,	0.00,	1,	0),
(379,	'Roble Americano FAPLAC AGLO',	18,	NULL,	'',	0.00,	0.00,	1,	1830,	2750,	'',	'',	0.00,	0.00,	0.00,	1,	0),
(380,	'Venezia AGLO',	18,	NULL,	'',	0.00,	0.00,	1,	1830,	2750,	'',	'',	0.00,	0.00,	0.00,	1,	0),
(381,	'PVC',	1,	NULL,	'',	0.00,	0.00,	0,	0,	0,	'',	'Roble Americano PVC',	22.00,	0.00,	0.00,	2,	0),
(382,	'Roble americado fibro FAPLAC',	3,	NULL,	'',	0.00,	0.00,	1,	1830,	2750,	'',	'',	0.00,	0.00,	0.00,	1,	0),
(383,	'm36',	1,	NULL,	'',	0.00,	0.00,	0,	0,	0,	'',	'm36 seda note',	36.00,	0.00,	0.00,	2,	0),
(384,	'melamina',	1,	NULL,	'',	0.00,	0.00,	0,	0,	0,	'',	'36 concreto',	50.00,	0.00,	0.00,	2,	0),
(385,	'Hickory natural MDF',	18,	NULL,	'',	0.00,	0.00,	1,	1830,	2600,	'',	'',	0.00,	0.00,	0.00,	1,	0),
(386,	'Hickory natural fibro 3 mm',	3,	NULL,	'',	0.00,	0.00,	1,	1830,	2600,	'',	'',	0.00,	0.00,	0.00,	1,	0),
(387,	'PVC',	2,	NULL,	'#ebebeb',	280.00,	0.00,	0,	0,	0,	'01',	'Pvc 2MM',	18.00,	0.00,	0.00,	2,	0),
(388,	'Mont Blanc MDF',	18,	NULL,	'',	0.00,	0.00,	1,	1830,	2750,	'',	'',	0.00,	0.00,	0.00,	1,	0),
(389,	'kit 3x2 C/S SIN MANIJON aluminio',	100,	NULL,	'#8f8a8a',	0.00,	0.00,	0,	0,	0,	'',	'KIT 3x2 C/S SIN MANIJON',	27.00,	32.00,	0.00,	4,	1),
(390,	'KIT 2x2 C/S SIN MANIJON aluminio',	100,	NULL,	'#585656',	0.00,	0.00,	0,	0,	0,	'',	'KIT 2x2 C/S SIN MANIJON',	27.00,	32.00,	0.00,	4,	1),
(391,	'Seda notte AGLO',	18,	NULL,	'',	0.00,	0.00,	0,	1830,	2750,	'',	'',	0.00,	0.00,	0.00,	1,	0),
(392,	'pvc',	1,	NULL,	'',	0.00,	0.00,	0,	0,	0,	'',	'NEGRO',	18.00,	0.00,	0.00,	2,	0),
(393,	'NEGRO',	1,	NULL,	'',	0.00,	0.00,	0,	0,	0,	'',	'M36 NEGRO',	36.00,	0.00,	0.00,	2,	0),
(394,	'GRIS',	0,	NULL,	'',	0.00,	0.00,	0,	0,	0,	'',	'Bis 0 MINI PISTON',	0.00,	0.00,	0.00,	3,	1),
(395,	'Helsinki fibro 3 mm',	3,	NULL,	'',	0.00,	0.00,	1,	1830,	2750,	'',	'',	0.00,	0.00,	0.00,	1,	0),
(396,	'pvc',	1,	NULL,	'',	0.00,	0.00,	0,	0,	0,	'',	'Helsinki PVC',	22.00,	0.00,	0.00,	2,	0),
(397,	'pvc',	1,	NULL,	'',	0.00,	0.00,	0,	0,	0,	'',	'Helsinki M36',	36.00,	0.00,	0.00,	2,	0),
(398,	'fibro plus moscu',	3,	NULL,	'',	0.00,	0.00,	1,	1830,	2600,	'',	'',	0.00,	0.00,	0.00,	1,	0),
(399,	'pvc',	1,	NULL,	'',	0.00,	0.00,	0,	0,	0,	'',	'Olmo Finlandes',	18.00,	0.00,	0.00,	2,	0),
(400,	'pvc',	1,	NULL,	'',	0.00,	0.00,	0,	0,	0,	'',	'Olmo Finlandes 36 mm',	36.00,	0.00,	0.00,	2,	0),
(401,	'Color Veta MDF',	18,	NULL,	'#984343',	1950.00,	8929.00,	1,	1830,	2600,	'',	'',	0.00,	0.00,	0.00,	1,	0),
(402,	'pvc',	1,	NULL,	'',	0.00,	0.00,	0,	0,	0,	'',	'seda note',	22.00,	0.00,	0.00,	2,	0),
(403,	'Toureg MDF',	18,	NULL,	'#364d78',	0.00,	0.00,	0,	1830,	2600,	'',	'',	0.00,	0.00,	0.00,	1,	0),
(404,	'Toureg AGLO',	18,	NULL,	'#373c86',	0.00,	0.00,	0,	1830,	2600,	'',	'',	0.00,	0.00,	0.00,	1,	0),
(405,	'blanco 12mm  mdf',	12,	NULL,	'',	0.00,	0.00,	0,	1830,	2600,	'',	'',	0.00,	0.00,	0.00,	1,	0),
(406,	'Gris Cubanita MDF',	18,	NULL,	'',	0.00,	0.00,	0,	1830,	2600,	'',	'',	0.00,	0.00,	0.00,	1,	0),
(407,	'pvc',	1,	NULL,	'',	0.00,	0.00,	0,	0,	0,	'',	'Gris cubanita',	18.00,	0.00,	0.00,	2,	0),
(408,	'Vison fibro plus',	3,	NULL,	'',	0.00,	0.00,	0,	1830,	2600,	'',	'',	0.00,	0.00,	0.00,	1,	0),
(409,	'zocalo de aluminio',	8,	NULL,	'',	0.00,	0.00,	0,	1830,	2600,	'',	'',	0.00,	0.00,	0.00,	1,	0),
(410,	'blanco 15mm mdf',	15,	NULL,	'#ffffff',	1200.00,	0.00,	0,	1830,	2600,	'',	'',	0.00,	0.00,	0.00,	1,	0),
(411,	'PVC',	1,	NULL,	'',	0.00,	0.00,	0,	0,	0,	'',	'Seda Giorno 36 mm',	36.00,	0.00,	0.00,	2,	0),
(412,	'Ventana',	1,	NULL,	'#7ba0ad',	0.00,	0.00,	0,	3000,	3000,	'',	'',	0.00,	0.00,	0.00,	1,	0),
(413,	'Teka Artico Aglo',	18,	NULL,	'',	0.00,	0.00,	1,	1830,	2750,	'',	'',	0.00,	0.00,	0.00,	1,	0),
(414,	'pvc',	1,	NULL,	'',	0.00,	0.00,	0,	0,	0,	'',	'PVC Manija malangue brillante',	18.00,	0.00,	0.00,	2,	0),
(415,	'PVC',	1,	NULL,	'',	0.00,	0.00,	0,	0,	0,	'',	'Toledo',	18.00,	0.00,	0.00,	2,	0),
(416,	'Street MDF',	18,	NULL,	'',	0.00,	0.00,	1,	1830,	2750,	'',	'',	0.00,	0.00,	0.00,	1,	0),
(417,	'PVC',	1,	NULL,	'',	0.00,	0.00,	0,	0,	0,	'',	'Nebraska',	18.00,	0.00,	0.00,	2,	0),
(418,	'Sobrante recorte',	18,	NULL,	'#705151',	0.00,	0.00,	0,	1830,	2600,	'No',	'',	0.00,	0.00,	0.00,	1,	0),
(419,	'melamina',	1,	NULL,	'',	0.00,	0.00,	0,	0,	0,	'',	'concreto metropolitan',	36.00,	0.00,	0.00,	2,	0),
(420,	'melamina',	1,	NULL,	'',	0.00,	0.00,	0,	0,	0,	'',	'street',	36.00,	0.00,	0.00,	2,	0),
(421,	'PVC',	1,	NULL,	'',	0.00,	0.00,	0,	0,	0,	'',	'M36 Nebraska',	36.00,	0.00,	0.00,	2,	0),
(422,	'PVC',	1,	NULL,	'',	0.00,	0.00,	0,	0,	0,	'',	'M36 Teka Artico',	36.00,	0.00,	0.00,	2,	0),
(423,	'Feelwood',	18,	NULL,	'#b49797',	3100.00,	15000.00,	1,	2070,	2800,	'no',	'',	0.00,	0.00,	0.00,	1,	0),
(424,	'PVC',	1,	NULL,	'',	85.00,	0.00,	0,	0,	0,	'No',	'PVC Feelwood',	22.00,	0.00,	0.00,	2,	0),
(425,	'd',	0,	NULL,	'',	0.00,	0.00,	0,	0,	0,	'',	'NAda',	0.00,	0.00,	0.00,	2,	0),
(426,	'Gris Perla MDF',	18,	NULL,	'',	0.00,	0.00,	0,	1830,	2600,	'',	'',	0.00,	0.00,	0.00,	1,	0),
(427,	'Roble nebraska natural',	18,	NULL,	'',	0.00,	0.00,	1,	1830,	2600,	'',	'',	0.00,	0.00,	0.00,	1,	0),
(428,	'pvc',	1,	NULL,	'',	0.00,	0.00,	0,	0,	0,	'',	'roble nebraska natural',	18.00,	0.00,	0.00,	2,	0),
(429,	'm36',	0,	NULL,	'',	0.00,	0.00,	0,	0,	0,	'',	'36 roble nebraska natural',	0.00,	0.00,	0.00,	2,	0),
(430,	'Lino Terra fibroplus',	3,	NULL,	'',	0.00,	0.00,	0,	1830,	2750,	'',	'',	0.00,	0.00,	0.00,	1,	0),
(431,	'pvc',	1,	NULL,	'',	0.00,	0.00,	0,	0,	0,	'',	'roble escandinavo',	18.00,	0.00,	0.00,	2,	0),
(432,	'pvc',	1,	NULL,	'#fbf9f9',	0.00,	0.00,	0,	0,	0,	'',	'PVC Blanco',	18.00,	0.00,	0.00,	2,	0),
(433,	'PVC',	1,	NULL,	'',	0.00,	0.00,	0,	0,	0,	'',	'PVC gris perla',	18.00,	0.00,	0.00,	2,	0),
(434,	'pvc',	1,	NULL,	'#ede8e8',	0.00,	0.00,	0,	0,	0,	'',	'blanco nature',	18.00,	0.00,	0.00,	2,	0),
(435,	'PVC',	1,	NULL,	'',	0.00,	0.00,	0,	0,	0,	'',	'PVC Linosa Cinza',	18.00,	0.00,	0.00,	2,	0),
(436,	'Mont Blanc AGLO',	18,	NULL,	'',	0.00,	0.00,	1,	1830,	2750,	'',	'',	0.00,	0.00,	0.00,	1,	0),
(437,	'Suplemento 6 mm',	6,	NULL,	'',	0.00,	0.00,	0,	1830,	2600,	'',	'',	0.00,	0.00,	0.00,	1,	0),
(438,	'suplemento 3 mm',	3,	NULL,	'',	0.00,	0.00,	0,	1830,	2600,	'',	'',	0.00,	0.00,	0.00,	1,	0),
(439,	'Negro AGLO',	18,	NULL,	'',	0.00,	0.00,	0,	1830,	2600,	'',	'',	0.00,	0.00,	0.00,	1,	0),
(440,	'PVC',	1,	NULL,	'',	0.00,	0.00,	0,	0,	0,	'',	'Nogal terracota',	18.00,	0.00,	0.00,	2,	0),
(441,	'perfil ZENIT vidrio esmerilado',	18,	NULL,	'#dad4a9',	0.00,	0.00,	0,	0,	3000,	'',	'',	0.00,	0.00,	0.00,	1,	0),
(442,	'Gaudi MDF',	18,	NULL,	'',	0.00,	0.00,	1,	2750,	1830,	'',	'',	0.00,	0.00,	0.00,	1,	0),
(443,	'MDF Crudo 15MM',	15,	NULL,	'#968a4f',	1200.00,	4000.00,	0,	1830,	2600,	'',	'',	0.00,	0.00,	0.00,	1,	0);

CREATE TABLE `medicion_instalacion_proyecto` (
  `id` int(10) NOT NULL AUTO_INCREMENT,
  `fecha_medinst` datetime NOT NULL,
  `comentario` text DEFAULT NULL,
  `tipo_medinst` int(10) NOT NULL,
  `proyecto_id` int(10) unsigned DEFAULT NULL,
  `proyecto_json_id` int(11) DEFAULT NULL,
  `exported` tinyint(4) NOT NULL DEFAULT 0,
  `token_project` varchar(196) DEFAULT NULL,
  `created_at` timestamp NOT NULL DEFAULT current_timestamp() ON UPDATE current_timestamp(),
  `updated_at` timestamp NOT NULL DEFAULT '0000-00-00 00:00:00',
  PRIMARY KEY (`id`),
  KEY `proyect_id` (`proyecto_id`),
  KEY `proyect_json_id` (`proyecto_json_id`),
  CONSTRAINT `project_id_foreing` FOREIGN KEY (`proyecto_id`) REFERENCES `proyectos` (`id`) ON DELETE NO ACTION ON UPDATE CASCADE
) ENGINE=InnoDB DEFAULT CHARSET=utf8;


CREATE TABLE `migrations` (
  `id` int(10) unsigned NOT NULL AUTO_INCREMENT,
  `migration` varchar(191) COLLATE utf8mb4_unicode_ci NOT NULL,
  `batch` int(11) NOT NULL,
  PRIMARY KEY (`id`)
) ENGINE=InnoDB DEFAULT CHARSET=utf8mb4 COLLATE=utf8mb4_unicode_ci;


CREATE TABLE `mk_activo` (
  `act_nid` int(10) unsigned NOT NULL AUTO_INCREMENT,
  `act_dfechaultima` datetime DEFAULT NULL,
  `user_id` int(10) unsigned DEFAULT NULL,
  `grupo_nid` int(10) unsigned DEFAULT NULL,
  PRIMARY KEY (`act_nid`),
  KEY `mk_activo_user_id_foreign` (`user_id`),
  CONSTRAINT `mk_activo_user_id_foreign` FOREIGN KEY (`user_id`) REFERENCES `usuarios` (`id`) ON DELETE NO ACTION ON UPDATE CASCADE
) ENGINE=InnoDB DEFAULT CHARSET=utf8mb4 COLLATE=utf8mb4_unicode_ci;

INSERT INTO `mk_activo` (`act_nid`, `act_dfechaultima`, `user_id`, `grupo_nid`) VALUES
(1,	'2018-09-13 22:28:04',	6,	4),
(2,	'2018-09-14 12:20:08',	11,	3),
(3,	'2018-09-14 12:20:18',	11,	2),
(4,	'2018-09-14 12:20:30',	11,	4),
(5,	'2018-09-14 12:20:32',	11,	2),
(6,	'2018-09-14 12:20:33',	11,	3),
(7,	'2018-09-14 12:20:34',	11,	4),
(8,	'2018-09-14 12:20:45',	11,	3),
(9,	'2018-09-14 12:20:46',	11,	4),
(10,	'2018-09-14 12:20:49',	11,	2),
(11,	'2018-09-14 12:20:50',	11,	3),
(12,	'2018-09-14 12:20:51',	11,	4),
(13,	'2018-09-14 12:20:51',	11,	3),
(14,	'2018-09-14 12:20:52',	11,	2),
(15,	'2018-09-14 13:26:25',	11,	2),
(16,	'2018-09-14 13:26:26',	11,	4),
(17,	'2018-09-14 13:26:27',	11,	3),
(18,	'2018-09-14 13:26:28',	11,	2),
(19,	'2018-09-14 15:04:21',	11,	3),
(20,	'2018-09-14 15:04:21',	11,	2),
(21,	'2018-09-14 15:04:24',	11,	4),
(22,	'2018-09-16 21:57:36',	11,	3),
(23,	'2018-09-16 21:57:38',	11,	4),
(24,	'2018-09-16 21:57:39',	11,	2),
(25,	'2018-09-16 21:57:40',	11,	4),
(26,	'2018-09-18 20:46:45',	6,	2),
(27,	'2018-09-18 20:46:46',	6,	3),
(28,	'2018-09-18 20:46:47',	6,	4),
(29,	'2018-09-18 20:46:49',	6,	3),
(30,	'2018-09-18 20:46:50',	6,	4),
(31,	'2018-09-23 12:24:52',	11,	3),
(32,	'2018-09-23 14:42:36',	11,	2),
(33,	'2018-09-23 14:42:37',	11,	3),
(34,	'2018-09-23 14:42:37',	11,	4),
(35,	'2018-11-07 19:41:01',	11,	5),
(36,	'2018-11-07 19:41:12',	11,	4),
(37,	'2018-11-07 19:41:12',	11,	5),
(38,	'2018-11-11 11:36:40',	13,	4),
(39,	'2018-12-06 22:42:07',	11,	2),
(40,	'2020-03-28 13:23:48',	6,	3),
(41,	'2020-03-28 13:25:54',	6,	3),
(42,	'2020-03-28 13:26:54',	6,	3),
(43,	'2020-03-29 20:16:17',	11,	5),
(44,	'2020-03-29 20:16:31',	11,	5),
(45,	'2020-03-29 20:16:44',	11,	6),
(46,	'2020-03-29 20:17:05',	11,	6),
(47,	'2020-03-29 21:48:38',	11,	5),
(48,	'2020-03-29 21:48:40',	11,	3),
(49,	'2020-03-29 21:48:50',	11,	4),
(50,	'2020-03-29 21:48:51',	11,	5),
(51,	'2020-03-29 21:48:52',	11,	6),
(52,	'2020-03-29 21:48:53',	11,	3),
(53,	'2020-03-31 13:39:20',	6,	3),
(54,	'2020-03-31 13:39:25',	6,	6),
(55,	'2020-03-31 13:39:26',	6,	3),
(56,	'2020-03-31 13:39:28',	6,	6),
(57,	'2020-03-31 13:39:29',	6,	3),
(58,	'2020-03-31 13:39:30',	6,	6),
(59,	'2020-03-31 13:39:35',	6,	3),
(60,	'2020-03-31 13:39:37',	6,	6),
(61,	'2020-03-31 13:39:38',	6,	5),
(62,	'2020-03-31 13:39:39',	6,	4),
(63,	'2020-03-31 13:39:42',	6,	5),
(64,	'2020-03-31 13:39:48',	6,	6),
(65,	'2020-03-31 13:39:50',	6,	4),
(66,	'2020-03-31 13:39:52',	6,	5),
(67,	'2020-03-31 13:39:52',	6,	4),
(68,	'2020-03-31 14:11:16',	6,	4),
(69,	'2020-03-31 14:11:17',	6,	3),
(70,	'2020-03-31 14:11:20',	6,	6),
(71,	'2020-03-31 14:11:23',	6,	5),
(72,	'2020-03-31 14:11:25',	6,	6),
(73,	'2020-03-31 14:11:28',	6,	3),
(74,	'2020-03-31 14:11:34',	6,	4),
(75,	'2020-03-31 14:29:03',	11,	4),
(76,	'2020-03-31 14:40:36',	11,	5),
(77,	'2020-03-31 19:06:15',	6,	4),
(78,	'2020-03-31 19:18:05',	6,	4),
(79,	'2020-03-31 19:26:17',	6,	4),
(80,	'2020-03-31 19:26:20',	6,	3),
(81,	'2020-03-31 19:32:07',	11,	5),
(82,	'2020-03-31 19:45:01',	6,	4),
(83,	'2020-03-31 23:05:11',	11,	5),
(84,	'2020-03-31 23:05:14',	11,	4),
(85,	'2020-03-31 23:05:17',	11,	3),
(86,	'2020-03-31 23:05:19',	11,	6),
(87,	'2020-04-01 19:55:55',	11,	7),
(88,	'2020-04-01 19:56:25',	11,	7),
(89,	'2020-04-18 18:16:15',	6,	7),
(90,	'2020-04-18 21:01:58',	11,	7),
(91,	'2020-04-18 21:02:14',	11,	5),
(92,	'2020-04-18 21:04:44',	22,	5),
(93,	'2020-04-18 21:04:49',	22,	5),
(94,	'2020-04-18 21:07:55',	26,	7),
(95,	'2020-04-18 21:09:40',	11,	4),
(96,	'2020-04-18 21:10:09',	11,	7),
(97,	'2020-04-18 21:10:18',	11,	6),
(98,	'2020-04-19 21:24:20',	22,	7),
(99,	'2020-04-26 20:36:55',	11,	3),
(100,	'2020-04-26 20:36:58',	11,	5),
(101,	'2020-04-26 21:28:22',	6,	5),
(102,	'2020-04-26 21:50:34',	6,	6),
(103,	'2020-04-27 18:16:48',	6,	9),
(104,	'2020-04-27 18:17:02',	6,	10),
(105,	'2020-04-27 18:21:13',	6,	7),
(106,	'2020-04-27 18:22:12',	6,	6),
(107,	'2020-04-27 18:22:32',	11,	4),
(108,	'2020-04-27 18:22:36',	11,	3),
(109,	'2020-04-27 18:22:37',	6,	11),
(110,	'2020-04-27 18:22:39',	11,	5),
(111,	'2020-04-27 18:22:41',	11,	7),
(112,	'2020-04-27 18:22:45',	6,	3),
(113,	'2020-04-27 18:22:52',	11,	6),
(114,	'2020-04-27 18:22:54',	11,	3),
(115,	'2020-04-27 18:22:57',	6,	5),
(116,	'2020-04-27 18:23:00',	6,	3),
(117,	'2020-04-27 18:23:05',	6,	3),
(118,	'2020-04-27 18:23:09',	6,	3),
(119,	'2020-04-27 18:23:21',	6,	3),
(120,	'2020-04-27 18:28:30',	11,	3),
(121,	'2020-04-27 18:28:32',	11,	7),
(122,	'2020-04-27 18:28:33',	11,	6),
(123,	'2020-04-27 18:28:56',	22,	3),
(124,	'2020-04-27 18:29:02',	22,	6),
(125,	'2020-04-27 18:29:04',	22,	7),
(126,	'2020-04-27 18:31:32',	11,	3),
(127,	'2020-04-27 18:31:34',	11,	6),
(128,	'2020-04-27 18:31:34',	11,	7),
(129,	'2020-04-27 18:31:36',	11,	3),
(130,	'2020-04-27 18:33:46',	6,	3),
(131,	'2020-04-27 18:39:35',	6,	3),
(132,	'2020-04-27 18:49:54',	6,	3),
(133,	'2020-04-27 19:32:20',	22,	3),
(134,	'2020-04-27 19:32:41',	22,	12),
(135,	'2020-04-27 22:57:05',	12,	7),
(136,	'2020-04-27 22:57:17',	12,	7),
(137,	'2020-04-27 22:58:41',	12,	6),
(138,	'2020-04-27 22:58:49',	22,	7),
(139,	'2020-04-28 10:38:22',	6,	7),
(140,	'2020-04-28 10:38:23',	6,	12),
(141,	'2020-04-28 10:38:25',	6,	3),
(142,	'2020-04-28 10:38:26',	6,	6),
(143,	'2020-04-28 10:38:28',	6,	7),
(144,	'2020-04-28 10:38:40',	6,	6),
(145,	'2020-04-28 10:42:52',	22,	6),
(146,	'2020-04-28 10:47:18',	22,	7),
(147,	'2020-04-28 10:47:18',	22,	12),
(148,	'2020-04-28 10:47:30',	22,	6),
(149,	'2020-04-28 10:47:37',	22,	7),
(150,	'2020-04-28 10:47:38',	22,	12),
(151,	'2020-04-28 10:47:41',	22,	3),
(152,	'2020-04-28 10:47:42',	22,	6),
(153,	'2020-04-28 10:47:47',	6,	12),
(154,	'2020-04-28 10:47:50',	6,	6),
(155,	'2020-04-28 10:47:54',	22,	7),
(156,	'2020-04-28 10:48:26',	22,	6),
(157,	'2020-04-28 10:48:28',	22,	12),
(158,	'2020-04-28 10:48:30',	22,	3),
(159,	'2020-04-28 10:49:01',	6,	3),
(160,	'2020-04-28 10:49:02',	6,	7),
(161,	'2020-04-28 10:56:49',	22,	6),
(162,	'2020-04-28 10:56:54',	22,	6),
(163,	'2020-04-28 10:59:15',	6,	6),
(164,	'2020-04-28 10:59:22',	22,	6),
(165,	'2020-04-28 10:59:26',	22,	7),
(166,	'2020-04-28 10:59:28',	22,	6),
(167,	'2020-04-28 16:45:50',	11,	3),
(168,	'2020-04-28 16:45:58',	11,	12),
(169,	'2020-04-28 16:46:02',	11,	6),
(170,	'2020-04-28 16:46:06',	11,	12),
(171,	'2020-04-28 16:46:08',	11,	7),
(172,	'2020-04-28 16:46:22',	6,	6),
(173,	'2020-04-28 16:46:33',	6,	12),
(174,	'2020-04-28 16:46:34',	6,	7),
(175,	'2020-04-28 16:46:35',	6,	3),
(176,	'2020-04-28 16:46:36',	6,	12),
(177,	'2020-04-28 16:46:36',	6,	6),
(178,	'2020-04-28 16:46:38',	6,	12),
(179,	'2020-04-28 16:46:41',	6,	7),
(180,	'2020-04-28 16:46:43',	6,	3),
(181,	'2020-04-28 16:48:08',	6,	7),
(182,	'2020-04-28 16:48:09',	6,	3),
(183,	'2020-04-28 16:48:10',	6,	6),
(184,	'2020-04-28 16:51:45',	22,	6),
(185,	'2020-04-28 16:53:55',	22,	12),
(186,	'2020-04-28 16:53:58',	22,	7),
(187,	'2020-04-28 16:53:59',	22,	3),
(188,	'2020-04-28 16:54:04',	22,	7),
(189,	'2020-04-28 16:54:42',	11,	7),
(190,	'2020-04-28 16:54:47',	11,	12),
(191,	'2020-04-28 16:59:23',	11,	6),
(192,	'2020-04-28 16:59:44',	22,	13),
(193,	'2020-04-28 17:01:52',	6,	13),
(194,	'2020-04-28 17:01:53',	6,	7),
(195,	'2020-04-28 22:40:36',	22,	14),
(196,	'2020-04-28 22:40:43',	22,	13),
(197,	'2020-04-28 22:40:43',	22,	14),
(198,	'2020-04-28 22:40:46',	22,	6),
(199,	'2020-04-28 22:41:07',	22,	14),
(200,	'2020-04-28 22:41:36',	11,	14),
(201,	'2020-04-28 22:42:09',	11,	14),
(202,	'2020-05-07 22:02:05',	6,	14),
(203,	'2020-05-14 16:23:56',	6,	3),
(204,	'2020-05-14 16:43:19',	11,	13),
(205,	'2020-05-14 16:43:23',	11,	3),
(206,	'2020-05-14 16:43:36',	11,	6),
(207,	'2020-05-14 16:43:38',	11,	12),
(208,	'2020-05-14 16:43:39',	11,	6),
(209,	'2020-05-14 16:43:55',	11,	15),
(210,	'2020-05-14 16:44:01',	11,	6),
(211,	'2020-05-14 16:44:02',	11,	12),
(212,	'2020-05-14 16:44:03',	11,	7),
(213,	'2020-05-14 19:42:22',	26,	7),
(214,	'2020-05-14 19:42:24',	26,	13),
(215,	'2020-05-14 19:42:25',	26,	14),
(216,	'2020-05-14 19:42:26',	26,	3),
(217,	'2020-05-14 19:42:27',	26,	15),
(218,	'2020-05-14 19:48:06',	6,	15),
(219,	'2020-05-14 19:51:43',	22,	3),
(220,	'2020-05-14 19:51:46',	22,	15),
(221,	'2020-05-14 20:55:37',	6,	14),
(222,	'2020-05-14 21:44:38',	26,	3),
(223,	'2020-05-14 23:44:35',	6,	15),
(224,	'2020-05-15 11:44:53',	11,	14),
(225,	'2020-05-15 11:50:40',	6,	16),
(226,	'2020-05-15 11:52:58',	6,	16),
(227,	'2020-05-15 11:54:22',	11,	16),
(228,	'2020-05-15 11:54:31',	11,	16),
(229,	'2020-05-15 11:55:12',	6,	16),
(230,	'2020-05-15 11:55:13',	6,	14),
(231,	'2020-05-15 11:55:16',	6,	16),
(232,	'2020-05-15 11:55:57',	6,	16),
(233,	'2020-05-15 11:56:12',	11,	16),
(234,	'2020-05-15 11:56:21',	6,	16),
(235,	'2020-05-15 11:56:21',	11,	14),
(236,	'2020-05-15 11:56:28',	11,	15),
(237,	'2020-05-15 11:56:28',	6,	14),
(238,	'2020-05-15 11:56:31',	6,	16),
(239,	'2020-05-15 11:56:33',	6,	16),
(240,	'2020-05-15 11:56:33',	11,	3),
(241,	'2020-05-15 11:56:34',	6,	14),
(242,	'2020-05-15 11:56:35',	6,	15),
(243,	'2020-05-15 11:56:59',	6,	15),
(244,	'2020-05-15 11:57:49',	6,	3),
(245,	'2020-05-15 11:57:50',	6,	15),
(246,	'2020-05-15 11:57:52',	6,	14),
(247,	'2020-05-15 11:57:54',	6,	16),
(248,	'2020-05-15 11:57:55',	6,	3),
(249,	'2020-05-15 11:58:56',	6,	3),
(250,	'2020-05-15 11:58:57',	6,	15),
(251,	'2020-05-15 19:44:58',	22,	16),
(252,	'2020-05-18 16:24:10',	22,	3),
(253,	'2020-05-18 16:24:12',	22,	15),
(254,	'2020-05-18 16:24:14',	22,	14),
(255,	'2020-05-18 16:24:18',	22,	3),
(256,	'2020-05-18 16:26:03',	22,	15),
(257,	'2020-05-18 17:33:26',	22,	3),
(258,	'2020-05-18 18:41:13',	6,	3),
(259,	'2020-05-18 18:41:17',	6,	15),
(260,	'2020-05-18 18:41:17',	6,	14),
(261,	'2020-05-18 18:41:28',	22,	3),
(262,	'2020-05-18 18:41:30',	22,	14),
(263,	'2020-05-18 18:41:37',	22,	3),
(264,	'2020-05-18 18:41:39',	22,	15),
(265,	'2020-05-18 18:41:55',	6,	15),
(266,	'2020-05-18 18:41:56',	6,	3),
(267,	'2020-05-18 18:41:57',	6,	14),
(268,	'2020-05-18 19:22:47',	6,	3),
(269,	'2020-05-18 19:39:33',	6,	14),
(270,	'2020-05-18 19:39:42',	22,	3),
(271,	'2020-05-18 19:39:43',	22,	14),
(272,	'2020-05-18 19:39:46',	6,	15),
(273,	'2020-05-18 21:26:28',	22,	3),
(274,	'2020-05-18 21:26:32',	22,	15),
(275,	'2020-05-18 21:26:37',	22,	3),
(276,	'2020-05-18 21:26:39',	22,	14),
(277,	'2020-05-18 21:26:46',	22,	19),
(278,	'2020-05-18 21:59:15',	11,	3),
(279,	'2020-05-19 08:39:17',	11,	3),
(280,	'2020-05-19 08:39:22',	11,	3),
(281,	'2020-05-19 08:41:39',	22,	21),
(282,	'2020-05-19 08:42:56',	26,	15),
(283,	'2020-05-19 08:44:19',	26,	21),
(284,	'2020-05-19 08:44:34',	26,	19),
(285,	'2020-05-19 11:16:09',	11,	15),
(286,	'2020-05-19 11:58:33',	6,	21),
(287,	'2020-05-19 11:58:36',	6,	15),
(288,	'2020-05-19 11:58:38',	6,	19),
(289,	'2020-05-19 11:58:39',	6,	14),
(290,	'2020-05-19 12:59:43',	22,	21),
(291,	'2020-05-19 13:01:52',	11,	21),
(292,	'2020-05-19 13:01:54',	11,	19),
(293,	'2020-05-19 13:01:56',	11,	14),
(294,	'2020-06-02 22:21:21',	22,	15),
(295,	'2020-06-03 22:37:25',	11,	21),
(296,	'2020-06-09 20:22:06',	11,	21),
(297,	'2020-06-09 20:39:32',	22,	21),
(298,	'2020-06-09 20:40:57',	6,	21),
(299,	'2020-06-09 20:41:02',	6,	15),
(300,	'2020-06-09 20:41:03',	6,	21),
(301,	'2020-06-09 20:55:50',	11,	21),
(302,	'2020-07-18 13:03:15',	13,	21),
(303,	'2020-07-18 13:03:19',	13,	15),
(304,	'2020-07-18 13:03:23',	13,	19),
(305,	'2020-07-18 13:03:24',	13,	22),
(306,	'2020-12-29 16:29:41',	11,	21),
(307,	'2020-12-29 16:29:41',	11,	15),
(308,	'2020-12-29 16:29:42',	11,	19),
(309,	'2020-12-29 16:29:43',	11,	22);

CREATE TABLE `mk_ayudas` (
  `id` int(10) unsigned NOT NULL AUTO_INCREMENT,
  `categoria_id` int(10) unsigned NOT NULL,
  `titulo` varchar(255) COLLATE utf8mb4_unicode_ci NOT NULL,
  `contenido` text COLLATE utf8mb4_unicode_ci NOT NULL,
  `ruta_archivo` varchar(120) COLLATE utf8mb4_unicode_ci DEFAULT NULL,
  `ruta_img` varchar(120) COLLATE utf8mb4_unicode_ci DEFAULT NULL,
  `activo` tinyint(1) NOT NULL DEFAULT 0,
  `created_at` timestamp NULL DEFAULT NULL,
  `created_us_id` int(11) DEFAULT NULL,
  `updated_at` timestamp NULL DEFAULT NULL,
  `updeated_us_id` int(11) DEFAULT NULL,
  PRIMARY KEY (`id`) USING BTREE,
  UNIQUE KEY `KU_mk_ayudas` (`titulo`,`categoria_id`) USING BTREE,
  KEY `mk_ayudas_categoria_id_fk` (`categoria_id`) USING BTREE,
  CONSTRAINT `mk_ayudas_categoria_id_fk` FOREIGN KEY (`categoria_id`) REFERENCES `mk_ayudas_categorias` (`id`) ON DELETE NO ACTION ON UPDATE CASCADE
) ENGINE=InnoDB DEFAULT CHARSET=utf8mb4 COLLATE=utf8mb4_unicode_ci ROW_FORMAT=DYNAMIC;

INSERT INTO `mk_ayudas` (`id`, `categoria_id`, `titulo`, `contenido`, `ruta_archivo`, `ruta_img`, `activo`, `created_at`, `created_us_id`, `updated_at`, `updeated_us_id`) VALUES
(5,	7,	'test prueba de ayud',	'información para mostrar a los usuarios prueba de ayudas',	NULL,	NULL,	1,	'2022-03-25 13:17:02',	NULL,	'2022-03-25 13:17:02',	NULL),
(6,	7,	'incio',	'<a href=\"	https://mlplak.com/front/#/clientView/af9d3c5d-b4f7-4880-b7f4-91a84bb00d58\">incio</a>',	NULL,	NULL,	1,	'2022-03-25 13:27:36',	NULL,	'2022-03-25 13:27:36',	NULL),
(7,	9,	'limpieza general',	'<span id=\"docs-internal-guid-4a746781-7fff-0e77-93ca-d74200469016\"><p dir=\"ltr\" style=\"line-height:1.2;text-align: justify;margin-top:0pt;margin-bottom:0pt;\"><span style=\"font-size: 10pt; font-family: Arial; color: rgb(0, 0, 0); background-color: transparent; font-weight: 700; font-variant-numeric: normal; font-variant-east-asian: normal; vertical-align: baseline; white-space: pre-wrap;\">LIMPIEZA Y ORDEN</span></p><br><p dir=\"ltr\" style=\"line-height:1.2;text-align: justify;margin-top:0pt;margin-bottom:0pt;\"><span style=\"font-size: 10pt; font-family: Arial; color: rgb(0, 0, 0); background-color: transparent; font-variant-numeric: normal; font-variant-east-asian: normal; vertical-align: baseline; white-space: pre-wrap;\">Al iniciar cada turno, deben revisar el estado general del instrumental de trabajo, su correcto funcionamiento y deben notificar las fallas o correcciones que se hayan realizado. También es necesario que calibren cintas métricas y regla de corte.</span></p><p dir=\"ltr\" style=\"line-height:1.2;text-align: justify;margin-top:0pt;margin-bottom:0pt;\"><span style=\"font-size: 10pt; font-family: Arial; color: rgb(0, 0, 0); background-color: transparent; font-variant-numeric: normal; font-variant-east-asian: normal; vertical-align: baseline; white-space: pre-wrap;\"><br></span><span style=\"font-size: 10pt; font-family: Arial; color: rgb(0, 0, 0); background-color: transparent; font-variant-numeric: normal; font-variant-east-asian: normal; vertical-align: baseline; white-space: pre-wrap;\"><span class=\"Apple-tab-span\" style=\"white-space:pre;\">	</span></span><span style=\"font-size: 10pt; font-family: Arial; color: rgb(0, 0, 0); background-color: transparent; font-variant-numeric: normal; font-variant-east-asian: normal; vertical-align: baseline; white-space: pre-wrap;\"><span class=\"Apple-tab-span\" style=\"white-space:pre;\">	</span></span><span style=\"font-size: 10pt; font-family: Arial; color: rgb(0, 0, 0); background-color: transparent; font-variant-numeric: normal; font-variant-east-asian: normal; vertical-align: baseline; white-space: pre-wrap;\">Aspiradora: &nbsp; LUNES - TURNO MAÑANA</span></p><p dir=\"ltr\" style=\"line-height:1.2;margin-left: 36pt;text-align: justify;margin-top:0pt;margin-bottom:0pt;\"><span style=\"font-size: 10pt; font-family: Arial; color: rgb(0, 0, 0); background-color: transparent; font-variant-numeric: normal; font-variant-east-asian: normal; vertical-align: baseline; white-space: pre-wrap;\"><span class=\"Apple-tab-span\" style=\"white-space:pre;\">	</span></span><span style=\"font-size: 10pt; font-family: Arial; color: rgb(0, 0, 0); background-color: transparent; font-variant-numeric: normal; font-variant-east-asian: normal; vertical-align: baseline; white-space: pre-wrap;\"><span class=\"Apple-tab-span\" style=\"white-space:pre;\">	</span></span><span style=\"font-size: 10pt; font-family: Arial; color: rgb(0, 0, 0); background-color: transparent; font-variant-numeric: normal; font-variant-east-asian: normal; vertical-align: baseline; white-space: pre-wrap;\"><span class=\"Apple-tab-span\" style=\"white-space:pre;\">	</span></span><span style=\"font-size: 10pt; font-family: Arial; color: rgb(0, 0, 0); background-color: transparent; font-variant-numeric: normal; font-variant-east-asian: normal; vertical-align: baseline; white-space: pre-wrap;\"> JUEVES - TURNO TARDE</span></p><br><p dir=\"ltr\" style=\"line-height:1.2;margin-left: 36pt;text-indent: 36pt;text-align: justify;margin-top:0pt;margin-bottom:0pt;\"><span style=\"font-size: 10pt; font-family: Arial; color: rgb(0, 0, 0); background-color: transparent; font-variant-numeric: normal; font-variant-east-asian: normal; vertical-align: baseline; white-space: pre-wrap;\">Entrepiso:&nbsp; &nbsp; LUNES - TURNO MAÑANA</span></p><p dir=\"ltr\" style=\"line-height:1.2;margin-left: 36pt;text-align: justify;margin-top:0pt;margin-bottom:0pt;\"><span style=\"font-size: 10pt; font-family: Arial; color: rgb(0, 0, 0); background-color: transparent; font-variant-numeric: normal; font-variant-east-asian: normal; vertical-align: baseline; white-space: pre-wrap;\"><span class=\"Apple-tab-span\" style=\"white-space:pre;\">	</span></span><span style=\"font-size: 10pt; font-family: Arial; color: rgb(0, 0, 0); background-color: transparent; font-variant-numeric: normal; font-variant-east-asian: normal; vertical-align: baseline; white-space: pre-wrap;\"><span class=\"Apple-tab-span\" style=\"white-space:pre;\">	</span></span><span style=\"font-size: 10pt; font-family: Arial; color: rgb(0, 0, 0); background-color: transparent; font-variant-numeric: normal; font-variant-east-asian: normal; vertical-align: baseline; white-space: pre-wrap;\">&nbsp; </span><span style=\"font-size: 10pt; font-family: Arial; color: rgb(0, 0, 0); background-color: transparent; font-variant-numeric: normal; font-variant-east-asian: normal; vertical-align: baseline; white-space: pre-wrap;\"><span class=\"Apple-tab-span\" style=\"white-space:pre;\">	</span></span><span style=\"font-size: 10pt; font-family: Arial; color: rgb(0, 0, 0); background-color: transparent; font-variant-numeric: normal; font-variant-east-asian: normal; vertical-align: baseline; white-space: pre-wrap;\">JUEVES - TURNO TARDE</span></p><br><p dir=\"ltr\" style=\"line-height:1.2;text-align: justify;margin-top:0pt;margin-bottom:0pt;\"><span style=\"font-size: 10pt; font-family: Arial; color: rgb(0, 0, 0); background-color: transparent; font-variant-numeric: normal; font-variant-east-asian: normal; vertical-align: baseline; white-space: pre-wrap;\">Al finalizar cada turno, </span><span style=\"font-size: 10pt; font-family: Arial; color: rgb(0, 0, 0); background-color: transparent; font-variant-numeric: normal; font-variant-east-asian: normal; text-decoration-line: underline; text-decoration-skip-ink: none; vertical-align: baseline; white-space: pre-wrap;\">deben garantizar que el área de trabajo esté en condiciones para recibir el turno siguiente.</span><span style=\"font-size: 10pt; font-family: Arial; color: rgb(0, 0, 0); background-color: transparent; font-variant-numeric: normal; font-variant-east-asian: normal; vertical-align: baseline; white-space: pre-wrap;\"> Vamos a aplicar el principio de </span><span style=\"font-size: 10pt; font-family: Arial; color: rgb(0, 0, 0); background-color: transparent; font-weight: 700; font-variant-numeric: normal; font-variant-east-asian: normal; vertical-align: baseline; white-space: pre-wrap;\">“Espacios en Estado Cero”</span><span style=\"font-size: 10pt; font-family: Arial; color: rgb(0, 0, 0); background-color: transparent; font-variant-numeric: normal; font-variant-east-asian: normal; vertical-align: baseline; white-space: pre-wrap;\">, es decir que </span><span style=\"font-size: 10pt; font-family: Arial; color: rgb(0, 0, 0); background-color: transparent; font-variant-numeric: normal; font-variant-east-asian: normal; text-decoration-line: underline; text-decoration-skip-ink: none; vertical-align: baseline; white-space: pre-wrap;\">al inicio y al final del turno, cada lugar debe estar listo para iniciar la ejecución de tareas allí.</span><span style=\"font-size: 10pt; font-family: Arial; color: rgb(0, 0, 0); background-color: transparent; font-variant-numeric: normal; font-variant-east-asian: normal; vertical-align: baseline; white-space: pre-wrap;\">&nbsp; Tener en cuenta el sector de la compu, bancos de trabajo, pisos, entrepiso, montacargas, etc.</span><span style=\"font-size: 10pt; font-family: Arial; color: rgb(0, 0, 0); background-color: transparent; font-variant-numeric: normal; font-variant-east-asian: normal; vertical-align: baseline; white-space: pre-wrap;\"><br></span><span style=\"font-size: 10pt; font-family: Arial; color: rgb(0, 0, 0); background-color: transparent; font-variant-numeric: normal; font-variant-east-asian: normal; text-decoration-line: underline; text-decoration-skip-ink: none; vertical-align: baseline; white-space: pre-wrap;\"><br></span><span style=\"font-size: 10pt; font-family: Arial; color: rgb(0, 0, 0); background-color: transparent; font-variant-numeric: normal; font-variant-east-asian: normal; vertical-align: baseline; white-space: pre-wrap;\">Las herramientas de cada banco, siempre deben volver a su banco, o a su lugar. Cuidar las herramientas es responsabilidad de todos. Los cargadores de las baterías deben estar conectados</span><span style=\"font-size: 10pt; font-family: Arial; color: rgb(0, 0, 0); background-color: transparent; font-weight: 700; font-variant-numeric: normal; font-variant-east-asian: normal; vertical-align: baseline; white-space: pre-wrap;\"> todo el tiempo</span><span style=\"font-size: 10pt; font-family: Arial; color: rgb(0, 0, 0); background-color: transparent; font-variant-numeric: normal; font-variant-east-asian: normal; vertical-align: baseline; white-space: pre-wrap;\">, y no deben usarse para otras cosas. La carga de celulares se hará en los tomacorrientes destinados para ello. Cada persona solo puede ocupar un banco a la vez, no pueden dejarse cosas en otros bancos.</span></p><br><p dir=\"ltr\" style=\"line-height:1.2;text-align: justify;margin-top:0pt;margin-bottom:0pt;\"><span style=\"font-size: 10pt; font-family: Arial; color: rgb(0, 0, 0); background-color: transparent; font-variant-numeric: normal; font-variant-east-asian: normal; vertical-align: baseline; white-space: pre-wrap;\">Al finalizar cada jornada, son responsabilidades del turno:</span></p><br><ul style=\"margin-bottom: 0px; padding-inline-start: 48px;\"><li dir=\"ltr\" style=\"list-style-type: disc; font-size: 10pt; font-family: Arial; color: rgb(0, 0, 0); background-color: transparent; font-variant-numeric: normal; font-variant-east-asian: normal; vertical-align: baseline; white-space: pre; margin-left: 72pt;\" aria-level=\"1\"><p dir=\"ltr\" style=\"line-height:1.2;text-align: justify;margin-top:0pt;margin-bottom:0pt;\" role=\"presentation\"><span style=\"font-size: 10pt; background-color: transparent; font-variant-numeric: normal; font-variant-east-asian: normal; vertical-align: baseline; white-space: pre-wrap;\">Barrer y despejar bancos de trabajo. En caso que quede trabajo pendiente, avisar a los compañeros y tratar de ubicar de la mejor manera para no incomodar el trabajo del resto.</span></p></li><li dir=\"ltr\" style=\"list-style-type: disc; font-size: 10pt; font-family: Arial; color: rgb(0, 0, 0); background-color: transparent; font-variant-numeric: normal; font-variant-east-asian: normal; vertical-align: baseline; white-space: pre; margin-left: 72pt;\" aria-level=\"1\"><p dir=\"ltr\" style=\"line-height:1.2;text-align: justify;margin-top:0pt;margin-bottom:0pt;\" role=\"presentation\"><span style=\"font-size: 10pt; background-color: transparent; font-variant-numeric: normal; font-variant-east-asian: normal; vertical-align: baseline; white-space: pre-wrap;\">Barrer y despejar área de la canteadora</span></p></li></ul><ul style=\"margin-bottom: 0px; padding-inline-start: 48px;\"><li dir=\"ltr\" style=\"list-style-type: disc; font-size: 10pt; font-family: Arial; color: rgb(0, 0, 0); background-color: transparent; font-variant-numeric: normal; font-variant-east-asian: normal; vertical-align: baseline; white-space: pre; margin-left: 72pt;\" aria-level=\"1\"><p dir=\"ltr\" style=\"line-height:1.2;text-align: justify;margin-top:0pt;margin-bottom:0pt;\" role=\"presentation\"><span style=\"font-size: 10pt; background-color: transparent; font-variant-numeric: normal; font-variant-east-asian: normal; vertical-align: baseline; white-space: pre-wrap;\">Vaciar tachos, poner bolsas nuevas y dejar residuos en el techado del compresor. Considerar tachos del área taller, área entrepiso, área del frente/comedor y aspiradora.</span><span style=\"font-size: 10pt; background-color: transparent; font-variant-numeric: normal; font-variant-east-asian: normal; vertical-align: baseline; white-space: pre-wrap;\"><br><br></span></p></li></ul><p dir=\"ltr\" style=\"line-height:1.2;text-align: justify;margin-top:0pt;margin-bottom:0pt;\"><span style=\"font-size: 10pt; font-family: Arial; color: rgb(0, 0, 0); background-color: transparent; font-variant-numeric: normal; font-variant-east-asian: normal; vertical-align: baseline; white-space: pre-wrap;\">Si un área diferente a la propia, no se encuentra en “estado cero”, ordenar y limpiar y realizar el reclamo para hacer las notificaciones correspondientes.</span></p><p dir=\"ltr\" style=\"line-height:1.2;text-align: justify;margin-top:0pt;margin-bottom:0pt;\"><span style=\"font-size: 10pt; font-family: Arial; color: rgb(0, 0, 0); background-color: transparent; font-variant-numeric: normal; font-variant-east-asian: normal; vertical-align: baseline; white-space: pre-wrap;\">Es obligatorio notificar la falta, rotura o daño de alguna herramienta, vehículo o bien del taller, casas de clientes, etc.</span></p><br><p dir=\"ltr\" style=\"line-height:1.2;text-align: justify;margin-top:0pt;margin-bottom:0pt;\"><span style=\"font-size: 10pt; font-family: Arial; color: rgb(0, 0, 0); background-color: transparent; font-weight: 700; font-variant-numeric: normal; font-variant-east-asian: normal; vertical-align: baseline; white-space: pre-wrap;\">ÁREAS COMUNES</span></p><br><p dir=\"ltr\" style=\"line-height:1.2;text-align: justify;margin-top:0pt;margin-bottom:0pt;\"><span style=\"font-size: 10pt; font-family: Arial; color: rgb(0, 0, 0); background-color: transparent; font-variant-numeric: normal; font-variant-east-asian: normal; vertical-align: baseline; white-space: pre-wrap;\">En el tacho de la cocina, solo van desechos orgánicos. El resto de residuos, (cartón, papel, vidrio, metal), en el tacho grande al lado de la puerta. Si ven cualquier tacho lleno, vaciarlo y ponerle una bolsa nueva.&nbsp;</span></p><br><p dir=\"ltr\" style=\"line-height:1.2;text-align: justify;margin-top:0pt;margin-bottom:0pt;\"><span style=\"font-size: 10pt; font-family: Arial; color: rgb(0, 0, 0); background-color: transparent; font-variant-numeric: normal; font-variant-east-asian: normal; text-decoration-line: underline; text-decoration-skip-ink: none; vertical-align: baseline; white-space: pre-wrap;\">DESPUÉS DE COMER: Mesas en “Estado Cero”. Pasar trapo y dejar limpio. Incumplir éstas normas será motivo de notificación.</span></p><p dir=\"ltr\" style=\"line-height:1.2;text-align: justify;margin-top:0pt;margin-bottom:0pt;\"><span style=\"font-size: 10pt; font-family: Arial; color: rgb(0, 0, 0); background-color: transparent; font-variant-numeric: normal; font-variant-east-asian: normal; text-decoration-line: underline; text-decoration-skip-ink: none; vertical-align: baseline; white-space: pre-wrap;\"><br></span></p><p dir=\"ltr\" style=\"line-height:1.2;text-align: justify;margin-top:0pt;margin-bottom:0pt;\"><span style=\"font-size: 10pt; font-family: Arial; color: rgb(0, 0, 0); background-color: transparent; font-variant-numeric: normal; font-variant-east-asian: normal; text-decoration-line: underline; text-decoration-skip-ink: none; vertical-align: baseline; white-space: pre-wrap;\"><b style=\"font-weight:normal;\" id=\"docs-internal-guid-aad16d0f-7fff-4f62-9022-d692b03a347d\"><br><span style=\"font-size:11pt;font-family:Arial;color:#000000;background-color:transparent;font-weight:700;font-style:normal;font-variant:normal;text-decoration:none;vertical-align:baseline;white-space:pre;white-space:pre-wrap;\"><br></span></b></span></p><p dir=\"ltr\" style=\"line-height:1.2;text-align: center;margin-top:0pt;margin-bottom:0pt;\"><span style=\"font-size:11pt;font-family:Arial;color:#000000;background-color:transparent;font-weight:700;font-style:normal;font-variant:normal;text-decoration:none;vertical-align:baseline;white-space:pre;white-space:pre-wrap;\">Tutorial ingreso al sistema&nbsp; </span><span style=\"font-size:11pt;font-family:Arial;color:#000000;background-color:transparent;font-weight:700;font-style:normal;font-variant:normal;text-decoration:none;vertical-align:baseline;white-space:pre;white-space:pre-wrap;\"><br></span><a href=\"http://somup.com/criiIRYicM\" style=\"text-decoration:none;\"><span style=\"font-size:9pt;font-family:Helvetica,sans-serif;color:#1155cc;background-color:#ffffff;font-weight:700;font-style:normal;font-variant:normal;text-decoration:underline;-webkit-text-decoration-skip:none;text-decoration-skip-ink:none;vertical-align:baseline;white-space:pre;white-space:pre-wrap;\">http://somup.com/criiIRYicM</span></a></p><p dir=\"ltr\" style=\"line-height:1.2;text-align: justify;margin-top:0pt;margin-bottom:0pt;\"><span style=\"font-size: 10pt; font-family: Arial; color: rgb(0, 0, 0); background-color: transparent; font-variant-numeric: normal; font-variant-east-asian: normal; text-decoration-line: underline; text-decoration-skip-ink: none; vertical-align: baseline; white-space: pre-wrap;\"><b style=\"font-weight:normal;\"><br></b></span></p><p dir=\"ltr\" style=\"line-height:1.2;text-align: center;margin-top:0pt;margin-bottom:0pt;\"><span style=\"font-size:9pt;font-family:Helvetica,sans-serif;color:#212529;background-color:#ffffff;font-weight:700;font-style:normal;font-variant:normal;text-decoration:none;vertical-align:baseline;white-space:pre;white-space:pre-wrap;\"><span style=\"border:none;display:inline-block;overflow:hidden;width:208px;height:208px;\"><img src=\"https://lh6.googleusercontent.com/MT66T8_F7Qv8a2O2ty_I8VXC0VuF-kr36upTq4JrmgLfvZG_ui4MFy0YQ3sGS-P3Y_5SRYChLmqoiXYPfm6cwtZd9ZjLa3h1GdSgriOAUVS7fzrWjfn-mbrQjgSugxCztq8wsFbZ\" width=\"208\" height=\"208\" style=\"margin-left:0px;margin-top:0px;\"></span></span></p><p dir=\"ltr\" style=\"line-height:1.2;text-align: justify;margin-top:0pt;margin-bottom:0pt;\"><span style=\"font-size: 10pt; font-family: Arial; color: rgb(0, 0, 0); background-color: transparent; font-variant-numeric: normal; font-variant-east-asian: normal; text-decoration-line: underline; text-decoration-skip-ink: none; vertical-align: baseline; white-space: pre-wrap;\"><b style=\"font-weight:normal;\"><br></b></span></p><p dir=\"ltr\" style=\"line-height:1.2;text-align: center;margin-top:0pt;margin-bottom:0pt;\"><span style=\"font-size:12pt;font-family:Helvetica,sans-serif;color:#212529;background-color:#ffffff;font-weight:700;font-style:normal;font-variant:normal;text-decoration:none;vertical-align:baseline;white-space:pre;white-space:pre-wrap;\">Link de ingreso al sistema </span><span style=\"font-size:9pt;font-family:Helvetica,sans-serif;color:#212529;background-color:#ffffff;font-weight:700;font-style:normal;font-variant:normal;text-decoration:none;vertical-align:baseline;white-space:pre;white-space:pre-wrap;\"><br></span><a href=\"https://www.mlplak.com/disenio/#/login\" style=\"text-decoration:none;\"><span style=\"font-size:9pt;font-family:Helvetica,sans-serif;color:#1155cc;background-color:#ffffff;font-weight:700;font-style:normal;font-variant:normal;text-decoration:underline;-webkit-text-decoration-skip:none;text-decoration-skip-ink:none;vertical-align:baseline;white-space:pre;white-space:pre-wrap;\">https://www.mlplak.com/disenio/#/login</span></a></p><p dir=\"ltr\" style=\"line-height:1.2;text-align: justify;margin-top:0pt;margin-bottom:0pt;\"><span style=\"font-size: 10pt; font-family: Arial; color: rgb(0, 0, 0); background-color: transparent; font-variant-numeric: normal; font-variant-east-asian: normal; text-decoration-line: underline; text-decoration-skip-ink: none; vertical-align: baseline; white-space: pre-wrap;\"></span></p><p dir=\"ltr\" style=\"line-height:1.2;text-align: center;margin-top:0pt;margin-bottom:0pt;\"><span style=\"font-size:9pt;font-family:Helvetica,sans-serif;color:#212529;background-color:#ffffff;font-weight:700;font-style:normal;font-variant:normal;text-decoration:none;vertical-align:baseline;white-space:pre;white-space:pre-wrap;\"><br></span><span style=\"font-size:9pt;font-family:Helvetica,sans-serif;color:#212529;background-color:#ffffff;font-weight:700;font-style:normal;font-variant:normal;text-decoration:none;vertical-align:baseline;white-space:pre;white-space:pre-wrap;\"><span style=\"border:none;display:inline-block;overflow:hidden;width:199px;height:199px;\"><img src=\"https://lh3.googleusercontent.com/WIPr2KgTKbey_SLTrA2JL9oeWWuzguqpZkf6_wwgcI9ygzwGZniV6r9AZGYAqgZS6yHESHpRzUy5ISjPAQUzmZCrkgnbYMYegvHf-yNsagAZFNR1WwEE0VUXJ3u_OBaW3PYF25kB\" width=\"199\" height=\"199\" style=\"margin-left:0px;margin-top:0px;\"></span></span></p><div><span style=\"font-size:9pt;font-family:Helvetica,sans-serif;color:#212529;background-color:#ffffff;font-weight:700;font-style:normal;font-variant:normal;text-decoration:none;vertical-align:baseline;white-space:pre;white-space:pre-wrap;\"><span style=\"border:none;display:inline-block;overflow:hidden;width:199px;height:199px;\"><br></span></span></div><div><span style=\"font-size: 10pt; font-family: Arial; color: rgb(0, 0, 0); background-color: transparent; font-variant-numeric: normal; font-variant-east-asian: normal; text-decoration-line: underline; text-decoration-skip-ink: none; vertical-align: baseline; white-space: pre-wrap;\"><br></span></div></span>',	NULL,	NULL,	1,	'2022-03-26 09:35:48',	NULL,	'2022-03-26 09:36:39',	NULL);

CREATE TABLE `mk_ayudas_categorias` (
  `id` int(10) unsigned NOT NULL AUTO_INCREMENT,
  `desc_categoria` varchar(60) COLLATE utf8mb4_unicode_ci NOT NULL,
  `created_at` timestamp NULL DEFAULT NULL,
  `updated_at` timestamp NULL DEFAULT NULL,
  `activo` int(11) DEFAULT NULL,
  PRIMARY KEY (`id`) USING BTREE,
  UNIQUE KEY `KU_mk_ayudas_categorias` (`desc_categoria`) USING BTREE
) ENGINE=InnoDB DEFAULT CHARSET=utf8mb4 COLLATE=utf8mb4_unicode_ci ROW_FORMAT=DYNAMIC;

INSERT INTO `mk_ayudas_categorias` (`id`, `desc_categoria`, `created_at`, `updated_at`, `activo`) VALUES
(7,	'Taller',	'2022-03-25 13:01:04',	'2022-03-25 13:01:04',	1),
(8,	'calendario',	'2022-03-26 09:32:51',	'2022-03-26 09:32:51',	1),
(9,	'limpieza y mantenimiento',	'2022-03-26 09:35:24',	'2022-03-26 09:35:24',	1);

CREATE TABLE `mk_chatmensaje` (
  `chtm_nid` int(10) unsigned NOT NULL AUTO_INCREMENT,
  `user_enviox_nid` int(10) unsigned NOT NULL,
  `chtm_mensaje` varchar(191) COLLATE utf8mb4_unicode_ci NOT NULL,
  `chtm_tipo` varchar(191) COLLATE utf8mb4_unicode_ci DEFAULT NULL,
  `user_nid_destinatario` int(10) unsigned DEFAULT NULL,
  `chtm_dfechacrea` datetime DEFAULT NULL,
  `chtm_npedidosts` tinyint(1) NOT NULL DEFAULT 0,
  `chtm_nvisto` tinyint(1) NOT NULL DEFAULT 0,
  PRIMARY KEY (`chtm_nid`),
  KEY `mk_chatmensaje_user_nid_destinatario_foreign` (`user_nid_destinatario`),
  KEY `mk_chatmensaje_user_enviox_nid_foreign` (`user_enviox_nid`),
  CONSTRAINT `mk_chatmensaje_user_enviox_nid_foreign` FOREIGN KEY (`user_enviox_nid`) REFERENCES `usuarios` (`id`) ON DELETE NO ACTION ON UPDATE CASCADE,
  CONSTRAINT `mk_chatmensaje_user_nid_destinatario_foreign` FOREIGN KEY (`user_nid_destinatario`) REFERENCES `usuarios` (`id`) ON DELETE NO ACTION ON UPDATE CASCADE
) ENGINE=InnoDB DEFAULT CHARSET=utf8mb4 COLLATE=utf8mb4_unicode_ci;

INSERT INTO `mk_chatmensaje` (`chtm_nid`, `user_enviox_nid`, `chtm_mensaje`, `chtm_tipo`, `user_nid_destinatario`, `chtm_dfechacrea`, `chtm_npedidosts`, `chtm_nvisto`) VALUES
(1,	6,	'testing',	'mensaje',	10,	'2018-08-25 17:34:32',	0,	0),
(2,	6,	'testing',	'pedido',	10,	'2018-08-25 17:34:41',	0,	0),
(3,	6,	'2',	'mensaje',	10,	'2018-08-25 18:25:27',	0,	0),
(4,	6,	'prueba',	'mensaje',	11,	'2018-08-27 18:55:02',	0,	1),
(5,	11,	'hola ',	'mensaje',	6,	'2018-08-27 19:07:31',	0,	1),
(6,	11,	'ahora si esta en funcionamiento',	'mensaje',	6,	'2018-08-27 19:07:45',	0,	1),
(7,	11,	'app online',	'pedido',	6,	'2018-08-27 19:08:06',	1,	1),
(8,	11,	'Hola buenas tardes como estas? ',	'mensaje',	10,	'2018-08-27 19:08:22',	0,	0),
(9,	6,	'prueba',	'mensaje',	11,	'2018-08-27 19:10:08',	0,	1),
(10,	6,	'reinicié el servicio socket',	'mensaje',	11,	'2018-08-27 19:10:28',	0,	1),
(11,	6,	'reinicié el servicio socket',	'pedido',	11,	'2018-08-27 19:10:33',	1,	1),
(12,	11,	'perfecto',	'pedido',	6,	'2018-08-27 19:16:56',	0,	1),
(13,	11,	'Hola ggt',	'pedido',	10,	'2018-08-27 19:21:56',	0,	0),
(14,	6,	'testing',	'mensaje',	11,	'2018-08-28 18:05:04',	0,	1),
(15,	11,	'Hola ',	'mensaje',	10,	'2018-09-10 18:54:17',	0,	0),
(16,	11,	'Hola ',	'mensaje',	10,	'2018-09-10 18:54:32',	0,	0),
(17,	11,	'Hola ',	'mensaje',	10,	'2018-09-10 18:54:34',	0,	0),
(18,	11,	'Hola cómo estás?',	'pedido',	10,	'2018-09-11 07:17:30',	0,	0),
(19,	11,	'Pedido',	'pedido',	6,	'2018-09-11 07:17:56',	0,	1),
(20,	11,	'Pedido',	'pedido',	6,	'2018-09-11 07:18:04',	1,	1),
(21,	11,	'Hola qué tal?',	'mensaje',	12,	'2018-09-11 07:20:10',	0,	1),
(22,	6,	'prueba 11/09/2018',	'mensaje',	11,	'2018-09-11 22:11:52',	0,	1),
(23,	6,	'prueba',	'mensaje',	11,	'2018-09-12 17:34:30',	0,	1),
(24,	6,	'oka',	'mensaje',	11,	'2018-09-12 17:34:37',	0,	1),
(25,	6,	'oka',	'mensaje',	11,	'2018-09-12 17:34:38',	0,	1),
(26,	11,	'okok',	'mensaje',	6,	'2018-09-12 18:17:27',	0,	1),
(27,	11,	'pedido',	'pedido',	6,	'2018-09-12 18:17:34',	0,	1),
(28,	11,	'estas en linea',	'mensaje',	6,	'2018-09-14 12:21:01',	0,	1),
(29,	11,	'pedido',	'pedido',	6,	'2018-09-14 12:21:09',	1,	1),
(30,	11,	'fwqef',	'mensaje',	6,	'2018-09-21 15:38:47',	0,	1),
(31,	11,	'fwqef',	'mensaje',	10,	'2018-09-21 15:38:53',	0,	0),
(32,	11,	'fwqef',	'pedido',	10,	'2018-09-21 15:38:54',	0,	0),
(33,	11,	'asdf',	'mensaje',	12,	'2018-09-21 15:38:58',	0,	1),
(34,	11,	'Holaaa',	'mensaje',	8,	'2018-09-23 12:24:32',	0,	0),
(35,	11,	'1234',	'mensaje',	9,	'2018-09-23 14:42:47',	0,	0),
(36,	11,	'Si ahí anda bien lo de los grupos',	'mensaje',	6,	'2018-11-07 19:41:38',	0,	1),
(37,	11,	'mbn',	'mensaje',	12,	'2018-12-06 22:42:00',	0,	1),
(38,	6,	'Mariano, prueba',	'mensaje',	11,	'2020-03-28 13:24:00',	0,	1),
(39,	6,	'Prueba desde móvil',	'mensaje',	11,	'2020-03-28 13:26:13',	0,	1),
(40,	6,	'Prueba pedido',	'pedido',	11,	'2020-03-28 13:26:27',	1,	1),
(41,	11,	'',	'pedido',	6,	'2020-03-28 19:44:35',	0,	1),
(42,	11,	'Hy',	'pedido',	6,	'2020-03-28 19:44:39',	0,	1),
(43,	11,	'',	'mensaje',	6,	'2020-03-28 19:44:41',	0,	1),
(44,	11,	'Dda',	'mensaje',	6,	'2020-03-28 19:44:43',	0,	1),
(45,	11,	'Hello',	'pedido',	12,	'2020-03-29 21:49:23',	1,	1),
(46,	11,	'sad',	'mensaje',	12,	'2020-03-29 21:49:27',	0,	1),
(47,	11,	'2w3',	'mensaje',	22,	'2020-03-30 22:45:08',	0,	1),
(48,	11,	'012',	'pedido',	22,	'2020-03-30 22:45:34',	0,	1),
(49,	11,	'12',	'mensaje',	22,	'2020-03-30 22:45:38',	0,	1),
(50,	6,	'prueba 2',	'mensaje',	7,	'2020-03-31 14:11:09',	0,	0),
(51,	11,	'Hola probando!',	'mensaje',	6,	'2020-03-31 14:28:14',	0,	1),
(52,	11,	'Como es que funciona esto? ',	'pedido',	6,	'2020-03-31 14:28:43',	0,	1),
(53,	11,	'Hola',	'mensaje',	22,	'2020-03-31 14:37:20',	0,	1),
(54,	11,	'Como estás u2?',	'pedido',	22,	'2020-03-31 14:37:31',	0,	1),
(55,	11,	'Hola u3 como va? de la página de diseño',	'mensaje',	26,	'2020-03-31 14:37:56',	0,	1),
(56,	11,	'Hola! Como va mensajes?',	'mensaje',	12,	'2020-03-31 14:38:18',	0,	1),
(57,	22,	'prueba',	'mensaje',	6,	'2020-03-31 15:22:18',	0,	1),
(58,	22,	'prueba 2',	'mensaje',	6,	'2020-03-31 15:23:33',	0,	1),
(59,	22,	'prueb2',	'mensaje',	6,	'2020-03-31 15:24:18',	0,	1),
(60,	6,	'prueba 2',	'mensaje',	11,	'2020-03-31 15:24:36',	0,	1),
(61,	22,	'123123',	'mensaje',	6,	'2020-03-31 15:24:58',	0,	1),
(62,	22,	'prueba envío',	'mensaje',	11,	'2020-03-31 15:25:55',	0,	1),
(63,	22,	'fdsfg',	'mensaje',	6,	'2020-03-31 15:26:00',	0,	1),
(64,	6,	'dfgdsfg',	'mensaje',	22,	'2020-03-31 15:26:15',	0,	1),
(65,	22,	'envío2',	'mensaje',	6,	'2020-03-31 15:27:34',	0,	1),
(66,	22,	'mensajes de prueba',	'mensaje',	6,	'2020-03-31 15:30:45',	0,	1),
(67,	11,	'Ahora parace que si!',	'mensaje',	22,	'2020-03-31 18:27:14',	0,	1),
(68,	11,	'Pedido',	'pedido',	22,	'2020-03-31 18:27:21',	0,	1),
(69,	11,	'Parece que funciona!',	'pedido',	6,	'2020-03-31 18:27:43',	0,	1),
(70,	12,	'Escribo desde menajes a MLPLAK! HOLA',	'mensaje',	11,	'2020-03-31 18:28:45',	0,	1),
(71,	12,	'Escribo desde menajes a U3 ! HOLA',	'mensaje',	26,	'2020-03-31 18:29:12',	0,	1),
(72,	12,	'Escribo desde menajes a u2! HOLA',	'mensaje',	22,	'2020-03-31 18:29:33',	0,	1),
(73,	11,	'Hola',	'mensaje',	12,	'2020-03-31 18:31:34',	0,	1),
(74,	11,	'Parece que algunos no andan',	'mensaje',	12,	'2020-03-31 18:31:51',	0,	1),
(75,	11,	'Hola',	'mensaje',	22,	'2020-03-31 18:32:14',	0,	1),
(76,	11,	'1 2 3',	'mensaje',	22,	'2020-03-31 18:33:37',	0,	1),
(77,	6,	'Prueba',	'mensaje',	22,	'2020-03-31 19:02:43',	0,	1),
(78,	6,	'Prueba 2',	'mensaje',	22,	'2020-03-31 19:06:09',	0,	1),
(79,	22,	'hola',	'mensaje',	6,	'2020-03-31 19:08:30',	0,	1),
(80,	22,	'Hola',	'mensaje',	11,	'2020-03-31 19:08:49',	0,	1),
(81,	22,	'HOLA',	'mensaje',	12,	'2020-03-31 19:08:55',	0,	1),
(82,	6,	'Recibido',	'mensaje',	22,	'2020-03-31 19:09:04',	0,	1),
(83,	6,	'Envía otros más para ver',	'mensaje',	22,	'2020-03-31 19:09:15',	0,	1),
(84,	22,	'ok ahora envio a mlplak y a u3',	'mensaje',	6,	'2020-03-31 19:09:42',	0,	1),
(85,	6,	'Recibido',	'mensaje',	22,	'2020-03-31 19:09:50',	0,	1),
(86,	22,	'HOLA U3!',	'mensaje',	26,	'2020-03-31 19:09:52',	0,	1),
(87,	22,	'bien',	'mensaje',	6,	'2020-03-31 19:10:07',	0,	1),
(88,	6,	'Quizá sea tema de caché',	'mensaje',	22,	'2020-03-31 19:10:17',	0,	1),
(89,	22,	'voy a escribirte desde ml plak',	'mensaje',	6,	'2020-03-31 19:10:19',	0,	1),
(90,	11,	'Hola',	'mensaje',	22,	'2020-03-31 19:10:29',	0,	1),
(91,	6,	'Prueba limpiar y recargar',	'mensaje',	22,	'2020-03-31 19:10:34',	0,	1),
(92,	11,	'Hola',	'mensaje',	6,	'2020-03-31 19:10:36',	0,	1),
(93,	6,	'Recibido',	'mensaje',	11,	'2020-03-31 19:10:52',	0,	1),
(94,	11,	'Hola u3',	'mensaje',	26,	'2020-03-31 19:10:56',	0,	1),
(95,	22,	'ok',	'mensaje',	26,	'2020-03-31 19:11:47',	0,	1),
(96,	22,	'hola',	'mensaje',	6,	'2020-03-31 19:11:53',	0,	1),
(97,	6,	'Recargaste?',	'mensaje',	22,	'2020-03-31 19:12:15',	0,	1),
(98,	11,	'Hola',	'mensaje',	6,	'2020-03-31 19:12:26',	0,	1),
(99,	6,	'Recibido',	'mensaje',	11,	'2020-03-31 19:12:45',	0,	1),
(100,	22,	'si ',	'mensaje',	6,	'2020-03-31 19:13:04',	0,	1),
(101,	22,	'Hola!',	'mensaje',	26,	'2020-03-31 19:13:16',	0,	1),
(102,	22,	'Hola!1234',	'mensaje',	11,	'2020-03-31 19:13:25',	0,	1),
(103,	11,	'Hola',	'mensaje',	22,	'2020-03-31 19:13:38',	0,	1),
(104,	11,	'No me deja',	'mensaje',	6,	'2020-03-31 19:13:47',	0,	1),
(105,	11,	'Ahora sí',	'mensaje',	6,	'2020-03-31 19:13:52',	0,	1),
(106,	11,	'Hola',	'mensaje',	22,	'2020-03-31 19:14:05',	0,	1),
(107,	11,	'Pero que pasa??',	'mensaje',	22,	'2020-03-31 19:14:22',	0,	1),
(108,	11,	'?',	'mensaje',	6,	'2020-03-31 19:14:45',	0,	1),
(109,	22,	'otro',	'mensaje',	6,	'2020-03-31 19:15:06',	0,	1),
(110,	22,	'nada',	'mensaje',	11,	'2020-03-31 19:15:13',	0,	1),
(111,	6,	'Recibido',	'mensaje',	22,	'2020-03-31 19:15:13',	0,	1),
(112,	22,	'ok',	'mensaje',	6,	'2020-03-31 19:15:23',	0,	1),
(113,	6,	'Debo hacer un ajuste con respecto a actualizar los chats cuando recibe uno Nuevo',	'mensaje',	22,	'2020-03-31 19:15:44',	0,	1),
(114,	11,	'Y entonces?',	'mensaje',	22,	'2020-03-31 19:15:45',	0,	1),
(115,	6,	'?',	'mensaje',	11,	'2020-03-31 19:16:07',	0,	1),
(116,	22,	'bueno avisame cuando quieras y los testeamos',	'mensaje',	6,	'2020-03-31 19:16:10',	0,	1),
(117,	22,	'no se',	'mensaje',	11,	'2020-03-31 19:16:16',	0,	1),
(118,	22,	'HOLA',	'mensaje',	6,	'2020-03-31 19:17:54',	0,	1),
(119,	6,	'Recibido',	'mensaje',	22,	'2020-03-31 19:18:01',	0,	1),
(120,	22,	'aveces no me deja enviar hasta que recargo la pagina',	'mensaje',	6,	'2020-03-31 19:18:09',	0,	1),
(121,	22,	'es como que anda por algunos mensajes y luego tengo que recargar..',	'mensaje',	6,	'2020-03-31 19:18:25',	0,	1),
(122,	6,	'Quizá te aparezca un error en consola',	'mensaje',	22,	'2020-03-31 19:18:48',	0,	1),
(123,	11,	'Yo tampoco',	'mensaje',	22,	'2020-03-31 19:18:49',	0,	1),
(124,	6,	'Probaré por la pc',	'mensaje',	22,	'2020-03-31 19:19:02',	0,	1),
(125,	6,	'Igualmente acá no he recargado',	'mensaje',	22,	'2020-03-31 19:19:12',	0,	1),
(126,	11,	'Hola',	'mensaje',	22,	'2020-03-31 19:22:13',	0,	1),
(127,	22,	'hola',	'mensaje',	11,	'2020-03-31 19:22:39',	0,	1),
(128,	6,	'prueba desde pc',	'mensaje',	22,	'2020-03-31 19:26:37',	0,	1),
(129,	6,	'envío 2',	'mensaje',	22,	'2020-03-31 19:26:44',	0,	1),
(130,	6,	'envío 3',	'mensaje',	22,	'2020-03-31 19:26:52',	0,	1),
(131,	22,	'okk!',	'mensaje',	6,	'2020-03-31 19:27:50',	0,	1),
(132,	22,	'ok',	'mensaje',	11,	'2020-03-31 19:28:02',	0,	1),
(133,	22,	'otro envio',	'mensaje',	6,	'2020-03-31 19:28:09',	0,	1),
(134,	11,	'Hola',	'mensaje',	22,	'2020-03-31 19:28:31',	0,	1),
(135,	11,	'Envío',	'mensaje',	6,	'2020-03-31 19:28:45',	0,	1),
(136,	6,	'Cuando no quiere enviar como queda?',	'mensaje',	22,	'2020-03-31 19:29:17',	0,	1),
(137,	6,	'Simplemente no envía el mensaje?',	'mensaje',	22,	'2020-03-31 19:29:35',	0,	1),
(138,	11,	'Hola',	'mensaje',	6,	'2020-03-31 19:29:36',	0,	1),
(139,	11,	'Hola',	'mensaje',	22,	'2020-03-31 19:29:50',	0,	1),
(140,	22,	'daD',	'mensaje',	7,	'2020-03-31 19:30:25',	0,	0),
(141,	22,	'Desaparece del cuando donde escribo, pero no llega al cuando de arriba',	'mensaje',	6,	'2020-03-31 19:31:11',	0,	1),
(142,	11,	'H',	'mensaje',	22,	'2020-03-31 19:31:36',	0,	1),
(143,	11,	'H',	'mensaje',	22,	'2020-03-31 19:31:57',	0,	1),
(144,	22,	'SS',	'pedido',	11,	'2020-03-31 19:32:40',	1,	1),
(145,	22,	'asas',	'mensaje',	11,	'2020-03-31 19:32:47',	0,	1),
(146,	22,	'dasd',	'pedido',	26,	'2020-03-31 19:32:52',	1,	1),
(147,	22,	'ds',	'mensaje',	26,	'2020-03-31 19:32:54',	0,	1),
(148,	22,	'dsa',	'mensaje',	11,	'2020-03-31 19:32:58',	0,	1),
(149,	22,	'pedido',	'pedido',	6,	'2020-03-31 19:33:04',	1,	1),
(150,	11,	'Hola ya resolví el pedido',	'mensaje',	22,	'2020-03-31 19:33:22',	0,	1),
(151,	11,	'Envío un pedido nuevo',	'pedido',	22,	'2020-03-31 19:33:54',	1,	1),
(152,	22,	'listo',	'mensaje',	11,	'2020-03-31 19:34:04',	0,	1),
(153,	22,	'otro pedido',	'pedido',	11,	'2020-03-31 19:34:21',	1,	1),
(154,	11,	'Ok perfecto',	'mensaje',	22,	'2020-03-31 19:34:33',	0,	1),
(155,	11,	'Necesito',	'pedido',	22,	'2020-03-31 19:34:38',	1,	1),
(156,	11,	'Y ',	'pedido',	22,	'2020-03-31 19:34:46',	1,	1),
(157,	11,	'Ah y ',	'pedido',	22,	'2020-03-31 19:34:50',	1,	1),
(158,	11,	'Y ',	'pedido',	22,	'2020-03-31 19:35:11',	1,	1),
(159,	11,	'Y',	'pedido',	22,	'2020-03-31 19:35:21',	1,	1),
(160,	6,	'aprobado',	'mensaje',	22,	'2020-03-31 19:35:33',	0,	1),
(161,	22,	'el tema ahi es que yo no veo cuando lo marcas..hay que agregar eso.. ',	'mensaje',	6,	'2020-03-31 19:41:42',	0,	1),
(162,	22,	'osea siempre me queda del mismo color a mi, se puede hacer que me avise( osea a travez del cambio de color o algo asi',	'pedido',	6,	'2020-03-31 19:42:15',	1,	1),
(163,	22,	'si se puede y no es muy complicado seria bueno agregarlo!',	'pedido',	6,	'2020-03-31 19:42:41',	1,	1),
(164,	22,	'y otra cosa que me acabo de dar cuenta es que los pedido no están en grupos..( luego debemos agregarlo',	'mensaje',	6,	'2020-03-31 19:43:42',	0,	1),
(165,	6,	'Ah, correcto; pero si pasan a una tonalidad más clara?',	'mensaje',	22,	'2020-03-31 19:44:16',	0,	1),
(166,	6,	'Te mandaré uno',	'mensaje',	22,	'2020-03-31 19:44:23',	0,	1),
(167,	6,	'Pedido',	'pedido',	22,	'2020-03-31 19:44:26',	1,	1),
(168,	6,	'Ah, sigue igual; cambiaré de color cuando esté aprobado',	'mensaje',	22,	'2020-03-31 19:44:47',	0,	1),
(169,	22,	'es mejor que sea rojo cuando se pide.. y cuando esta lito  que se ponga verde por ejemplo.. ',	'mensaje',	6,	'2020-03-31 19:45:06',	0,	1),
(170,	6,	'Perfecto',	'mensaje',	22,	'2020-03-31 19:45:25',	0,	1),
(171,	22,	'bueno ahora parece que esta funcionando ',	'mensaje',	11,	'2020-03-31 19:46:18',	0,	1),
(172,	6,	'Mariano, tuviste que recargar varias veces la página para estos últimos mensajes?',	'mensaje',	22,	'2020-03-31 19:49:44',	0,	1),
(173,	22,	'No hace un buen rato qu eno la recargo y este ultimo mensaje me actualizo solo, sin que yo haya modificado nada',	'mensaje',	6,	'2020-03-31 19:50:29',	0,	1),
(174,	22,	'pero aca estoy desde la PC',	'pedido',	6,	'2020-03-31 19:50:48',	1,	1),
(175,	22,	'voy a probar desde el celu',	'mensaje',	6,	'2020-03-31 19:51:00',	0,	1),
(176,	11,	'Si si',	'mensaje',	22,	'2020-03-31 19:52:28',	0,	1),
(177,	11,	'Dese el CELU tengo que seguir recargando',	'mensaje',	6,	'2020-03-31 19:52:48',	0,	1),
(178,	6,	'No aparecen los mensajes?',	'mensaje',	11,	'2020-03-31 19:53:12',	0,	1),
(179,	6,	'Desde el móvil me iba mejor',	'mensaje',	11,	'2020-03-31 19:53:23',	0,	1),
(180,	11,	'No me deja responder si no recargo',	'mensaje',	6,	'2020-03-31 19:54:28',	0,	1),
(181,	11,	'Ahora',	'mensaje',	22,	'2020-03-31 19:54:48',	0,	1),
(182,	6,	'Mariano, será que envía pero no baja el scroll?',	'mensaje',	11,	'2020-03-31 19:55:37',	0,	1),
(183,	22,	'ya descubri que es lo que pasa.',	'mensaje',	6,	'2020-03-31 19:56:18',	0,	1),
(184,	22,	'si uno se mantiene en Mensajes, funciona bien, pero si sale a taller o a calendario o lo que sea..  cuando vuelve no funciona mas hasta que uno recargue la pagina',	'mensaje',	6,	'2020-03-31 19:57:04',	0,	1),
(185,	11,	'No no.. se pierde el mensaje en el éter ?',	'mensaje',	6,	'2020-03-31 19:58:24',	0,	1),
(186,	11,	'Hola',	'mensaje',	22,	'2020-03-31 20:00:57',	0,	1),
(187,	11,	'Pero porque no anda esto',	'mensaje',	22,	'2020-03-31 20:01:04',	0,	1),
(188,	11,	'Esto parece un chiste porque yo estoy probando bastante y acá parece que funciona bien pero cuando intentó enviar no',	'mensaje',	22,	'2020-03-31 20:01:17',	0,	1),
(189,	11,	'Jajajja',	'mensaje',	22,	'2020-03-31 20:01:26',	0,	1),
(190,	11,	'Si uno se mantienen mensajes todo funciona correctamente',	'mensaje',	6,	'2020-03-31 20:01:48',	0,	1),
(191,	11,	'Pero si se dirige a la parte de taller calendario omi producción',	'mensaje',	6,	'2020-03-31 20:01:59',	0,	1),
(192,	11,	'Cuando uno regresa a mensajes Ya los mensajes no funciona sin antes recargar',	'mensaje',	6,	'2020-03-31 20:02:15',	0,	1),
(193,	11,	'o sea mientras unos se mantienen mensajes todo funciona bien si sale a otra parte de la página Ya deja de funcionar y hay que recargar para que vuelva a funcionar bien la parte de mensajes',	'mensaje',	6,	'2020-03-31 20:02:40',	0,	1),
(194,	6,	'antes de cambiar a taller',	'mensaje',	22,	'2020-03-31 20:27:51',	0,	1),
(195,	22,	'Hola',	'mensaje',	11,	'2020-04-01 17:20:34',	0,	1),
(196,	22,	'como va?',	'pedido',	11,	'2020-04-01 17:20:44',	1,	1),
(197,	11,	'Bien',	'mensaje',	22,	'2020-04-01 17:20:57',	0,	1),
(198,	11,	'Da',	'pedido',	22,	'2020-04-01 17:21:01',	1,	1),
(199,	22,	'12231',	'mensaje',	11,	'2020-04-01 17:21:17',	0,	1),
(200,	11,	'De',	'mensaje',	22,	'2020-04-01 17:21:21',	0,	1),
(201,	11,	'Fe',	'pedido',	22,	'2020-04-01 17:21:26',	1,	1),
(202,	11,	'Hola!',	'pedido',	22,	'2020-04-01 19:49:55',	1,	1),
(203,	11,	'Hola',	'mensaje',	22,	'2020-04-01 19:51:17',	0,	1),
(204,	11,	'Números de notificaciones',	'mensaje',	22,	'2020-04-01 19:51:52',	0,	1),
(205,	11,	'Perfecto',	'mensaje',	22,	'2020-04-01 19:52:09',	0,	1),
(206,	22,	'te envio un pedido blanco mdf 2600 1820 18',	'pedido',	11,	'2020-04-01 19:52:52',	1,	1),
(207,	22,	'1540 x 150x 18',	'pedido',	11,	'2020-04-01 19:53:05',	1,	1),
(208,	22,	'2600 x 40 x18',	'pedido',	11,	'2020-04-01 19:53:13',	1,	1),
(209,	11,	'Pefi',	'pedido',	12,	'2020-04-01 19:54:40',	1,	1),
(210,	22,	'pedido 3',	'pedido',	11,	'2020-04-01 19:54:49',	1,	1),
(211,	22,	'pedido 4 y 5',	'pedido',	11,	'2020-04-01 19:54:56',	1,	1),
(212,	22,	'HOLA!',	'mensaje',	25,	'2020-04-01 20:03:26',	0,	0),
(213,	6,	'asdasdf',	'mensaje',	22,	'2020-04-18 15:49:44',	0,	1),
(214,	6,	'ttryut',	'mensaje',	22,	'2020-04-18 18:16:12',	0,	1),
(215,	6,	'prueba',	'mensaje',	22,	'2020-04-18 18:19:00',	0,	1),
(216,	11,	'Hola u2',	'mensaje',	22,	'2020-04-18 20:59:30',	0,	1),
(217,	11,	'Necesito un corté de 2600x232',	'pedido',	22,	'2020-04-18 20:59:48',	1,	1),
(218,	11,	'Blanco MDF',	'mensaje',	22,	'2020-04-18 20:59:56',	0,	1),
(219,	11,	'Hola',	'mensaje',	12,	'2020-04-18 21:01:29',	0,	1),
(220,	11,	'Mensajes ',	'mensaje',	12,	'2020-04-18 21:01:37',	0,	1),
(221,	11,	'Necesito 3323',	'pedido',	12,	'2020-04-18 21:01:44',	1,	1),
(222,	11,	'Hola',	'mensaje',	22,	'2020-04-18 21:01:54',	0,	1),
(223,	11,	'Hola',	'mensaje',	12,	'2020-04-18 21:02:07',	0,	1),
(224,	11,	'Hola u3',	'mensaje',	26,	'2020-04-18 21:02:28',	0,	1),
(225,	22,	'Hola',	'mensaje',	6,	'2020-04-18 21:03:28',	0,	1),
(226,	22,	'Hola cómo estás?',	'mensaje',	11,	'2020-04-18 21:03:44',	0,	1),
(227,	22,	'Jusi',	'pedido',	11,	'2020-04-18 21:03:54',	1,	1),
(228,	22,	'Hola ML',	'mensaje',	11,	'2020-04-18 21:04:05',	0,	1),
(229,	22,	'Hola u3',	'mensaje',	26,	'2020-04-18 21:04:22',	0,	1),
(230,	22,	'Necesito',	'pedido',	26,	'2020-04-18 21:04:26',	1,	1),
(231,	26,	'Hola mensajes!',	'mensaje',	12,	'2020-04-18 21:07:14',	0,	1),
(232,	26,	'Hola',	'mensaje',	22,	'2020-04-18 21:07:25',	0,	1),
(233,	26,	'Hola ML',	'mensaje',	11,	'2020-04-18 21:07:34',	0,	1),
(234,	26,	'Necesito 3u58',	'pedido',	11,	'2020-04-18 21:07:42',	1,	1),
(235,	26,	'47bdjdj',	'pedido',	11,	'2020-04-18 21:07:48',	1,	1),
(236,	26,	'Dhs',	'pedido',	11,	'2020-04-18 21:07:52',	1,	1),
(237,	11,	'Hola cómo estás?',	'mensaje',	22,	'2020-04-18 21:08:50',	0,	1),
(238,	11,	'Hola',	'mensaje',	22,	'2020-04-18 21:08:54',	0,	1),
(239,	11,	'Necesito',	'pedido',	22,	'2020-04-18 21:08:58',	1,	1),
(240,	11,	'Hola',	'mensaje',	26,	'2020-04-18 21:09:29',	0,	1),
(241,	11,	'Todo listo',	'mensaje',	26,	'2020-04-18 21:09:33',	0,	1),
(242,	11,	'Hola',	'mensaje',	26,	'2020-04-19 11:51:03',	0,	1),
(243,	11,	'Uff',	'pedido',	26,	'2020-04-19 11:51:07',	1,	1),
(244,	11,	'Oo',	'mensaje',	22,	'2020-04-19 11:51:18',	0,	1),
(245,	11,	'Gdg',	'pedido',	22,	'2020-04-19 11:51:21',	1,	1),
(246,	26,	'BUeno ya esta listo',	'mensaje',	11,	'2020-04-19 21:22:11',	0,	1),
(247,	26,	'hola como va?',	'mensaje',	22,	'2020-04-19 21:22:21',	0,	1),
(248,	26,	'Hola! ',	'mensaje',	12,	'2020-04-19 21:22:28',	0,	1),
(249,	26,	'te pido un ',	'pedido',	11,	'2020-04-19 21:22:36',	1,	1),
(250,	26,	'pasame',	'pedido',	12,	'2020-04-19 21:22:42',	1,	1),
(251,	26,	'un',	'pedido',	22,	'2020-04-19 21:22:51',	1,	1),
(252,	11,	'Hola',	'mensaje',	26,	'2020-04-19 21:25:30',	0,	1),
(253,	11,	'Listo',	'pedido',	26,	'2020-04-19 21:25:33',	1,	1),
(254,	11,	'Ok',	'pedido',	22,	'2020-04-19 21:25:43',	1,	1),
(255,	26,	'Hola',	'mensaje',	11,	'2020-04-19 21:26:34',	0,	1),
(256,	26,	'jo',	'mensaje',	22,	'2020-04-19 21:26:39',	0,	1),
(257,	26,	'rew',	'pedido',	22,	'2020-04-19 21:26:42',	1,	1),
(258,	26,	'dsfbg',	'pedido',	12,	'2020-04-19 21:26:46',	1,	1),
(259,	11,	'Oj',	'pedido',	26,	'2020-04-19 21:27:01',	1,	1),
(260,	11,	'Oj',	'pedido',	22,	'2020-04-19 21:27:12',	1,	1),
(261,	11,	'Ik',	'pedido',	26,	'2020-04-19 21:27:18',	1,	1),
(262,	11,	'hola',	'mensaje',	26,	'2020-04-24 10:30:09',	0,	1),
(263,	11,	'HOLA',	'mensaje',	26,	'2020-04-26 20:37:08',	0,	1),
(264,	6,	'gfhjgfhj',	'mensaje',	22,	'2020-04-26 22:33:02',	0,	1),
(265,	11,	'Hola!',	'pedido',	6,	'2020-04-27 18:23:27',	1,	1),
(266,	11,	'okok',	'mensaje',	6,	'2020-04-27 18:23:37',	0,	1),
(267,	6,	'recibido y aprobado',	'mensaje',	11,	'2020-04-27 18:23:41',	0,	1),
(268,	6,	'envio de peiddo',	'pedido',	11,	'2020-04-27 18:23:48',	1,	1),
(269,	6,	'pedido*',	'mensaje',	11,	'2020-04-27 18:24:03',	0,	1),
(270,	22,	'Hola',	'mensaje',	6,	'2020-04-27 18:24:22',	0,	1),
(271,	22,	'Necesito',	'pedido',	6,	'2020-04-27 18:24:27',	1,	1),
(272,	26,	'Hola',	'mensaje',	11,	'2020-04-27 18:24:57',	0,	1),
(273,	11,	'listo!',	'mensaje',	6,	'2020-04-27 18:25:12',	0,	1),
(274,	26,	'Pedido',	'pedido',	6,	'2020-04-27 18:25:23',	1,	1),
(275,	26,	'Mensaje',	'mensaje',	6,	'2020-04-27 18:25:28',	0,	1),
(276,	26,	'Pedido',	'pedido',	22,	'2020-04-27 18:25:36',	1,	1),
(277,	26,	'Mensaje',	'mensaje',	22,	'2020-04-27 18:25:40',	0,	1),
(278,	11,	'parece que funciona bien!',	'mensaje',	6,	'2020-04-27 18:26:21',	0,	1),
(279,	11,	'Hola U3',	'mensaje',	26,	'2020-04-27 18:26:33',	0,	1),
(280,	11,	'comprame',	'pedido',	26,	'2020-04-27 18:26:37',	1,	1),
(281,	11,	'yy',	'pedido',	26,	'2020-04-27 18:26:39',	1,	1),
(282,	11,	'rer',	'pedido',	26,	'2020-04-27 18:26:42',	1,	1),
(283,	22,	'Dale',	'mensaje',	26,	'2020-04-27 18:26:51',	0,	1),
(284,	22,	'Un',	'pedido',	26,	'2020-04-27 18:26:53',	1,	1),
(285,	22,	'Otro',	'mensaje',	26,	'2020-04-27 18:27:30',	0,	1),
(286,	22,	'Leí',	'pedido',	26,	'2020-04-27 18:27:34',	1,	1),
(287,	11,	'fffd',	'mensaje',	26,	'2020-04-27 18:27:57',	0,	1),
(288,	11,	'ddff',	'mensaje',	22,	'2020-04-27 18:28:03',	0,	1),
(289,	11,	'll',	'mensaje',	22,	'2020-04-27 18:29:43',	0,	1),
(290,	11,	'nmnn',	'mensaje',	22,	'2020-04-27 18:29:45',	0,	1),
(291,	11,	'4674',	'mensaje',	22,	'2020-04-27 18:29:52',	0,	1),
(292,	22,	'Pasan algunas cosas raras',	'mensaje',	6,	'2020-04-27 18:30:34',	0,	1),
(293,	22,	'Con las notificaciones',	'mensaje',	6,	'2020-04-27 18:30:43',	0,	1),
(294,	22,	'Okk',	'mensaje',	11,	'2020-04-27 18:31:01',	0,	1),
(295,	6,	'Sí, estoy viendo los logs del servicio',	'mensaje',	22,	'2020-04-27 18:32:19',	0,	1),
(296,	11,	'las notificaciones estan raras.',	'mensaje',	6,	'2020-04-27 18:32:57',	0,	1),
(297,	6,	'pedido',	'pedido',	11,	'2020-04-27 18:50:04',	1,	1),
(298,	6,	'mesnaje',	'mensaje',	11,	'2020-04-27 18:50:09',	0,	1),
(299,	22,	'Hola',	'mensaje',	6,	'2020-04-27 19:14:45',	0,	1),
(300,	6,	'recibido',	'mensaje',	22,	'2020-04-27 19:18:27',	0,	1),
(301,	6,	'pedido',	'pedido',	22,	'2020-04-27 19:18:41',	1,	1),
(302,	22,	'Perfecto',	'pedido',	6,	'2020-04-27 19:31:54',	0,	1),
(303,	22,	'Mensajes',	'mensaje',	6,	'2020-04-27 19:32:10',	0,	1),
(304,	22,	'Hola 1 w 3',	'mensaje',	26,	'2020-04-27 19:32:57',	0,	1),
(305,	11,	'Pedido',	'pedido',	6,	'2020-04-27 19:33:27',	1,	1),
(306,	11,	'Mensajes',	'mensaje',	6,	'2020-04-27 19:33:30',	0,	1),
(307,	11,	'Hola',	'pedido',	12,	'2020-04-27 19:35:02',	1,	1),
(308,	11,	'Hola',	'mensaje',	22,	'2020-04-27 19:35:14',	0,	1),
(309,	11,	'Pedido',	'pedido',	22,	'2020-04-27 19:35:19',	1,	1),
(310,	11,	'e4r  r',	'mensaje',	22,	'2020-04-27 22:54:33',	0,	1),
(311,	22,	'kigkujg',	'mensaje',	12,	'2020-04-27 22:59:10',	0,	1),
(312,	12,	'Hola',	'mensaje',	11,	'2020-04-27 22:59:55',	0,	1),
(313,	12,	'bueno parece que la prueba está concluyendo correctamente aunque los mensajes y la notificación de los mensajes no es perfectamente correcto',	'mensaje',	11,	'2020-04-27 23:00:18',	0,	1),
(314,	22,	'nbggh',	'mensaje',	12,	'2020-04-27 23:01:57',	0,	1),
(315,	22,	'jghfyjhtfruykj',	'mensaje',	11,	'2020-04-27 23:02:07',	0,	1),
(316,	22,	'5432136521',	'mensaje',	11,	'2020-04-27 23:02:14',	0,	1),
(317,	11,	'khjgfyhjtg',	'mensaje',	22,	'2020-04-27 23:02:21',	0,	1),
(318,	12,	'Jd',	'mensaje',	22,	'2020-04-27 23:03:25',	0,	1),
(319,	12,	'Hay algún problema con el tema de los mensajes que son extremadamente largos',	'mensaje',	22,	'2020-04-27 23:03:37',	0,	1),
(320,	12,	'Bueno aparentemente hasta el mensaje anterior Lo envía correctamente pero este mensaje es aún un poco más largo',	'mensaje',	22,	'2020-04-27 23:03:53',	0,	1),
(321,	22,	'prueba',	'mensaje',	6,	'2020-04-28 10:49:22',	0,	1),
(322,	11,	'HOLA',	'mensaje',	22,	'2020-04-28 16:46:21',	0,	1),
(323,	11,	'Hola 3',	'mensaje',	26,	'2020-04-28 16:46:26',	0,	1),
(324,	11,	'HolA 12 3 ',	'mensaje',	6,	'2020-04-28 16:46:37',	0,	1),
(325,	11,	'TEST',	'mensaje',	6,	'2020-04-28 16:46:48',	0,	1),
(326,	11,	'PEDIDO',	'pedido',	6,	'2020-04-28 16:46:51',	1,	1),
(327,	6,	'aprobado',	'mensaje',	11,	'2020-04-28 16:46:58',	0,	1),
(328,	22,	'Hola',	'mensaje',	11,	'2020-04-28 16:51:31',	0,	1),
(329,	22,	'Pedí',	'pedido',	11,	'2020-04-28 16:51:35',	0,	1),
(330,	11,	'VOY CON U2 TAMBIEN',	'mensaje',	6,	'2020-04-28 16:53:02',	0,	1),
(331,	22,	'Hola',	'mensaje',	6,	'2020-04-28 16:53:45',	0,	1),
(332,	22,	'Pedido',	'pedido',	6,	'2020-04-28 16:53:48',	0,	1),
(333,	22,	'Hola!',	'mensaje',	11,	'2020-04-28 16:59:07',	0,	1),
(334,	22,	'Hola',	'mensaje',	11,	'2020-04-28 16:59:30',	0,	1),
(335,	22,	'Pedido',	'pedido',	11,	'2020-04-28 16:59:34',	1,	1),
(336,	22,	'Nn',	'mensaje',	11,	'2020-04-28 17:00:13',	0,	1),
(337,	22,	'Jaja',	'mensaje',	11,	'2020-04-28 17:00:36',	0,	1),
(338,	22,	'ww',	'mensaje',	26,	'2020-04-28 22:40:07',	0,	1),
(339,	22,	'ww',	'pedido',	26,	'2020-04-28 22:40:10',	1,	1),
(340,	22,	'ww',	'mensaje',	12,	'2020-04-28 22:40:14',	0,	0),
(341,	22,	'ww',	'pedido',	12,	'2020-04-28 22:40:16',	0,	0),
(342,	22,	'www',	'mensaje',	11,	'2020-04-28 22:40:21',	0,	1),
(343,	22,	'wwww',	'pedido',	11,	'2020-04-28 22:40:23',	1,	1),
(344,	11,	'pedido',	'pedido',	26,	'2020-04-28 22:42:32',	0,	1),
(345,	11,	';)',	'mensaje',	22,	'2020-04-28 22:43:03',	0,	1),
(346,	11,	'?? ? ?',	'mensaje',	22,	'2020-04-28 22:43:54',	0,	1),
(347,	11,	'? ? ?',	'mensaje',	26,	'2020-04-28 22:44:01',	0,	1),
(348,	11,	'? ? ? ? ? ? ? ',	'mensaje',	6,	'2020-04-28 22:44:31',	0,	1),
(349,	11,	'?',	'mensaje',	12,	'2020-04-28 22:45:09',	0,	0),
(350,	26,	'prueba',	'mensaje',	6,	'2020-05-07 22:02:35',	0,	1),
(351,	6,	'dfgdsfg',	'mensaje',	26,	'2020-05-14 16:17:03',	0,	1),
(352,	6,	'prueba',	'mensaje',	11,	'2020-05-14 16:17:59',	0,	1),
(353,	6,	'porueba',	'mensaje',	11,	'2020-05-14 16:23:47',	0,	1),
(354,	11,	'Hola!',	'mensaje',	6,	'2020-05-14 16:43:10',	0,	1),
(355,	11,	'PEdido!',	'pedido',	6,	'2020-05-14 16:43:15',	0,	1),
(356,	11,	'mfy',	'mensaje',	12,	'2020-05-14 16:44:19',	0,	0),
(357,	11,	'Hola Gustavo',	'mensaje',	6,	'2020-05-14 19:39:38',	0,	1),
(358,	11,	'Estás en línea',	'mensaje',	6,	'2020-05-14 19:39:42',	0,	1),
(359,	22,	'HOLA!',	'mensaje',	26,	'2020-05-14 19:42:03',	0,	1),
(360,	26,	'HOLA como va? ',	'mensaje',	22,	'2020-05-14 19:42:39',	0,	1),
(361,	22,	'Hola',	'mensaje',	11,	'2020-05-14 19:42:58',	0,	1),
(362,	22,	'hOLA',	'mensaje',	6,	'2020-05-14 19:43:06',	0,	1),
(363,	22,	'bIEN',	'mensaje',	26,	'2020-05-14 19:44:01',	0,	1),
(364,	6,	'Mensae recibido',	'mensaje',	11,	'2020-05-14 19:48:01',	0,	1),
(365,	6,	'Mensaje recibido',	'mensaje',	11,	'2020-05-14 19:49:21',	0,	1),
(366,	6,	'prueba',	'mensaje',	11,	'2020-05-14 20:05:04',	0,	1),
(367,	6,	'123123',	'mensaje',	11,	'2020-05-14 20:06:04',	0,	1),
(368,	6,	'dsfgdsfg',	'mensaje',	11,	'2020-05-14 20:10:05',	0,	1),
(369,	6,	'1223423',	'mensaje',	11,	'2020-05-14 20:39:48',	0,	1),
(370,	6,	'sdfgdfgdsfg',	'mensaje',	11,	'2020-05-14 20:40:57',	0,	1),
(371,	6,	'dfgsdfgf',	'mensaje',	11,	'2020-05-14 20:41:10',	0,	1),
(372,	6,	'prueba',	'mensaje',	22,	'2020-05-14 20:42:47',	0,	1),
(373,	6,	'123123',	'mensaje',	26,	'2020-05-14 20:47:13',	0,	1),
(374,	6,	'123123123',	'mensaje',	11,	'2020-05-14 20:49:13',	0,	1),
(375,	6,	'12312312',	'mensaje',	22,	'2020-05-14 20:54:58',	0,	1),
(376,	6,	'vdfgdsfg',	'mensaje',	11,	'2020-05-14 22:43:30',	0,	1),
(377,	6,	'sdfgsdfgdsfg',	'mensaje',	11,	'2020-05-14 22:44:05',	0,	1),
(378,	6,	'fgsdfgfg',	'mensaje',	22,	'2020-05-14 22:44:12',	0,	1),
(379,	6,	'prueba',	'mensaje',	22,	'2020-05-14 23:44:11',	0,	1),
(380,	6,	'preuba-sdfasdf',	'mensaje',	11,	'2020-05-14 23:44:30',	0,	1),
(381,	6,	'chat',	'mensaje',	11,	'2020-05-14 23:45:22',	0,	1),
(382,	6,	'preubas',	'mensaje',	11,	'2020-05-14 23:45:33',	0,	1),
(383,	6,	'send',	'mensaje',	26,	'2020-05-14 23:45:52',	0,	1),
(384,	6,	'sdfgsdfg',	'mensaje',	22,	'2020-05-14 23:48:50',	0,	1),
(385,	6,	'123123',	'mensaje',	22,	'2020-05-14 23:48:53',	0,	1),
(386,	11,	'Hola',	'mensaje',	22,	'2020-05-15 11:45:04',	0,	1),
(387,	11,	'Hola',	'mensaje',	22,	'2020-05-15 11:45:15',	0,	1),
(388,	6,	'prueba',	'mensaje',	11,	'2020-05-15 11:48:37',	0,	1),
(389,	6,	'envío',	'mensaje',	11,	'2020-05-15 11:50:34',	0,	1),
(390,	11,	'Hola',	'mensaje',	22,	'2020-05-15 11:53:32',	0,	1),
(391,	11,	'Hola',	'mensaje',	6,	'2020-05-15 11:53:41',	0,	1),
(392,	11,	'Hola',	'mensaje',	22,	'2020-05-15 11:53:49',	0,	1),
(393,	11,	'Hola',	'mensaje',	26,	'2020-05-15 11:53:57',	0,	1),
(394,	11,	'Hola',	'mensaje',	12,	'2020-05-15 11:54:09',	0,	0),
(395,	11,	'Hola',	'mensaje',	8,	'2020-05-15 11:54:18',	0,	0),
(396,	11,	'Holandés',	'mensaje',	22,	'2020-05-15 11:55:31',	0,	1),
(397,	11,	'Hola',	'mensaje',	22,	'2020-05-15 11:55:34',	0,	1),
(398,	11,	'Pedido',	'pedido',	6,	'2020-05-15 11:55:44',	1,	1),
(399,	6,	'aprobado',	'mensaje',	11,	'2020-05-15 11:55:53',	0,	1),
(400,	11,	'Hola',	'mensaje',	19,	'2020-05-15 11:57:35',	0,	0),
(401,	11,	'No logro recibir las notificaciones',	'mensaje',	6,	'2020-05-15 11:58:24',	0,	1),
(402,	6,	'Hay una confusión con los mensajes no leídos en grupos',	'mensaje',	11,	'2020-05-15 11:58:29',	0,	1),
(403,	11,	'Hola',	'mensaje',	22,	'2020-05-15 11:58:35',	0,	1),
(404,	6,	'En los grupos no los está tomando bien',	'mensaje',	11,	'2020-05-15 11:58:47',	0,	1),
(405,	6,	'Verifico',	'mensaje',	11,	'2020-05-15 11:58:53',	0,	1),
(406,	11,	'Ok',	'mensaje',	6,	'2020-05-15 11:58:58',	0,	1),
(407,	6,	'Cómo te van los de chat privado?',	'mensaje',	11,	'2020-05-15 11:59:07',	0,	1),
(408,	11,	'Además hay algúnos mensajes que desaparece en en algúnos usuarios',	'mensaje',	6,	'2020-05-15 11:59:17',	0,	1),
(409,	6,	'prueba',	'mensaje',	22,	'2020-05-15 11:59:52',	0,	1),
(410,	11,	'Me los muestra en el momento que los envío pero luego cuando vuelvo a entrar en la conversación no están',	'mensaje',	6,	'2020-05-15 11:59:59',	0,	1),
(411,	11,	'Me los muestra en el momento que los envío pero luego cuando vuelvo a entrar en la conversación no están',	'mensaje',	6,	'2020-05-15 12:00:14',	0,	1),
(412,	6,	'Me pasó',	'mensaje',	11,	'2020-05-15 12:00:37',	0,	1),
(413,	11,	'4545',	'mensaje',	22,	'2020-05-15 14:44:23',	0,	1),
(414,	22,	'Hola',	'mensaje',	6,	'2020-05-15 19:44:06',	0,	1),
(415,	22,	'Hola',	'mensaje',	11,	'2020-05-15 19:44:13',	0,	1),
(416,	22,	'12345678',	'mensaje',	6,	'2020-05-15 19:44:31',	0,	1),
(417,	22,	'123',	'mensaje',	11,	'2020-05-15 19:44:44',	0,	1),
(418,	22,	'prueba',	'mensaje',	6,	'2020-05-18 16:19:22',	0,	1),
(419,	6,	'preuba',	'mensaje',	22,	'2020-05-18 16:19:53',	0,	1),
(420,	6,	'123',	'mensaje',	22,	'2020-05-18 16:23:20',	0,	1),
(421,	22,	'pruebasda',	'mensaje',	26,	'2020-05-18 16:23:36',	0,	1),
(422,	6,	'12312sadasd',	'mensaje',	22,	'2020-05-18 16:23:43',	0,	1),
(423,	6,	'sdfsdfg',	'mensaje',	22,	'2020-05-18 16:24:01',	0,	1),
(424,	22,	'afsdfsdfasdf',	'mensaje',	6,	'2020-05-18 16:31:31',	0,	1),
(425,	6,	'dsafdfasdf',	'mensaje',	22,	'2020-05-18 16:31:42',	0,	1),
(426,	6,	'asdfasdf',	'mensaje',	22,	'2020-05-18 16:31:43',	0,	1),
(427,	6,	'asdfasdf',	'mensaje',	22,	'2020-05-18 16:31:45',	0,	1),
(428,	6,	'23123',	'mensaje',	22,	'2020-05-18 16:31:46',	0,	1),
(429,	22,	'recibido',	'mensaje',	6,	'2020-05-18 16:33:58',	0,	1),
(430,	6,	'enviado',	'mensaje',	22,	'2020-05-18 16:35:43',	0,	1),
(431,	6,	'envio',	'mensaje',	22,	'2020-05-18 16:36:45',	0,	1),
(432,	6,	'prueba',	'mensaje',	22,	'2020-05-18 16:54:47',	0,	1),
(433,	22,	'mensaje',	'mensaje',	6,	'2020-05-18 19:21:44',	0,	1),
(434,	22,	'prueba',	'mensaje',	6,	'2020-05-18 19:40:00',	0,	1),
(435,	22,	'jol',	'mensaje',	11,	'2020-05-18 21:25:33',	0,	1),
(436,	22,	'HOLA!',	'mensaje',	6,	'2020-05-18 21:26:09',	0,	1),
(437,	22,	'Peedido',	'pedido',	6,	'2020-05-18 21:26:14',	0,	1),
(438,	22,	'pedido',	'pedido',	11,	'2020-05-18 21:26:20',	1,	1),
(439,	22,	'ssss',	'mensaje',	11,	'2020-05-18 21:26:54',	0,	1),
(440,	11,	'Hola!',	'mensaje',	6,	'2020-05-18 21:38:20',	0,	1),
(441,	11,	'Pedido',	'pedido',	6,	'2020-05-18 21:38:24',	0,	1),
(442,	11,	'Hola! 1 2 3',	'pedido',	6,	'2020-05-18 21:58:57',	0,	1),
(443,	11,	'Hola!',	'mensaje',	22,	'2020-05-18 21:59:24',	0,	1),
(444,	11,	'Pedido',	'pedido',	22,	'2020-05-18 21:59:30',	1,	1),
(445,	11,	'Hola',	'mensaje',	12,	'2020-05-19 08:38:54',	0,	0),
(446,	11,	'Jos',	'pedido',	12,	'2020-05-19 08:39:01',	0,	0),
(447,	11,	'Hola',	'mensaje',	22,	'2020-05-19 08:39:51',	0,	1),
(448,	22,	'Vos',	'mensaje',	11,	'2020-05-19 08:41:24',	0,	1),
(449,	11,	'HHHHH',	'mensaje',	22,	'2020-05-19 11:16:27',	0,	1),
(450,	11,	'HHH',	'mensaje',	26,	'2020-05-19 11:16:37',	0,	1),
(451,	22,	'HOLA',	'mensaje',	6,	'2020-05-19 12:59:27',	0,	1),
(452,	22,	'Hola',	'mensaje',	11,	'2020-05-19 12:59:33',	0,	1),
(453,	22,	'Hola',	'mensaje',	26,	'2020-05-19 12:59:40',	0,	1),
(454,	11,	'hOLA',	'mensaje',	26,	'2020-05-19 13:00:33',	0,	1),
(455,	26,	'Vos',	'mensaje',	22,	'2020-05-19 13:01:02',	0,	1),
(456,	26,	'Hola',	'mensaje',	22,	'2020-05-19 13:01:41',	0,	1),
(457,	11,	'hOLA WWWWW',	'pedido',	22,	'2020-05-19 13:02:09',	0,	1),
(458,	11,	'ASDF',	'mensaje',	22,	'2020-05-19 13:02:17',	0,	1),
(459,	11,	'GATOOO',	'mensaje',	26,	'2020-05-19 13:03:30',	0,	1),
(460,	11,	'CGHAGO',	'mensaje',	22,	'2020-05-19 13:03:38',	0,	1),
(461,	26,	'Que onda?',	'mensaje',	11,	'2020-05-19 13:03:50',	0,	1),
(462,	22,	'Hola',	'mensaje',	26,	'2020-06-02 22:20:58',	0,	1),
(463,	22,	'Compra',	'pedido',	26,	'2020-06-02 22:21:02',	0,	1),
(464,	26,	'Holaa',	'mensaje',	11,	'2020-06-02 22:25:29',	0,	1),
(465,	11,	'Hola',	'mensaje',	26,	'2020-06-02 22:25:32',	0,	1),
(466,	11,	'Hola ',	'pedido',	22,	'2020-06-02 22:25:48',	1,	1),
(467,	11,	'Hola',	'mensaje',	26,	'2020-06-02 22:26:08',	0,	1),
(468,	11,	'123',	'pedido',	26,	'2020-06-02 22:26:12',	0,	1),
(469,	11,	'Hdjdjs',	'pedido',	26,	'2020-06-02 22:26:16',	0,	1),
(470,	11,	'Hola',	'mensaje',	26,	'2020-06-03 08:31:47',	0,	0),
(471,	11,	'Hhh',	'mensaje',	12,	'2020-06-03 08:32:04',	0,	0),
(472,	11,	'Lo',	'mensaje',	26,	'2020-06-03 08:32:21',	0,	0),
(473,	11,	'Hola',	'mensaje',	26,	'2020-06-03 10:33:19',	0,	0),
(474,	11,	'Hola',	'mensaje',	6,	'2020-06-03 10:33:30',	0,	1),
(475,	11,	'Hola pedido',	'pedido',	6,	'2020-06-03 10:33:35',	1,	1),
(476,	6,	'Pedido marcado',	'mensaje',	11,	'2020-06-03 10:33:46',	0,	1),
(477,	11,	'Es que no los veo hasta que refresco',	'mensaje',	6,	'2020-06-03 10:58:58',	0,	1),
(478,	11,	'Hola',	'mensaje',	12,	'2020-06-03 21:32:09',	0,	0),
(479,	11,	'Okok',	'pedido',	12,	'2020-06-03 21:32:22',	0,	0),
(480,	11,	'Okk',	'mensaje',	12,	'2020-06-03 21:32:26',	0,	0),
(481,	11,	'Hola!',	'mensaje',	6,	'2020-06-03 21:44:29',	0,	1),
(482,	11,	'Hola',	'mensaje',	12,	'2020-06-03 21:44:33',	0,	0),
(483,	11,	'Gustavo',	'mensaje',	6,	'2020-06-03 21:44:43',	0,	1),
(484,	11,	'?',	'mensaje',	6,	'2020-06-03 21:45:21',	0,	1),
(485,	11,	'Hola',	'mensaje',	6,	'2020-06-03 21:58:45',	0,	1),
(486,	6,	'recibido',	'mensaje',	11,	'2020-06-03 22:02:13',	0,	1),
(487,	11,	'Okkkk',	'mensaje',	6,	'2020-06-03 22:04:28',	0,	1),
(488,	11,	'Prueba reflejo',	'mensaje',	6,	'2020-06-03 22:36:31',	0,	1),
(489,	6,	'envío',	'mensaje',	11,	'2020-06-03 22:37:06',	0,	1),
(490,	6,	'envío prueba',	'pedido',	11,	'2020-06-03 22:38:28',	1,	1),
(491,	11,	'Hola',	'mensaje',	6,	'2020-06-09 20:20:40',	0,	1),
(492,	11,	'Pedido',	'pedido',	6,	'2020-06-09 20:20:52',	0,	1),
(493,	11,	'Hola!',	'mensaje',	6,	'2020-06-09 20:31:30',	0,	1),
(494,	11,	'Hola',	'mensaje',	6,	'2020-06-09 20:31:32',	0,	1),
(495,	11,	'1 2 3',	'mensaje',	6,	'2020-06-09 20:31:41',	0,	1),
(496,	11,	'Hola',	'mensaje',	22,	'2020-06-09 20:38:40',	0,	1),
(497,	11,	'1234',	'mensaje',	22,	'2020-06-09 20:38:45',	0,	1),
(498,	22,	'Hola',	'mensaje',	6,	'2020-06-09 20:41:09',	0,	1),
(499,	6,	'prueba',	'mensaje',	22,	'2020-06-09 20:41:16',	0,	1),
(500,	22,	'Llega',	'mensaje',	6,	'2020-06-09 20:41:42',	0,	1),
(501,	11,	'ok',	'mensaje',	6,	'2020-06-09 20:55:58',	0,	1),
(502,	22,	'U2',	'mensaje',	11,	'2020-06-09 20:56:20',	0,	1),
(503,	22,	'Hola',	'mensaje',	11,	'2020-06-09 20:56:33',	0,	1),
(504,	22,	'Holandés',	'mensaje',	11,	'2020-06-09 20:56:42',	0,	1),
(505,	22,	'Hola',	'mensaje',	11,	'2020-06-09 20:56:45',	0,	1),
(506,	22,	'J',	'mensaje',	11,	'2020-06-09 20:57:41',	0,	1),
(507,	22,	'Hola',	'mensaje',	11,	'2020-06-09 20:57:47',	0,	1);

CREATE TABLE `mk_grupo` (
  `grup_nid` int(10) unsigned NOT NULL AUTO_INCREMENT,
  `grup_vtema` varchar(191) COLLATE utf8mb4_unicode_ci NOT NULL,
  `grup_dfechacreacion` datetime DEFAULT current_timestamp() ON UPDATE current_timestamp(),
  `user_nid` int(10) unsigned NOT NULL,
  `grup_nsts` int(11) DEFAULT NULL,
  PRIMARY KEY (`grup_nid`),
  KEY `mk_grupo_user_nid_foreign` (`user_nid`),
  CONSTRAINT `mk_grupo_user_nid_foreign` FOREIGN KEY (`user_nid`) REFERENCES `usuarios` (`id`) ON DELETE NO ACTION ON UPDATE CASCADE
) ENGINE=InnoDB DEFAULT CHARSET=utf8mb4 COLLATE=utf8mb4_unicode_ci;

INSERT INTO `mk_grupo` (`grup_nid`, `grup_vtema`, `grup_dfechacreacion`, `user_nid`, `grup_nsts`) VALUES
(15,	'gtgrf',	'2020-05-14 16:43:51',	11,	1),
(19,	'dasd',	'2020-05-18 21:26:44',	22,	1),
(21,	'Gegr',	'2020-05-19 08:39:36',	11,	1),
(22,	'Noegsh',	'2020-06-03 21:34:12',	11,	1);

CREATE TABLE `mk_grupomensaje` (
  `grme_nid` int(10) unsigned NOT NULL AUTO_INCREMENT,
  `grup_nid` int(10) unsigned NOT NULL,
  `user_nid_envidox` int(10) unsigned NOT NULL,
  `grme_vmensaje` varchar(191) COLLATE utf8mb4_unicode_ci DEFAULT NULL,
  `grme_dfechaenvio` datetime DEFAULT NULL,
  PRIMARY KEY (`grme_nid`),
  KEY `mk_grupomensaje_grup_nid_foreign` (`grup_nid`),
  KEY `mk_grupomensaje_user_nid_envidox_foreign` (`user_nid_envidox`),
  CONSTRAINT `mk_grupomensaje_grup_nid_foreign` FOREIGN KEY (`grup_nid`) REFERENCES `mk_grupo` (`grup_nid`) ON DELETE NO ACTION ON UPDATE CASCADE,
  CONSTRAINT `mk_grupomensaje_user_nid_envidox_foreign` FOREIGN KEY (`user_nid_envidox`) REFERENCES `usuarios` (`id`) ON DELETE NO ACTION ON UPDATE CASCADE
) ENGINE=InnoDB DEFAULT CHARSET=utf8mb4 COLLATE=utf8mb4_unicode_ci;

INSERT INTO `mk_grupomensaje` (`grme_nid`, `grup_nid`, `user_nid_envidox`, `grme_vmensaje`, `grme_dfechaenvio`) VALUES
(58,	15,	11,	'gerwg',	'2020-05-14 16:43:59'),
(66,	15,	11,	'Nose',	'2020-05-15 11:56:31'),
(70,	15,	22,	'asdfasdfsdf',	'2020-05-18 16:26:09'),
(75,	15,	22,	'123123',	'2020-05-18 18:41:41'),
(79,	15,	6,	'sdasdf',	'2020-05-18 19:39:48'),
(81,	15,	22,	'dsdsda',	'2020-05-18 21:26:35'),
(83,	19,	22,	'sad',	'2020-05-18 21:26:48'),
(84,	21,	22,	'Hola',	'2020-05-19 08:41:42'),
(85,	15,	11,	'fdf',	'2020-05-19 11:16:13'),
(86,	21,	22,	'Hola',	'2020-05-19 12:59:46'),
(87,	21,	11,	'Holandés',	'2020-06-03 22:37:28'),
(88,	21,	11,	'Hola',	'2020-06-09 20:22:08');

CREATE TABLE `mk_notificaciones` (
  `id` int(10) unsigned NOT NULL AUTO_INCREMENT,
  `sector_id` varchar(60) COLLATE utf8mb4_unicode_ci NOT NULL,
  `periodo_repeticion_id` int(10) unsigned DEFAULT NULL,
  `titulo` varchar(200) COLLATE utf8mb4_unicode_ci DEFAULT NULL,
  `contenido` text COLLATE utf8mb4_unicode_ci NOT NULL,
  `num_repeticion` tinyint(4) NOT NULL DEFAULT 0,
  `fecha_inicio` date DEFAULT NULL,
  `fecha_fin` date DEFAULT NULL,
  `activo` tinyint(1) NOT NULL DEFAULT 1,
  `created_at` timestamp NULL DEFAULT NULL,
  `created_us_id` int(10) unsigned DEFAULT NULL,
  `updated_at` timestamp NULL DEFAULT NULL,
  `updated_us_id` int(10) unsigned DEFAULT NULL,
  PRIMARY KEY (`id`) USING BTREE
) ENGINE=InnoDB DEFAULT CHARSET=utf8mb4 COLLATE=utf8mb4_unicode_ci ROW_FORMAT=DYNAMIC;

INSERT INTO `mk_notificaciones` (`id`, `sector_id`, `periodo_repeticion_id`, `titulo`, `contenido`, `num_repeticion`, `fecha_inicio`, `fecha_fin`, `activo`, `created_at`, `created_us_id`, `updated_at`, `updated_us_id`) VALUES
(27,	'/MiProduccion',	1,	'test 3',	'sdsdddsds',	6,	'2022-03-03',	'2022-03-31',	1,	'2022-03-10 16:19:14',	NULL,	'2022-03-10 16:19:14',	NULL),
(30,	'/taller',	1,	'ATENCION Cambio, reprogramación!',	'dewwerafe',	1,	'2022-03-10',	'2022-03-25',	1,	'2022-03-11 13:06:53',	NULL,	'2022-03-11 13:06:53',	NULL),
(31,	'/calendar',	1,	'Calendario',	'ATENCION CAMBIOS!',	1,	'2022-03-11',	'2022-03-11',	1,	'2022-03-11 13:07:36',	NULL,	'2022-03-11 13:07:36',	NULL),
(32,	'/Lasistencia',	1,	'Prueba de 4 notificaciones',	'<b>Aun no se liquidaron los sueldos de marzo!</b>',	2,	'2022-03-12',	'2022-03-14',	1,	'2022-03-12 09:23:34',	NULL,	'2022-03-12 09:23:34',	NULL);

DELIMITER ;;

CREATE TRIGGER `trig_notificacion_insert` BEFORE UPDATE ON `mk_notificaciones` FOR EACH ROW
INSERT INTO mk_notificaciones_usuarios  (id, notificacion_id, sector_id, usuario_id, num_vista, vista, created_at)
  SELECT null, NEW.id, NEW.sector_id, usuarios.id, 0, 0, now() FROM usuarios WHERE activo = 1;;

DELIMITER ;

CREATE TABLE `mk_notificaciones_usuarios` (
  `id` int(10) unsigned NOT NULL AUTO_INCREMENT,
  `notificacion_id` int(10) unsigned NOT NULL,
  `sector_id` varchar(60) COLLATE utf8mb4_unicode_ci NOT NULL,
  `usuario_id` int(10) unsigned NOT NULL,
  `num_vista` tinyint(4) NOT NULL DEFAULT 0,
  `vista` tinyint(1) NOT NULL DEFAULT 0,
  `created_at` timestamp NULL DEFAULT NULL,
  `updated_at` timestamp NULL DEFAULT NULL,
  PRIMARY KEY (`id`) USING BTREE,
  UNIQUE KEY `KU_notificaciones_usuarios` (`notificacion_id`,`usuario_id`),
  KEY `mk_notificaciones_usuarios_notificacion_id_fk` (`notificacion_id`) USING BTREE,
  KEY `mk_notificaciones_usuarios_usuario_id_fk` (`usuario_id`) USING BTREE,
  CONSTRAINT `mk_notificaciones_usuarios_notificacion_id_fk` FOREIGN KEY (`notificacion_id`) REFERENCES `mk_notificaciones` (`id`) ON DELETE NO ACTION ON UPDATE CASCADE,
  CONSTRAINT `mk_notificaciones_usuarios_usuario_id_fk` FOREIGN KEY (`usuario_id`) REFERENCES `usuarios` (`id`) ON DELETE NO ACTION ON UPDATE CASCADE
) ENGINE=InnoDB DEFAULT CHARSET=utf8mb4 COLLATE=utf8mb4_unicode_ci ROW_FORMAT=DYNAMIC;

INSERT INTO `mk_notificaciones_usuarios` (`id`, `notificacion_id`, `sector_id`, `usuario_id`, `num_vista`, `vista`, `created_at`, `updated_at`) VALUES
(1,	30,	'/taller',	6,	0,	0,	'2022-03-11 13:06:53',	'2022-03-11 13:06:53'),
(2,	30,	'/taller',	11,	127,	0,	'2022-03-11 13:06:53',	'2022-03-11 13:06:53'),
(3,	30,	'/taller',	12,	0,	0,	'2022-03-11 13:06:53',	'2022-03-11 13:06:53'),
(4,	30,	'/taller',	13,	0,	0,	'2022-03-11 13:06:53',	'2022-03-11 13:06:53'),
(5,	30,	'/taller',	15,	0,	0,	'2022-03-11 13:06:53',	'2022-03-11 13:06:53'),
(6,	30,	'/taller',	17,	0,	0,	'2022-03-11 13:06:53',	'2022-03-11 13:06:53'),
(7,	30,	'/taller',	29,	1,	0,	'2022-03-11 13:06:53',	'2022-03-11 13:06:53'),
(8,	30,	'/taller',	31,	0,	0,	'2022-03-11 13:06:53',	'2022-03-11 13:06:53'),
(9,	30,	'/taller',	33,	0,	0,	'2022-03-11 13:06:53',	'2022-03-11 13:06:53'),
(10,	30,	'/taller',	35,	0,	0,	'2022-03-11 13:06:53',	'2022-03-11 13:06:53'),
(11,	30,	'/taller',	36,	0,	0,	'2022-03-11 13:06:53',	'2022-03-11 13:06:53'),
(12,	30,	'/taller',	37,	0,	0,	'2022-03-11 13:06:53',	'2022-03-11 13:06:53'),
(13,	30,	'/taller',	38,	60,	0,	'2022-03-11 13:06:53',	'2022-03-11 13:06:53'),
(14,	30,	'/taller',	48,	0,	0,	'2022-03-11 13:06:53',	'2022-03-11 13:06:53'),
(15,	30,	'/taller',	50,	0,	0,	'2022-03-11 13:06:53',	'2022-03-11 13:06:53'),
(16,	30,	'/taller',	51,	0,	0,	'2022-03-11 13:06:53',	'2022-03-11 13:06:53'),
(17,	30,	'/taller',	53,	0,	0,	'2022-03-11 13:06:53',	'2022-03-11 13:06:53'),
(18,	30,	'/taller',	54,	0,	0,	'2022-03-11 13:06:53',	'2022-03-11 13:06:53'),
(19,	30,	'/taller',	55,	0,	0,	'2022-03-11 13:06:53',	'2022-03-11 13:06:53'),
(20,	30,	'/taller',	56,	17,	0,	'2022-03-11 13:06:53',	'2022-03-11 13:06:53'),
(21,	30,	'/taller',	57,	0,	0,	'2022-03-11 13:06:53',	'2022-03-11 13:06:53'),
(22,	30,	'/taller',	58,	36,	0,	'2022-03-11 13:06:53',	'2022-03-11 13:06:53'),
(23,	31,	'/calendar',	6,	0,	0,	'2022-03-11 13:07:36',	'2022-03-11 13:07:36'),
(24,	31,	'/calendar',	11,	76,	0,	'2022-03-11 13:07:36',	'2022-03-11 13:07:36'),
(25,	31,	'/calendar',	12,	0,	0,	'2022-03-11 13:07:36',	'2022-03-11 13:07:36'),
(26,	31,	'/calendar',	13,	0,	0,	'2022-03-11 13:07:36',	'2022-03-11 13:07:36'),
(27,	31,	'/calendar',	15,	0,	0,	'2022-03-11 13:07:36',	'2022-03-11 13:07:36'),
(28,	31,	'/calendar',	17,	0,	0,	'2022-03-11 13:07:36',	'2022-03-11 13:07:36'),
(29,	31,	'/calendar',	29,	0,	0,	'2022-03-11 13:07:36',	'2022-03-11 13:07:36'),
(30,	31,	'/calendar',	31,	0,	0,	'2022-03-11 13:07:36',	'2022-03-11 13:07:36'),
(31,	31,	'/calendar',	33,	0,	0,	'2022-03-11 13:07:36',	'2022-03-11 13:07:36'),
(32,	31,	'/calendar',	35,	0,	0,	'2022-03-11 13:07:36',	'2022-03-11 13:07:36'),
(33,	31,	'/calendar',	36,	0,	0,	'2022-03-11 13:07:36',	'2022-03-11 13:07:36'),
(34,	31,	'/calendar',	37,	0,	0,	'2022-03-11 13:07:36',	'2022-03-11 13:07:36'),
(35,	31,	'/calendar',	38,	9,	0,	'2022-03-11 13:07:36',	'2022-03-11 13:07:36'),
(36,	31,	'/calendar',	48,	0,	0,	'2022-03-11 13:07:36',	'2022-03-11 13:07:36'),
(37,	31,	'/calendar',	50,	0,	0,	'2022-03-11 13:07:36',	'2022-03-11 13:07:36'),
(38,	31,	'/calendar',	51,	0,	0,	'2022-03-11 13:07:36',	'2022-03-11 13:07:36'),
(39,	31,	'/calendar',	53,	0,	0,	'2022-03-11 13:07:36',	'2022-03-11 13:07:36'),
(40,	31,	'/calendar',	54,	0,	0,	'2022-03-11 13:07:36',	'2022-03-11 13:07:36'),
(41,	31,	'/calendar',	55,	0,	0,	'2022-03-11 13:07:36',	'2022-03-11 13:07:36'),
(42,	31,	'/calendar',	56,	5,	0,	'2022-03-11 13:07:36',	'2022-03-11 13:07:36'),
(43,	31,	'/calendar',	57,	0,	0,	'2022-03-11 13:07:36',	'2022-03-11 13:07:36'),
(44,	31,	'/calendar',	58,	0,	0,	'2022-03-11 13:07:36',	'2022-03-11 13:07:36'),
(45,	32,	'/Lasistencia',	6,	0,	0,	'2022-03-12 09:23:34',	'2022-03-12 09:23:34'),
(46,	32,	'/Lasistencia',	11,	55,	0,	'2022-03-12 09:23:34',	'2022-03-12 09:23:34'),
(47,	32,	'/Lasistencia',	12,	0,	0,	'2022-03-12 09:23:34',	'2022-03-12 09:23:34'),
(48,	32,	'/Lasistencia',	13,	0,	0,	'2022-03-12 09:23:34',	'2022-03-12 09:23:34'),
(49,	32,	'/Lasistencia',	15,	0,	0,	'2022-03-12 09:23:34',	'2022-03-12 09:23:34'),
(50,	32,	'/Lasistencia',	17,	0,	0,	'2022-03-12 09:23:34',	'2022-03-12 09:23:34'),
(51,	32,	'/Lasistencia',	29,	2,	0,	'2022-03-12 09:23:34',	'2022-03-12 09:23:34'),
(52,	32,	'/Lasistencia',	31,	0,	0,	'2022-03-12 09:23:34',	'2022-03-12 09:23:34'),
(53,	32,	'/Lasistencia',	33,	0,	0,	'2022-03-12 09:23:34',	'2022-03-12 09:23:34'),
(54,	32,	'/Lasistencia',	35,	0,	0,	'2022-03-12 09:23:34',	'2022-03-12 09:23:34'),
(55,	32,	'/Lasistencia',	36,	0,	0,	'2022-03-12 09:23:34',	'2022-03-12 09:23:34'),
(56,	32,	'/Lasistencia',	37,	0,	0,	'2022-03-12 09:23:34',	'2022-03-12 09:23:34'),
(57,	32,	'/Lasistencia',	38,	15,	0,	'2022-03-12 09:23:34',	'2022-03-12 09:23:34'),
(58,	32,	'/Lasistencia',	48,	0,	0,	'2022-03-12 09:23:34',	'2022-03-12 09:23:34'),
(59,	32,	'/Lasistencia',	50,	0,	0,	'2022-03-12 09:23:34',	'2022-03-12 09:23:34'),
(60,	32,	'/Lasistencia',	51,	0,	0,	'2022-03-12 09:23:34',	'2022-03-12 09:23:34'),
(61,	32,	'/Lasistencia',	53,	0,	0,	'2022-03-12 09:23:34',	'2022-03-12 09:23:34'),
(62,	32,	'/Lasistencia',	54,	0,	0,	'2022-03-12 09:23:34',	'2022-03-12 09:23:34'),
(63,	32,	'/Lasistencia',	55,	0,	0,	'2022-03-12 09:23:34',	'2022-03-12 09:23:34'),
(64,	32,	'/Lasistencia',	56,	1,	0,	'2022-03-12 09:23:34',	'2022-03-12 09:23:34'),
(65,	32,	'/Lasistencia',	57,	1,	0,	'2022-03-12 09:23:34',	'2022-03-12 09:23:34'),
(66,	32,	'/Lasistencia',	58,	0,	0,	'2022-03-12 09:23:34',	'2022-03-12 09:23:34');

CREATE TABLE `mk_tareas` (
  `tar_nid` int(10) unsigned NOT NULL AUTO_INCREMENT,
  `tar_vmensaje` varchar(150) COLLATE utf8mb4_unicode_ci DEFAULT NULL,
  `tar_nsts` tinyint(1) DEFAULT NULL,
  `tar_dfechacreacion` datetime DEFAULT NULL,
  `user_nid` int(10) unsigned DEFAULT NULL,
  PRIMARY KEY (`tar_nid`),
  KEY `mk_tareas_user_nid_foreign` (`user_nid`),
  CONSTRAINT `mk_tareas_user_nid_foreign` FOREIGN KEY (`user_nid`) REFERENCES `usuarios` (`id`) ON DELETE NO ACTION ON UPDATE CASCADE
) ENGINE=InnoDB DEFAULT CHARSET=utf8mb4 COLLATE=utf8mb4_unicode_ci;

INSERT INTO `mk_tareas` (`tar_nid`, `tar_vmensaje`, `tar_nsts`, `tar_dfechacreacion`, `user_nid`) VALUES
(1,	'comprar clavos 9/25',	1,	'2018-08-27 18:42:34',	6),
(2,	'der',	1,	'2018-08-27 18:42:45',	6),
(3,	'nose que es',	1,	'2018-08-27 18:49:39',	6),
(4,	'lista de tareas',	1,	'2018-08-27 19:17:13',	11),
(5,	'comprar clavos',	1,	'2018-08-27 19:17:32',	11),
(6,	'cortar los fondo de melae',	1,	'2018-09-10 18:56:10',	11),
(7,	'pedir los colores faltantes',	1,	'2018-09-12 18:18:49',	11),
(8,	'tarea 123',	1,	'2018-09-14 12:21:23',	11),
(9,	'tarea 654',	1,	'2018-09-14 12:21:32',	11),
(10,	'tarea 546',	1,	'2018-09-14 12:21:38',	11),
(11,	'tarea 546',	1,	'2018-09-14 12:21:39',	11),
(12,	'Hola',	1,	'2018-09-23 12:24:45',	11),
(13,	'sa<dfg',	1,	'2020-02-24 18:22:39',	11),
(14,	'dfgsafghsdfghb',	0,	'2020-02-24 18:22:50',	11),
(15,	'gsfdagsdf',	1,	'2020-02-24 18:22:53',	11);

CREATE TABLE `modulos` (
  `id` int(10) unsigned NOT NULL AUTO_INCREMENT,
  `modulo` varchar(191) COLLATE utf8mb4_unicode_ci NOT NULL,
  `proyecto_id` int(10) unsigned NOT NULL,
  `estado_id` int(10) unsigned NOT NULL,
  `created_at` timestamp NULL DEFAULT NULL,
  `updated_at` timestamp NULL DEFAULT NULL,
  `is_cajon` tinyint(1) NOT NULL DEFAULT 0,
  `modulo_id` int(10) unsigned DEFAULT NULL,
  `armado` varchar(191) COLLATE utf8mb4_unicode_ci DEFAULT NULL,
  `comentario` text COLLATE utf8mb4_unicode_ci DEFAULT NULL,
  `descripcion` text COLLATE utf8mb4_unicode_ci DEFAULT NULL,
  `id_aux` int(11) DEFAULT NULL,
  `control_estado_id` int(11) DEFAULT 9,
  `piezas_sueltas` int(11) DEFAULT 0,
  `piezas_sueltas_controladas` int(11) DEFAULT 0,
  PRIMARY KEY (`id`),
  KEY `modulos_proyecto_id_foreign` (`proyecto_id`),
  KEY `modulos_estado_id_foreign` (`estado_id`),
  KEY `modulos_modulo_id_foreign` (`modulo_id`),
  CONSTRAINT `modulos_estado_id_foreign` FOREIGN KEY (`estado_id`) REFERENCES `estados` (`id`) ON DELETE NO ACTION ON UPDATE CASCADE,
  CONSTRAINT `modulos_modulo_id_foreign` FOREIGN KEY (`modulo_id`) REFERENCES `modulos` (`id`) ON DELETE NO ACTION ON UPDATE CASCADE,
  CONSTRAINT `modulos_proyecto_id_foreign` FOREIGN KEY (`proyecto_id`) REFERENCES `proyectos` (`id`) ON DELETE NO ACTION ON UPDATE CASCADE
) ENGINE=InnoDB DEFAULT CHARSET=utf8mb4 COLLATE=utf8mb4_unicode_ci;

INSERT INTO `modulos` (`id`, `modulo`, `proyecto_id`, `estado_id`, `created_at`, `updated_at`, `is_cajon`, `modulo_id`, `armado`, `comentario`, `descripcion`, `id_aux`, `control_estado_id`, `piezas_sueltas`, `piezas_sueltas_controladas`) VALUES
(763,	'1',	237,	3,	'2020-01-11 14:49:10',	'2022-07-03 09:00:52',	0,	NULL,	'Si',	NULL,	NULL,	NULL,	3,	1,	1),
(764,	'Cajon 1007',	237,	1,	'2020-01-11 14:49:10',	'2020-01-11 14:49:10',	1,	763,	NULL,	NULL,	NULL,	1007,	9,	0,	0),
(765,	'Cajon 1009',	237,	3,	'2020-01-11 14:49:10',	'2022-07-03 09:00:18',	1,	763,	'Si',	NULL,	NULL,	1009,	3,	0,	1),
(787,	'1',	249,	3,	'2020-02-02 13:39:30',	'2022-06-29 08:03:19',	0,	NULL,	'No',	NULL,	NULL,	NULL,	3,	1,	1),
(788,	'2',	249,	3,	'2020-02-02 13:39:30',	'2022-07-03 21:40:18',	0,	NULL,	'Si',	NULL,	NULL,	NULL,	3,	1,	1),
(789,	'3',	249,	3,	'2020-02-02 13:39:30',	'2022-06-29 08:03:53',	0,	NULL,	'Si',	NULL,	NULL,	NULL,	3,	1,	1),
(800,	'1',	252,	9,	'2020-02-24 14:38:08',	'2020-02-24 14:38:08',	0,	NULL,	'Si',	'bnb',	'nvnbnfgh',	NULL,	9,	0,	0),
(801,	'2',	252,	9,	'2020-02-24 14:38:08',	'2020-02-24 14:38:08',	0,	NULL,	'Si',	'bnb',	'nvnbnfgh',	NULL,	9,	0,	0),
(802,	'3',	252,	9,	'2020-02-24 14:38:08',	'2020-02-24 14:38:08',	0,	NULL,	'No',	'vczxsdv',	'vzdsv',	NULL,	9,	0,	0),
(803,	'Cajon 3045',	252,	1,	'2020-02-24 14:38:08',	'2020-02-24 14:38:08',	1,	802,	NULL,	NULL,	NULL,	3045,	9,	0,	0),
(804,	'Cajon 3047',	252,	1,	'2020-02-24 14:38:08',	'2020-02-24 14:38:08',	1,	802,	NULL,	NULL,	NULL,	3047,	9,	0,	0),
(805,	'Cajon 3048',	252,	1,	'2020-02-24 14:38:08',	'2020-02-24 14:38:08',	1,	802,	NULL,	NULL,	NULL,	3048,	9,	0,	0),
(806,	'Cajon 3050',	252,	1,	'2020-02-24 14:38:08',	'2020-02-24 14:38:08',	1,	802,	NULL,	NULL,	NULL,	3050,	9,	0,	0),
(807,	'Cajon 3052',	252,	1,	'2020-02-24 14:38:08',	'2020-02-24 14:38:08',	1,	802,	NULL,	NULL,	NULL,	3052,	9,	0,	0),
(808,	'Cajon 3054',	252,	1,	'2020-02-24 14:38:08',	'2020-02-24 14:38:08',	1,	802,	NULL,	NULL,	NULL,	3054,	9,	0,	0),
(809,	'1',	253,	9,	'2020-02-24 14:44:19',	'2020-02-24 14:44:19',	0,	NULL,	'No',	'n n',	'fxgnm',	NULL,	9,	0,	0),
(810,	'1',	254,	3,	'2020-02-26 08:43:56',	'2022-06-29 08:09:02',	0,	NULL,	'Si',	NULL,	NULL,	NULL,	9,	1,	1),
(811,	'2',	254,	3,	'2020-02-26 08:43:56',	'2022-06-27 20:01:30',	0,	NULL,	NULL,	NULL,	NULL,	NULL,	9,	0,	0),
(812,	'Cajon 1010',	254,	3,	'2020-02-26 08:43:56',	'2022-06-26 23:35:12',	1,	810,	'Si',	NULL,	NULL,	1010,	9,	0,	0),
(813,	'Cajon 1012',	254,	3,	'2020-02-26 08:43:56',	'2022-06-26 22:55:29',	1,	810,	'Si',	NULL,	NULL,	1012,	9,	0,	0),
(815,	'1',	259,	9,	'2020-02-28 09:24:20',	'2020-02-28 09:24:20',	0,	NULL,	NULL,	NULL,	NULL,	NULL,	9,	0,	0),
(816,	'2',	259,	9,	'2020-02-28 09:24:20',	'2020-02-28 09:24:20',	0,	NULL,	'Si',	'DSFGSDFG',	'FRDSGGSD',	NULL,	9,	0,	0),
(817,	'Cajon 2028',	259,	1,	'2020-02-28 09:24:20',	'2020-02-28 09:24:20',	1,	816,	NULL,	NULL,	NULL,	2028,	9,	0,	0),
(818,	'Cajon 2030',	259,	1,	'2020-02-28 09:24:20',	'2020-02-28 09:24:20',	1,	816,	NULL,	NULL,	NULL,	2030,	9,	0,	0),
(829,	'1',	264,	9,	'2020-03-01 20:56:40',	'2020-03-01 20:56:40',	0,	NULL,	'No',	NULL,	NULL,	NULL,	9,	0,	0),
(830,	'Cajon 1069',	264,	1,	'2020-03-01 20:56:40',	'2020-03-01 20:56:40',	1,	829,	NULL,	NULL,	NULL,	1069,	9,	0,	0),
(831,	'Cajon 1071',	264,	1,	'2020-03-01 20:56:40',	'2020-03-01 20:56:40',	1,	829,	NULL,	NULL,	NULL,	1071,	9,	0,	0),
(832,	'Cajon 1073',	264,	1,	'2020-03-01 20:56:40',	'2020-03-01 20:56:40',	1,	829,	NULL,	NULL,	NULL,	1073,	9,	0,	0),
(833,	'Cajon 1075',	264,	1,	'2020-03-01 20:56:40',	'2020-03-01 20:56:40',	1,	829,	NULL,	NULL,	NULL,	1075,	9,	0,	0),
(834,	'Cajon 1076',	264,	1,	'2020-03-01 20:56:40',	'2020-03-01 20:56:40',	1,	829,	NULL,	NULL,	NULL,	1076,	9,	0,	0),
(835,	'Cajon 1078',	264,	1,	'2020-03-01 20:56:40',	'2020-03-01 20:56:40',	1,	829,	NULL,	NULL,	NULL,	1078,	9,	0,	0),
(836,	'Cajon 1080',	264,	1,	'2020-03-01 20:56:40',	'2020-03-01 20:56:40',	1,	829,	NULL,	NULL,	NULL,	1080,	9,	0,	0),
(837,	'Cajon 1082',	264,	1,	'2020-03-01 20:56:40',	'2020-03-01 20:56:40',	1,	829,	NULL,	NULL,	NULL,	1082,	9,	0,	0),
(838,	'1',	265,	9,	'2020-03-01 20:57:34',	'2020-03-01 20:57:34',	0,	NULL,	NULL,	NULL,	NULL,	NULL,	9,	0,	0),
(839,	'2',	265,	9,	'2020-03-01 20:57:34',	'2020-03-01 20:57:34',	0,	NULL,	NULL,	NULL,	NULL,	NULL,	9,	0,	0),
(840,	'Cajon 2014',	265,	1,	'2020-03-01 20:57:34',	'2020-03-01 20:57:34',	1,	839,	NULL,	NULL,	NULL,	2014,	9,	0,	0),
(841,	'Cajon 2016',	265,	1,	'2020-03-01 20:57:34',	'2020-03-01 20:57:34',	1,	839,	NULL,	NULL,	NULL,	2016,	9,	0,	0),
(842,	'Cajon 2018',	265,	1,	'2020-03-01 20:57:34',	'2020-03-01 20:57:34',	1,	839,	NULL,	NULL,	NULL,	2018,	9,	0,	0),
(843,	'Cajon 2020',	265,	1,	'2020-03-01 20:57:34',	'2020-03-01 20:57:34',	1,	839,	NULL,	NULL,	NULL,	2020,	9,	0,	0),
(844,	'Cajon 2021',	265,	1,	'2020-03-01 20:57:34',	'2020-03-01 20:57:34',	1,	839,	NULL,	NULL,	NULL,	2021,	9,	0,	0),
(845,	'Cajon 2023',	265,	1,	'2020-03-01 20:57:34',	'2020-03-01 20:57:34',	1,	839,	NULL,	NULL,	NULL,	2023,	9,	0,	0),
(897,	'1',	285,	3,	'2020-03-21 23:06:41',	'2020-04-08 16:13:39',	0,	NULL,	NULL,	NULL,	NULL,	NULL,	9,	0,	0),
(898,	'2',	285,	3,	'2020-03-21 23:06:41',	'2020-04-08 16:13:39',	0,	NULL,	NULL,	NULL,	NULL,	NULL,	9,	0,	0),
(899,	'Cajon 2054',	285,	3,	'2020-03-21 23:06:41',	'2020-04-08 16:13:37',	1,	898,	NULL,	NULL,	NULL,	2054,	9,	0,	0),
(900,	'Cajon 2054 (2)',	285,	3,	'2020-03-21 23:06:41',	'2020-04-08 16:13:36',	1,	898,	NULL,	NULL,	NULL,	2054,	9,	0,	0),
(901,	'Cajon 2056',	285,	3,	'2020-03-21 23:06:41',	'2020-04-08 16:13:36',	1,	898,	NULL,	NULL,	NULL,	2056,	9,	0,	0),
(902,	'Cajon 2056 (2)',	285,	3,	'2020-03-21 23:06:41',	'2020-04-08 15:29:44',	1,	898,	NULL,	NULL,	NULL,	2056,	9,	0,	0),
(1145,	'1',	329,	9,	'2020-10-18 12:43:34',	'2020-10-18 12:43:34',	0,	NULL,	NULL,	NULL,	NULL,	NULL,	9,	0,	0),
(1147,	'1',	331,	9,	'2020-10-18 21:12:37',	'2020-12-18 04:31:30',	0,	NULL,	NULL,	NULL,	NULL,	NULL,	9,	0,	0),
(1149,	'1',	333,	3,	'2020-12-16 17:21:34',	'2020-12-16 17:30:30',	0,	NULL,	NULL,	NULL,	NULL,	NULL,	9,	0,	0),
(1150,	'2',	333,	3,	'2020-12-16 17:21:34',	'2020-12-16 17:22:22',	0,	NULL,	NULL,	NULL,	NULL,	NULL,	9,	0,	0),
(1151,	'Cajon 1043',	333,	3,	'2020-12-16 17:21:34',	'2020-12-20 10:27:12',	1,	1149,	NULL,	NULL,	NULL,	1043,	9,	0,	0),
(1152,	'Cajon 1043 (2)',	333,	3,	'2020-12-16 17:21:34',	'2020-12-18 03:40:32',	1,	1149,	NULL,	NULL,	NULL,	1043,	9,	0,	0),
(1153,	'Cajon 2043',	333,	3,	'2020-12-16 17:21:34',	'2020-12-16 17:30:20',	1,	1150,	NULL,	NULL,	NULL,	2043,	9,	0,	0),
(1154,	'Cajon 2043 (2)',	333,	3,	'2020-12-16 17:21:34',	'2020-12-16 17:22:19',	1,	1150,	NULL,	NULL,	NULL,	2043,	9,	0,	0),
(1155,	'1',	338,	9,	'2020-12-20 10:36:41',	'2020-12-20 10:36:41',	0,	NULL,	NULL,	NULL,	NULL,	NULL,	9,	0,	0),
(1156,	'Cajon 1031',	338,	1,	'2020-12-20 10:36:41',	'2020-12-20 10:36:41',	1,	1155,	NULL,	NULL,	NULL,	1031,	9,	0,	0),
(1157,	'Cajon 1031 (2)',	338,	1,	'2020-12-20 10:36:41',	'2020-12-20 10:36:41',	1,	1155,	NULL,	NULL,	NULL,	1031,	9,	0,	0),
(1158,	'Cajon 1033',	338,	1,	'2020-12-20 10:36:41',	'2020-12-20 10:36:41',	1,	1155,	NULL,	NULL,	NULL,	1033,	9,	0,	0),
(1159,	'Cajon 1033 (2)',	338,	1,	'2020-12-20 10:36:41',	'2020-12-20 10:36:41',	1,	1155,	NULL,	NULL,	NULL,	1033,	9,	0,	0),
(1160,	'Cajon 1035',	338,	1,	'2020-12-20 10:36:41',	'2020-12-20 10:36:41',	1,	1155,	NULL,	NULL,	NULL,	1035,	9,	0,	0),
(1161,	'Cajon 1035 (2)',	338,	1,	'2020-12-20 10:36:41',	'2020-12-20 10:36:41',	1,	1155,	NULL,	NULL,	NULL,	1035,	9,	0,	0),
(1162,	'Cajon 1037',	338,	1,	'2020-12-20 10:36:41',	'2020-12-20 10:36:41',	1,	1155,	NULL,	NULL,	NULL,	1037,	9,	0,	0),
(1163,	'Cajon 1037 (2)',	338,	1,	'2020-12-20 10:36:41',	'2020-12-20 10:36:41',	1,	1155,	NULL,	NULL,	NULL,	1037,	9,	0,	0),
(1164,	'1',	339,	9,	'2020-12-20 10:41:11',	'2020-12-20 10:41:11',	0,	NULL,	NULL,	NULL,	NULL,	NULL,	9,	0,	0),
(1165,	'Cajon 1031',	339,	1,	'2020-12-20 10:41:11',	'2020-12-20 10:41:11',	1,	1164,	NULL,	NULL,	NULL,	1031,	9,	0,	0),
(1166,	'Cajon 1031 (2)',	339,	1,	'2020-12-20 10:41:11',	'2020-12-20 10:41:11',	1,	1164,	NULL,	NULL,	NULL,	1031,	9,	0,	0),
(1167,	'Cajon 1033',	339,	3,	'2020-12-20 10:41:11',	'2020-12-22 14:51:01',	1,	1164,	NULL,	NULL,	NULL,	1033,	9,	0,	0),
(1168,	'Cajon 1033 (2)',	339,	3,	'2020-12-20 10:41:11',	'2020-12-22 14:50:59',	1,	1164,	NULL,	NULL,	NULL,	1033,	9,	0,	0),
(1169,	'Cajon 1035',	339,	3,	'2020-12-20 10:41:11',	'2020-12-22 14:38:09',	1,	1164,	NULL,	NULL,	NULL,	1035,	9,	0,	0),
(1170,	'Cajon 1035 (2)',	339,	3,	'2020-12-20 10:41:11',	'2020-12-22 14:38:09',	1,	1164,	NULL,	NULL,	NULL,	1035,	9,	0,	0),
(1171,	'Cajon 1037',	339,	3,	'2020-12-20 10:41:11',	'2020-12-22 14:38:08',	1,	1164,	NULL,	NULL,	NULL,	1037,	9,	0,	0),
(1172,	'Cajon 1037 (2)',	339,	3,	'2020-12-20 10:41:11',	'2020-12-22 14:38:08',	1,	1164,	NULL,	NULL,	NULL,	1037,	9,	0,	0),
(1181,	'1',	341,	3,	'2020-12-28 11:10:41',	'2020-12-28 13:27:51',	0,	NULL,	NULL,	NULL,	NULL,	NULL,	9,	0,	0),
(1182,	'2',	341,	3,	'2020-12-28 11:10:41',	'2020-12-28 13:27:49',	0,	NULL,	NULL,	NULL,	NULL,	NULL,	9,	0,	0),
(1183,	'3',	341,	3,	'2020-12-28 11:10:41',	'2020-12-28 13:27:42',	0,	NULL,	NULL,	NULL,	NULL,	NULL,	9,	0,	0),
(1184,	'4',	341,	3,	'2020-12-28 11:10:41',	'2020-12-28 11:18:05',	0,	NULL,	NULL,	NULL,	NULL,	NULL,	9,	0,	0),
(1185,	'Cajon 1017',	341,	1,	'2020-12-28 11:10:41',	'2020-12-28 11:10:41',	1,	1181,	NULL,	NULL,	NULL,	1017,	9,	0,	0),
(1186,	'Cajon 1017 (2)',	341,	1,	'2020-12-28 11:10:41',	'2020-12-28 11:10:41',	1,	1181,	NULL,	NULL,	NULL,	1017,	9,	0,	0),
(1187,	'Cajon 1016',	341,	3,	'2020-12-28 11:10:41',	'2020-12-28 11:17:43',	1,	1181,	NULL,	NULL,	NULL,	1016,	9,	0,	0),
(1188,	'Cajon 1016 (2)',	341,	3,	'2020-12-28 11:10:41',	'2020-12-28 11:17:41',	1,	1181,	NULL,	NULL,	NULL,	1016,	9,	0,	0),
(1189,	'1',	342,	7,	'2021-01-02 15:10:37',	'2022-06-30 17:55:39',	0,	NULL,	'Si',	NULL,	NULL,	NULL,	5,	1,	0),
(1198,	'1',	345,	1,	'2021-01-02 17:34:09',	'2021-03-18 05:28:54',	0,	NULL,	NULL,	NULL,	NULL,	NULL,	9,	0,	0),
(1199,	'1',	346,	9,	'2021-01-03 00:01:15',	'2021-01-03 00:01:15',	0,	NULL,	NULL,	NULL,	NULL,	NULL,	9,	0,	0),
(1200,	'1',	347,	9,	'2021-01-03 21:01:59',	'2021-03-28 16:37:00',	0,	NULL,	NULL,	NULL,	NULL,	NULL,	9,	0,	0),
(1201,	'1',	348,	9,	'2021-01-03 22:31:25',	'2021-01-03 22:31:25',	0,	NULL,	NULL,	NULL,	NULL,	NULL,	9,	0,	0),
(1202,	'1',	349,	9,	'2021-01-03 22:36:43',	'2021-01-03 22:36:43',	0,	NULL,	NULL,	NULL,	NULL,	NULL,	9,	0,	0),
(1203,	'1',	350,	9,	'2021-01-04 08:22:36',	'2021-01-04 08:22:36',	0,	NULL,	NULL,	NULL,	NULL,	NULL,	9,	0,	0),
(1204,	'1',	351,	9,	'2021-01-11 08:32:57',	'2021-01-11 08:32:57',	0,	NULL,	NULL,	NULL,	NULL,	NULL,	9,	0,	0),
(1205,	'Cajon 1043',	351,	1,	'2021-01-11 08:32:57',	'2021-01-11 08:32:57',	1,	1204,	NULL,	NULL,	NULL,	1043,	9,	0,	0),
(1206,	'Cajon 1043 (2)',	351,	1,	'2021-01-11 08:32:57',	'2021-01-11 08:32:57',	1,	1204,	NULL,	NULL,	NULL,	1043,	9,	0,	0),
(1207,	'Cajon 1045',	351,	1,	'2021-01-11 08:32:57',	'2021-01-11 08:32:57',	1,	1204,	NULL,	NULL,	NULL,	1045,	9,	0,	0),
(1208,	'Cajon 1045 (2)',	351,	1,	'2021-01-11 08:32:57',	'2021-01-11 08:32:57',	1,	1204,	NULL,	NULL,	NULL,	1045,	9,	0,	0),
(1209,	'Cajon 1047',	351,	1,	'2021-01-11 08:32:57',	'2021-01-11 08:32:57',	1,	1204,	NULL,	NULL,	NULL,	1047,	9,	0,	0),
(1210,	'Cajon 1047 (2)',	351,	1,	'2021-01-11 08:32:57',	'2021-01-11 08:32:57',	1,	1204,	NULL,	NULL,	NULL,	1047,	9,	0,	0),
(1211,	'1',	352,	9,	'2021-01-11 08:56:43',	'2021-01-11 08:56:43',	0,	NULL,	NULL,	NULL,	NULL,	NULL,	9,	0,	0),
(1212,	'Cajon 1043',	352,	1,	'2021-01-11 08:56:43',	'2021-01-11 08:56:43',	1,	1211,	NULL,	NULL,	NULL,	1043,	9,	0,	0),
(1213,	'Cajon 1043 (2)',	352,	1,	'2021-01-11 08:56:43',	'2021-01-11 08:56:43',	1,	1211,	NULL,	NULL,	NULL,	1043,	9,	0,	0),
(1214,	'Cajon 1045',	352,	1,	'2021-01-11 08:56:43',	'2021-01-11 08:56:43',	1,	1211,	NULL,	NULL,	NULL,	1045,	9,	0,	0),
(1215,	'Cajon 1045 (2)',	352,	1,	'2021-01-11 08:56:43',	'2021-01-11 08:56:43',	1,	1211,	NULL,	NULL,	NULL,	1045,	9,	0,	0),
(1216,	'Cajon 1047',	352,	1,	'2021-01-11 08:56:43',	'2021-01-11 08:56:43',	1,	1211,	NULL,	NULL,	NULL,	1047,	9,	0,	0),
(1217,	'Cajon 1047 (2)',	352,	1,	'2021-01-11 08:56:43',	'2021-01-11 08:56:43',	1,	1211,	NULL,	NULL,	NULL,	1047,	9,	0,	0),
(1218,	'1',	353,	9,	'2021-01-11 10:32:43',	'2021-01-11 10:32:43',	0,	NULL,	NULL,	NULL,	NULL,	NULL,	9,	0,	0),
(1219,	'Cajon 1043',	353,	1,	'2021-01-11 10:32:43',	'2021-01-11 10:32:43',	1,	1218,	NULL,	NULL,	NULL,	1043,	9,	0,	0),
(1220,	'Cajon 1043 (2)',	353,	1,	'2021-01-11 10:32:43',	'2021-01-11 10:32:43',	1,	1218,	NULL,	NULL,	NULL,	1043,	9,	0,	0),
(1221,	'Cajon 1045',	353,	1,	'2021-01-11 10:32:43',	'2021-01-11 10:32:43',	1,	1218,	NULL,	NULL,	NULL,	1045,	9,	0,	0),
(1222,	'Cajon 1045 (2)',	353,	1,	'2021-01-11 10:32:43',	'2021-01-11 10:32:43',	1,	1218,	NULL,	NULL,	NULL,	1045,	9,	0,	0),
(1223,	'Cajon 1047',	353,	1,	'2021-01-11 10:32:43',	'2021-01-11 10:32:43',	1,	1218,	NULL,	NULL,	NULL,	1047,	9,	0,	0),
(1224,	'Cajon 1047 (2)',	353,	1,	'2021-01-11 10:32:43',	'2021-01-11 10:32:43',	1,	1218,	NULL,	NULL,	NULL,	1047,	9,	0,	0),
(1225,	'1',	354,	9,	'2021-02-16 17:24:40',	'2021-02-16 17:24:40',	0,	NULL,	NULL,	NULL,	NULL,	NULL,	9,	0,	0),
(1226,	'2',	354,	9,	'2021-02-16 17:24:40',	'2021-02-16 17:24:40',	0,	NULL,	NULL,	NULL,	NULL,	NULL,	9,	0,	0),
(1227,	'3',	354,	9,	'2021-02-16 17:24:40',	'2021-02-16 17:24:40',	0,	NULL,	NULL,	NULL,	NULL,	NULL,	9,	0,	0),
(1228,	'1',	355,	9,	'2021-03-09 14:38:14',	'2021-03-09 14:38:14',	0,	NULL,	NULL,	NULL,	NULL,	NULL,	9,	0,	0),
(1229,	'2',	355,	9,	'2021-03-09 14:38:14',	'2021-03-09 14:38:14',	0,	NULL,	NULL,	NULL,	NULL,	NULL,	9,	0,	0),
(1230,	'3',	355,	9,	'2021-03-09 14:38:14',	'2021-03-09 14:38:14',	0,	NULL,	NULL,	NULL,	NULL,	NULL,	9,	0,	0),
(1231,	'4',	355,	9,	'2021-03-09 14:38:14',	'2021-03-09 14:38:14',	0,	NULL,	NULL,	NULL,	NULL,	NULL,	9,	0,	0),
(1232,	'Cajon 4034',	355,	1,	'2021-03-09 14:38:14',	'2021-03-09 14:38:14',	1,	1231,	NULL,	NULL,	NULL,	4034,	9,	0,	0),
(1233,	'Cajon 4034 (2)',	355,	1,	'2021-03-09 14:38:14',	'2021-03-09 14:38:14',	1,	1231,	NULL,	NULL,	NULL,	4034,	9,	0,	0),
(1234,	'Cajon 4036',	355,	1,	'2021-03-09 14:38:14',	'2021-03-09 14:38:14',	1,	1231,	NULL,	NULL,	NULL,	4036,	9,	0,	0),
(1235,	'Cajon 4036 (2)',	355,	1,	'2021-03-09 14:38:14',	'2021-03-09 14:38:14',	1,	1231,	NULL,	NULL,	NULL,	4036,	9,	0,	0),
(1236,	'Cajon 4038',	355,	1,	'2021-03-09 14:38:14',	'2021-03-09 14:38:14',	1,	1231,	NULL,	NULL,	NULL,	4038,	9,	0,	0),
(1237,	'Cajon 4038 (2)',	355,	1,	'2021-03-09 14:38:14',	'2021-03-09 14:38:14',	1,	1231,	NULL,	NULL,	NULL,	4038,	9,	0,	0),
(1238,	'Cajon 4040',	355,	1,	'2021-03-09 14:38:14',	'2021-03-09 14:38:14',	1,	1231,	NULL,	NULL,	NULL,	4040,	9,	0,	0),
(1239,	'Cajon 4040 (2)',	355,	1,	'2021-03-09 14:38:14',	'2021-03-09 14:38:14',	1,	1231,	NULL,	NULL,	NULL,	4040,	9,	0,	0),
(1240,	'Cajon 4042',	355,	1,	'2021-03-09 14:38:14',	'2021-03-09 14:38:14',	1,	1231,	NULL,	NULL,	NULL,	4042,	9,	0,	0),
(1241,	'Cajon 4042 (2)',	355,	1,	'2021-03-09 14:38:14',	'2021-03-09 14:38:14',	1,	1231,	NULL,	NULL,	NULL,	4042,	9,	0,	0),
(1242,	'Cajon 4044',	355,	1,	'2021-03-09 14:38:14',	'2021-03-09 14:38:14',	1,	1231,	NULL,	NULL,	NULL,	4044,	9,	0,	0),
(1243,	'Cajon 4044 (2)',	355,	1,	'2021-03-09 14:38:14',	'2021-03-09 14:38:14',	1,	1231,	NULL,	NULL,	NULL,	4044,	9,	0,	0),
(1244,	'Cajon 4045',	355,	1,	'2021-03-09 14:38:14',	'2021-03-09 14:38:14',	1,	1231,	NULL,	NULL,	NULL,	4045,	9,	0,	0),
(1245,	'Cajon 4045 (2)',	355,	1,	'2021-03-09 14:38:14',	'2021-03-09 14:38:14',	1,	1231,	NULL,	NULL,	NULL,	4045,	9,	0,	0),
(1246,	'Cajon 4047',	355,	1,	'2021-03-09 14:38:14',	'2021-03-09 14:38:14',	1,	1231,	NULL,	NULL,	NULL,	4047,	9,	0,	0),
(1247,	'Cajon 4047 (2)',	355,	1,	'2021-03-09 14:38:14',	'2021-03-09 14:38:14',	1,	1231,	NULL,	NULL,	NULL,	4047,	9,	0,	0),
(1248,	'Cajon 4049',	355,	1,	'2021-03-09 14:38:14',	'2021-03-09 14:38:14',	1,	1231,	NULL,	NULL,	NULL,	4049,	9,	0,	0),
(1249,	'Cajon 4049 (2)',	355,	1,	'2021-03-09 14:38:14',	'2021-03-09 14:38:14',	1,	1231,	NULL,	NULL,	NULL,	4049,	9,	0,	0),
(1250,	'Cajon 4051',	355,	1,	'2021-03-09 14:38:14',	'2021-03-09 14:38:14',	1,	1231,	NULL,	NULL,	NULL,	4051,	9,	0,	0),
(1251,	'Cajon 4051 (2)',	355,	1,	'2021-03-09 14:38:14',	'2021-03-09 14:38:14',	1,	1231,	NULL,	NULL,	NULL,	4051,	9,	0,	0),
(1252,	'Cajon 4053',	355,	1,	'2021-03-09 14:38:14',	'2021-03-09 14:38:14',	1,	1231,	NULL,	NULL,	NULL,	4053,	9,	0,	0),
(1253,	'Cajon 4053 (2)',	355,	1,	'2021-03-09 14:38:14',	'2021-03-09 14:38:14',	1,	1231,	NULL,	NULL,	NULL,	4053,	9,	0,	0),
(1254,	'Cajon 4055',	355,	1,	'2021-03-09 14:38:14',	'2021-03-09 14:38:14',	1,	1231,	NULL,	NULL,	NULL,	4055,	9,	0,	0),
(1255,	'Cajon 4055 (2)',	355,	1,	'2021-03-09 14:38:14',	'2021-03-09 14:38:14',	1,	1231,	NULL,	NULL,	NULL,	4055,	9,	0,	0),
(1256,	'1',	356,	9,	'2021-03-18 10:11:30',	'2021-03-18 10:11:30',	0,	NULL,	NULL,	NULL,	NULL,	NULL,	9,	0,	0),
(1257,	'Cajon 1039',	356,	1,	'2021-03-18 10:11:30',	'2021-03-18 10:11:30',	1,	1256,	NULL,	NULL,	NULL,	1039,	9,	0,	0),
(1258,	'Cajon 1039 (2)',	356,	1,	'2021-03-18 10:11:30',	'2021-03-18 10:11:30',	1,	1256,	NULL,	NULL,	NULL,	1039,	9,	0,	0),
(1259,	'Cajon 1041',	356,	1,	'2021-03-18 10:11:30',	'2021-03-18 10:11:30',	1,	1256,	NULL,	NULL,	NULL,	1041,	9,	0,	0),
(1260,	'Cajon 1041 (2)',	356,	1,	'2021-03-18 10:11:30',	'2021-03-18 10:11:30',	1,	1256,	NULL,	NULL,	NULL,	1041,	9,	0,	0),
(1261,	'Cajon 1043',	356,	1,	'2021-03-18 10:11:30',	'2021-03-18 10:11:30',	1,	1256,	NULL,	NULL,	NULL,	1043,	9,	0,	0),
(1262,	'Cajon 1043 (2)',	356,	1,	'2021-03-18 10:11:30',	'2021-03-18 10:11:30',	1,	1256,	NULL,	NULL,	NULL,	1043,	9,	0,	0),
(1263,	'Cajon 1045',	356,	1,	'2021-03-18 10:11:30',	'2021-03-18 10:11:30',	1,	1256,	NULL,	NULL,	NULL,	1045,	9,	0,	0),
(1264,	'Cajon 1045 (2)',	356,	1,	'2021-03-18 10:11:30',	'2021-03-18 10:11:30',	1,	1256,	NULL,	NULL,	NULL,	1045,	9,	0,	0),
(1265,	'Cajon 1047',	356,	1,	'2021-03-18 10:11:30',	'2021-03-18 10:11:30',	1,	1256,	NULL,	NULL,	NULL,	1047,	9,	0,	0),
(1266,	'Cajon 1047 (2)',	356,	1,	'2021-03-18 10:11:30',	'2021-03-18 10:11:30',	1,	1256,	NULL,	NULL,	NULL,	1047,	9,	0,	0),
(1267,	'Cajon 1049',	356,	1,	'2021-03-18 10:11:30',	'2021-03-18 10:11:30',	1,	1256,	NULL,	NULL,	NULL,	1049,	9,	0,	0),
(1268,	'Cajon 1049 (2)',	356,	1,	'2021-03-18 10:11:30',	'2021-03-18 10:11:30',	1,	1256,	NULL,	NULL,	NULL,	1049,	9,	0,	0),
(1269,	'1',	357,	9,	'2021-03-19 08:22:43',	'2021-03-19 08:22:43',	0,	NULL,	'Si',	NULL,	NULL,	NULL,	9,	0,	0),
(1270,	'2',	357,	3,	'2021-03-19 08:22:43',	'2021-03-19 08:26:58',	0,	NULL,	'Si',	NULL,	NULL,	NULL,	9,	0,	0),
(1271,	'1',	358,	9,	'2021-03-20 10:52:07',	'2021-03-20 10:52:07',	0,	NULL,	'Si',	NULL,	'torre',	NULL,	9,	0,	0),
(1272,	'1',	359,	9,	'2021-03-20 12:25:05',	'2021-03-20 12:25:05',	0,	NULL,	'Si',	NULL,	'ff',	NULL,	9,	0,	0),
(1273,	'Cajon 1007',	359,	1,	'2021-03-20 12:25:05',	'2021-03-20 12:25:05',	1,	1272,	NULL,	NULL,	NULL,	1007,	9,	0,	0),
(1274,	'Cajon 1007 (2)',	359,	1,	'2021-03-20 12:25:05',	'2021-03-20 12:25:05',	1,	1272,	NULL,	NULL,	NULL,	1007,	9,	0,	0),
(1275,	'Cajon 1009',	359,	1,	'2021-03-20 12:25:05',	'2021-03-20 12:25:05',	1,	1272,	NULL,	NULL,	NULL,	1009,	9,	0,	0),
(1276,	'Cajon 1009 (2)',	359,	1,	'2021-03-20 12:25:05',	'2021-03-20 12:25:05',	1,	1272,	NULL,	NULL,	NULL,	1009,	9,	0,	0),
(1277,	'Cajon 1011',	359,	1,	'2021-03-20 12:25:05',	'2021-03-20 12:25:05',	1,	1272,	NULL,	NULL,	NULL,	1011,	9,	0,	0),
(1278,	'Cajon 1011 (2)',	359,	1,	'2021-03-20 12:25:05',	'2021-03-20 12:25:05',	1,	1272,	NULL,	NULL,	NULL,	1011,	9,	0,	0),
(1279,	'Cajon 1013',	359,	1,	'2021-03-20 12:25:05',	'2021-03-20 12:25:05',	1,	1272,	NULL,	NULL,	NULL,	1013,	9,	0,	0),
(1280,	'Cajon 1013 (2)',	359,	1,	'2021-03-20 12:25:05',	'2021-03-20 12:25:05',	1,	1272,	NULL,	NULL,	NULL,	1013,	9,	0,	0),
(1290,	'1',	361,	9,	'2021-03-29 09:52:27',	'2021-03-29 09:52:27',	0,	NULL,	NULL,	NULL,	NULL,	NULL,	9,	0,	0),
(1291,	'Cajon 1041',	361,	1,	'2021-03-29 09:52:27',	'2021-03-29 09:52:27',	1,	1290,	NULL,	NULL,	NULL,	1041,	9,	0,	0),
(1292,	'Cajon 1041 (2)',	361,	1,	'2021-03-29 09:52:27',	'2021-03-29 09:52:27',	1,	1290,	NULL,	NULL,	NULL,	1041,	9,	0,	0),
(1293,	'Cajon 1043',	361,	1,	'2021-03-29 09:52:27',	'2021-03-29 09:52:27',	1,	1290,	NULL,	NULL,	NULL,	1043,	9,	0,	0),
(1294,	'Cajon 1043 (2)',	361,	1,	'2021-03-29 09:52:27',	'2021-03-29 09:52:27',	1,	1290,	NULL,	NULL,	NULL,	1043,	9,	0,	0),
(1295,	'Cajon 1045',	361,	1,	'2021-03-29 09:52:27',	'2021-03-29 09:52:27',	1,	1290,	NULL,	NULL,	NULL,	1045,	9,	0,	0),
(1296,	'Cajon 1045 (2)',	361,	1,	'2021-03-29 09:52:27',	'2021-03-29 09:52:27',	1,	1290,	NULL,	NULL,	NULL,	1045,	9,	0,	0),
(1297,	'Cajon 1047',	361,	1,	'2021-03-29 09:52:27',	'2021-03-29 09:52:27',	1,	1290,	NULL,	NULL,	NULL,	1047,	9,	0,	0),
(1298,	'Cajon 1047 (2)',	361,	1,	'2021-03-29 09:52:27',	'2021-03-29 09:52:27',	1,	1290,	NULL,	NULL,	NULL,	1047,	9,	0,	0),
(1299,	'1',	362,	3,	'2021-04-13 14:33:36',	'2021-04-23 08:48:56',	0,	NULL,	'No',	NULL,	'dfwf',	NULL,	9,	0,	0),
(1300,	'2',	362,	3,	'2021-04-13 14:33:36',	'2021-04-22 15:42:40',	0,	NULL,	'No',	NULL,	'dfwf',	NULL,	9,	0,	0),
(1301,	'Cajon 1041',	362,	1,	'2021-04-13 14:33:36',	'2021-04-13 14:33:36',	1,	1299,	NULL,	NULL,	NULL,	1041,	9,	0,	0),
(1302,	'Cajon 1041 (2)',	362,	1,	'2021-04-13 14:33:36',	'2021-04-13 14:33:36',	1,	1299,	NULL,	NULL,	NULL,	1041,	9,	0,	0),
(1303,	'Cajon 1043',	362,	1,	'2021-04-13 14:33:36',	'2021-04-13 14:33:36',	1,	1299,	NULL,	NULL,	NULL,	1043,	9,	0,	0),
(1304,	'Cajon 1043 (2)',	362,	1,	'2021-04-13 14:33:36',	'2021-04-13 14:33:36',	1,	1299,	NULL,	NULL,	NULL,	1043,	9,	0,	0),
(1305,	'Cajon 1045',	362,	1,	'2021-04-13 14:33:36',	'2021-04-13 14:33:36',	1,	1299,	NULL,	NULL,	NULL,	1045,	9,	0,	0),
(1306,	'Cajon 1045 (2)',	362,	1,	'2021-04-13 14:33:36',	'2021-04-13 14:33:36',	1,	1299,	NULL,	NULL,	NULL,	1045,	9,	0,	0),
(1307,	'Cajon 1047',	362,	1,	'2021-04-13 14:33:36',	'2021-04-13 14:33:36',	1,	1299,	NULL,	NULL,	NULL,	1047,	9,	0,	0),
(1308,	'Cajon 1047 (2)',	362,	3,	'2021-04-13 14:33:36',	'2021-04-23 09:10:37',	1,	1299,	NULL,	NULL,	NULL,	1047,	9,	0,	0),
(1309,	'Cajon 2041',	362,	3,	'2021-04-13 14:33:36',	'2021-04-23 09:10:37',	1,	1300,	NULL,	NULL,	NULL,	2041,	9,	0,	0),
(1310,	'Cajon 2041 (2)',	362,	3,	'2021-04-13 14:33:36',	'2021-04-23 09:10:37',	1,	1300,	NULL,	NULL,	NULL,	2041,	9,	0,	0),
(1311,	'Cajon 2043',	362,	3,	'2021-04-13 14:33:36',	'2021-04-23 09:10:36',	1,	1300,	NULL,	NULL,	NULL,	2043,	9,	0,	0),
(1312,	'Cajon 2043 (2)',	362,	3,	'2021-04-13 14:33:36',	'2021-04-23 09:10:36',	1,	1300,	NULL,	NULL,	NULL,	2043,	9,	0,	0),
(1313,	'Cajon 2045',	362,	3,	'2021-04-13 14:33:36',	'2021-04-23 08:48:33',	1,	1300,	NULL,	NULL,	NULL,	2045,	9,	0,	0),
(1314,	'Cajon 2045 (2)',	362,	3,	'2021-04-13 14:33:36',	'2021-04-23 08:48:32',	1,	1300,	NULL,	NULL,	NULL,	2045,	9,	0,	0),
(1315,	'Cajon 2047',	362,	3,	'2021-04-13 14:33:36',	'2021-04-23 08:48:31',	1,	1300,	NULL,	NULL,	NULL,	2047,	9,	0,	0),
(1316,	'Cajon 2047 (2)',	362,	3,	'2021-04-13 14:33:36',	'2021-04-23 08:48:31',	1,	1300,	NULL,	NULL,	NULL,	2047,	9,	0,	0),
(1317,	'1',	363,	9,	'2021-05-03 21:28:46',	'2021-05-03 21:28:46',	0,	NULL,	NULL,	NULL,	NULL,	NULL,	9,	0,	0),
(1318,	'1',	364,	3,	'2021-05-04 10:30:16',	'2021-05-04 10:37:39',	0,	NULL,	NULL,	NULL,	NULL,	NULL,	9,	0,	0),
(1319,	'2',	364,	9,	'2021-05-04 10:30:16',	'2021-05-04 10:30:16',	0,	NULL,	NULL,	NULL,	NULL,	NULL,	9,	0,	0),
(1320,	'1',	365,	3,	'2021-05-04 11:52:35',	'2021-05-04 11:55:36',	0,	NULL,	NULL,	NULL,	NULL,	NULL,	9,	0,	0),
(1321,	'2',	365,	9,	'2021-05-04 11:52:35',	'2021-05-04 11:52:35',	0,	NULL,	NULL,	NULL,	NULL,	NULL,	9,	0,	0),
(1322,	'1',	366,	9,	'2021-05-05 12:04:53',	'2021-05-05 12:04:53',	0,	NULL,	NULL,	NULL,	NULL,	NULL,	9,	0,	0),
(1323,	'2',	366,	9,	'2021-05-05 12:04:53',	'2021-05-05 12:04:53',	0,	NULL,	NULL,	NULL,	NULL,	NULL,	9,	0,	0),
(1324,	'1',	367,	3,	'2021-05-05 12:06:00',	'2021-05-05 12:09:18',	0,	NULL,	NULL,	NULL,	NULL,	NULL,	9,	0,	0),
(1325,	'2',	367,	3,	'2021-05-05 12:06:00',	'2021-05-05 12:09:19',	0,	NULL,	NULL,	NULL,	NULL,	NULL,	9,	0,	0),
(1326,	'1',	368,	9,	'2021-05-07 12:30:47',	'2021-05-07 12:30:47',	0,	NULL,	NULL,	NULL,	NULL,	NULL,	9,	0,	0),
(1327,	'2',	368,	9,	'2021-05-07 12:30:47',	'2021-05-07 12:30:47',	0,	NULL,	NULL,	NULL,	NULL,	NULL,	9,	0,	0),
(1328,	'1',	369,	9,	'2021-05-07 12:32:24',	'2021-05-07 12:32:24',	0,	NULL,	NULL,	NULL,	NULL,	NULL,	9,	0,	0),
(1329,	'2',	369,	9,	'2021-05-07 12:32:24',	'2021-05-07 12:32:24',	0,	NULL,	NULL,	NULL,	NULL,	NULL,	9,	0,	0),
(1330,	'1',	370,	9,	'2021-05-07 14:32:56',	'2021-05-07 14:32:56',	0,	NULL,	NULL,	NULL,	NULL,	NULL,	9,	0,	0),
(1331,	'2',	370,	9,	'2021-05-07 14:32:56',	'2021-05-07 14:32:56',	0,	NULL,	'Si',	NULL,	NULL,	NULL,	9,	0,	0),
(1332,	'1',	371,	9,	'2021-05-19 13:06:51',	'2021-05-19 13:06:51',	0,	NULL,	NULL,	NULL,	NULL,	NULL,	9,	0,	0),
(1333,	'1',	372,	9,	'2021-05-19 14:05:42',	'2021-05-19 14:05:42',	0,	NULL,	'Sí',	'd',	'd',	NULL,	9,	0,	0),
(1334,	'2',	372,	9,	'2021-05-19 14:05:42',	'2021-05-19 14:05:42',	0,	NULL,	NULL,	NULL,	NULL,	NULL,	9,	0,	0),
(1335,	'3',	372,	9,	'2021-05-19 14:05:42',	'2021-05-19 14:05:42',	0,	NULL,	NULL,	NULL,	NULL,	NULL,	9,	0,	0),
(1336,	'4',	372,	9,	'2021-05-19 14:05:42',	'2021-05-19 14:05:42',	0,	NULL,	NULL,	NULL,	NULL,	NULL,	9,	0,	0),
(1337,	'5',	372,	9,	'2021-05-19 14:05:42',	'2021-05-19 14:05:42',	0,	NULL,	NULL,	NULL,	NULL,	NULL,	9,	0,	0),
(1338,	'6',	372,	9,	'2021-05-19 14:05:42',	'2021-05-19 14:05:42',	0,	NULL,	NULL,	NULL,	NULL,	NULL,	9,	0,	0),
(1339,	'Cajon 2037',	372,	1,	'2021-05-19 14:05:42',	'2021-05-19 14:05:42',	1,	1334,	NULL,	NULL,	NULL,	2037,	9,	0,	0),
(1340,	'Cajon 2037 (2)',	372,	1,	'2021-05-19 14:05:42',	'2021-05-19 14:05:42',	1,	1334,	NULL,	NULL,	NULL,	2037,	9,	0,	0),
(1341,	'Cajon 2039',	372,	1,	'2021-05-19 14:05:42',	'2021-05-19 14:05:42',	1,	1334,	NULL,	NULL,	NULL,	2039,	9,	0,	0),
(1342,	'Cajon 2039 (2)',	372,	1,	'2021-05-19 14:05:42',	'2021-05-19 14:05:42',	1,	1334,	NULL,	NULL,	NULL,	2039,	9,	0,	0),
(1343,	'Cajon 2041',	372,	1,	'2021-05-19 14:05:42',	'2021-05-19 14:05:42',	1,	1334,	NULL,	NULL,	NULL,	2041,	9,	0,	0),
(1344,	'Cajon 2041 (2)',	372,	1,	'2021-05-19 14:05:42',	'2021-05-19 14:05:42',	1,	1334,	NULL,	NULL,	NULL,	2041,	9,	0,	0),
(1345,	'Cajon 2043',	372,	1,	'2021-05-19 14:05:42',	'2021-05-19 14:05:42',	1,	1334,	NULL,	NULL,	NULL,	2043,	9,	0,	0),
(1346,	'Cajon 2043 (2)',	372,	1,	'2021-05-19 14:05:42',	'2021-05-19 14:05:42',	1,	1334,	NULL,	NULL,	NULL,	2043,	9,	0,	0),
(1347,	'Cajon 2045',	372,	1,	'2021-05-19 14:05:42',	'2021-05-19 14:05:42',	1,	1334,	NULL,	NULL,	NULL,	2045,	9,	0,	0),
(1348,	'Cajon 2045 (2)',	372,	1,	'2021-05-19 14:05:42',	'2021-05-19 14:05:42',	1,	1334,	NULL,	NULL,	NULL,	2045,	9,	0,	0),
(1349,	'Cajon 2047',	372,	1,	'2021-05-19 14:05:42',	'2021-05-19 14:05:42',	1,	1334,	NULL,	NULL,	NULL,	2047,	9,	0,	0),
(1350,	'Cajon 2047 (2)',	372,	1,	'2021-05-19 14:05:42',	'2021-05-19 14:05:42',	1,	1334,	NULL,	NULL,	NULL,	2047,	9,	0,	0),
(1351,	'Cajon 2049',	372,	1,	'2021-05-19 14:05:42',	'2021-05-19 14:05:42',	1,	1334,	NULL,	NULL,	NULL,	2049,	9,	0,	0),
(1352,	'Cajon 2049 (2)',	372,	1,	'2021-05-19 14:05:42',	'2021-05-19 14:05:42',	1,	1334,	NULL,	NULL,	NULL,	2049,	9,	0,	0),
(1353,	'Cajon 2051',	372,	1,	'2021-05-19 14:05:42',	'2021-05-19 14:05:42',	1,	1334,	NULL,	NULL,	NULL,	2051,	9,	0,	0),
(1354,	'Cajon 2051 (2)',	372,	1,	'2021-05-19 14:05:42',	'2021-05-19 14:05:42',	1,	1334,	NULL,	NULL,	NULL,	2051,	9,	0,	0),
(1355,	'Cajon 3028',	372,	1,	'2021-05-19 14:05:42',	'2021-05-19 14:05:42',	1,	1335,	NULL,	NULL,	NULL,	3028,	9,	0,	0),
(1356,	'Cajon 3028 (2)',	372,	1,	'2021-05-19 14:05:42',	'2021-05-19 14:05:42',	1,	1335,	NULL,	NULL,	NULL,	3028,	9,	0,	0),
(1357,	'Cajon 3030',	372,	1,	'2021-05-19 14:05:42',	'2021-05-19 14:05:42',	1,	1335,	NULL,	NULL,	NULL,	3030,	9,	0,	0),
(1358,	'Cajon 3030 (2)',	372,	1,	'2021-05-19 14:05:42',	'2021-05-19 14:05:42',	1,	1335,	NULL,	NULL,	NULL,	3030,	9,	0,	0),
(1359,	'Cajon 3032',	372,	1,	'2021-05-19 14:05:42',	'2021-05-19 14:05:42',	1,	1335,	NULL,	NULL,	NULL,	3032,	9,	0,	0),
(1360,	'Cajon 3032 (2)',	372,	1,	'2021-05-19 14:05:42',	'2021-05-19 14:05:42',	1,	1335,	NULL,	NULL,	NULL,	3032,	9,	0,	0),
(1361,	'Cajon 3034',	372,	1,	'2021-05-19 14:05:42',	'2021-05-19 14:05:42',	1,	1335,	NULL,	NULL,	NULL,	3034,	9,	0,	0),
(1362,	'Cajon 3034 (2)',	372,	1,	'2021-05-19 14:05:42',	'2021-05-19 14:05:42',	1,	1335,	NULL,	NULL,	NULL,	3034,	9,	0,	0),
(1363,	'Cajon 4028',	372,	1,	'2021-05-19 14:05:42',	'2021-05-19 14:05:42',	1,	1336,	NULL,	NULL,	NULL,	4028,	9,	0,	0),
(1364,	'Cajon 4028 (2)',	372,	1,	'2021-05-19 14:05:42',	'2021-05-19 14:05:42',	1,	1336,	NULL,	NULL,	NULL,	4028,	9,	0,	0),
(1365,	'Cajon 4030',	372,	1,	'2021-05-19 14:05:42',	'2021-05-19 14:05:42',	1,	1336,	NULL,	NULL,	NULL,	4030,	9,	0,	0),
(1366,	'Cajon 4030 (2)',	372,	1,	'2021-05-19 14:05:42',	'2021-05-19 14:05:42',	1,	1336,	NULL,	NULL,	NULL,	4030,	9,	0,	0),
(1367,	'Cajon 4032',	372,	1,	'2021-05-19 14:05:42',	'2021-05-19 14:05:42',	1,	1336,	NULL,	NULL,	NULL,	4032,	9,	0,	0),
(1368,	'Cajon 4032 (2)',	372,	1,	'2021-05-19 14:05:42',	'2021-05-19 14:05:42',	1,	1336,	NULL,	NULL,	NULL,	4032,	9,	0,	0),
(1369,	'Cajon 4034',	372,	1,	'2021-05-19 14:05:42',	'2021-05-19 14:05:42',	1,	1336,	NULL,	NULL,	NULL,	4034,	9,	0,	0),
(1370,	'Cajon 4034 (2)',	372,	1,	'2021-05-19 14:05:42',	'2021-05-19 14:05:42',	1,	1336,	NULL,	NULL,	NULL,	4034,	9,	0,	0),
(1371,	'Cajon 5037',	372,	1,	'2021-05-19 14:05:42',	'2021-05-19 14:05:42',	1,	1337,	NULL,	NULL,	NULL,	5037,	9,	0,	0),
(1372,	'Cajon 5037 (2)',	372,	1,	'2021-05-19 14:05:42',	'2021-05-19 14:05:42',	1,	1337,	NULL,	NULL,	NULL,	5037,	9,	0,	0),
(1373,	'Cajon 5039',	372,	1,	'2021-05-19 14:05:42',	'2021-05-19 14:05:42',	1,	1337,	NULL,	NULL,	NULL,	5039,	9,	0,	0),
(1374,	'Cajon 5039 (2)',	372,	1,	'2021-05-19 14:05:42',	'2021-05-19 14:05:42',	1,	1337,	NULL,	NULL,	NULL,	5039,	9,	0,	0),
(1375,	'Cajon 5041',	372,	1,	'2021-05-19 14:05:42',	'2021-05-19 14:05:42',	1,	1337,	NULL,	NULL,	NULL,	5041,	9,	0,	0),
(1376,	'Cajon 5041 (2)',	372,	1,	'2021-05-19 14:05:42',	'2021-05-19 14:05:42',	1,	1337,	NULL,	NULL,	NULL,	5041,	9,	0,	0),
(1377,	'Cajon 5043',	372,	1,	'2021-05-19 14:05:42',	'2021-05-19 14:05:42',	1,	1337,	NULL,	NULL,	NULL,	5043,	9,	0,	0),
(1378,	'Cajon 5043 (2)',	372,	1,	'2021-05-19 14:05:42',	'2021-05-19 14:05:42',	1,	1337,	NULL,	NULL,	NULL,	5043,	9,	0,	0),
(1379,	'Cajon 5045',	372,	1,	'2021-05-19 14:05:42',	'2021-05-19 14:05:42',	1,	1337,	NULL,	NULL,	NULL,	5045,	9,	0,	0),
(1380,	'Cajon 5045 (2)',	372,	1,	'2021-05-19 14:05:42',	'2021-05-19 14:05:42',	1,	1337,	NULL,	NULL,	NULL,	5045,	9,	0,	0),
(1381,	'Cajon 5047',	372,	1,	'2021-05-19 14:05:42',	'2021-05-19 14:05:42',	1,	1337,	NULL,	NULL,	NULL,	5047,	9,	0,	0),
(1382,	'Cajon 5047 (2)',	372,	1,	'2021-05-19 14:05:42',	'2021-05-19 14:05:42',	1,	1337,	NULL,	NULL,	NULL,	5047,	9,	0,	0),
(1383,	'Cajon 5049',	372,	1,	'2021-05-19 14:05:42',	'2021-05-19 14:05:42',	1,	1337,	NULL,	NULL,	NULL,	5049,	9,	0,	0),
(1384,	'Cajon 5049 (2)',	372,	1,	'2021-05-19 14:05:42',	'2021-05-19 14:05:42',	1,	1337,	NULL,	NULL,	NULL,	5049,	9,	0,	0),
(1385,	'Cajon 5051',	372,	1,	'2021-05-19 14:05:42',	'2021-05-19 14:05:42',	1,	1337,	NULL,	NULL,	NULL,	5051,	9,	0,	0),
(1386,	'Cajon 5051 (2)',	372,	1,	'2021-05-19 14:05:42',	'2021-05-19 14:05:42',	1,	1337,	NULL,	NULL,	NULL,	5051,	9,	0,	0),
(1387,	'Cajon 6162',	372,	1,	'2021-05-19 14:05:42',	'2021-05-19 14:05:42',	1,	1338,	NULL,	NULL,	NULL,	6162,	9,	0,	0),
(1388,	'Cajon 6162 (2)',	372,	1,	'2021-05-19 14:05:42',	'2021-05-19 14:05:42',	1,	1338,	NULL,	NULL,	NULL,	6162,	9,	0,	0),
(1389,	'Cajon 6164',	372,	1,	'2021-05-19 14:05:42',	'2021-05-19 14:05:42',	1,	1338,	NULL,	NULL,	NULL,	6164,	9,	0,	0),
(1390,	'Cajon 6164 (2)',	372,	1,	'2021-05-19 14:05:42',	'2021-05-19 14:05:42',	1,	1338,	NULL,	NULL,	NULL,	6164,	9,	0,	0),
(1391,	'Cajon 6166',	372,	1,	'2021-05-19 14:05:42',	'2021-05-19 14:05:42',	1,	1338,	NULL,	NULL,	NULL,	6166,	9,	0,	0),
(1392,	'Cajon 6166 (2)',	372,	1,	'2021-05-19 14:05:42',	'2021-05-19 14:05:42',	1,	1338,	NULL,	NULL,	NULL,	6166,	9,	0,	0),
(1393,	'Cajon 6168',	372,	1,	'2021-05-19 14:05:42',	'2021-05-19 14:05:42',	1,	1338,	NULL,	NULL,	NULL,	6168,	9,	0,	0),
(1394,	'Cajon 6168 (2)',	372,	1,	'2021-05-19 14:05:42',	'2021-05-19 14:05:42',	1,	1338,	NULL,	NULL,	NULL,	6168,	9,	0,	0),
(1395,	'Cajon 6170',	372,	1,	'2021-05-19 14:05:42',	'2021-05-19 14:05:42',	1,	1338,	NULL,	NULL,	NULL,	6170,	9,	0,	0),
(1396,	'Cajon 6170 (2)',	372,	1,	'2021-05-19 14:05:42',	'2021-05-19 14:05:42',	1,	1338,	NULL,	NULL,	NULL,	6170,	9,	0,	0),
(1397,	'Cajon 6172',	372,	1,	'2021-05-19 14:05:42',	'2021-05-19 14:05:42',	1,	1338,	NULL,	NULL,	NULL,	6172,	9,	0,	0),
(1398,	'Cajon 6172 (2)',	372,	1,	'2021-05-19 14:05:42',	'2021-05-19 14:05:42',	1,	1338,	NULL,	NULL,	NULL,	6172,	9,	0,	0),
(1399,	'Cajon 6191',	372,	1,	'2021-05-19 14:05:42',	'2021-05-19 14:05:42',	1,	1338,	NULL,	NULL,	NULL,	6191,	9,	0,	0),
(1400,	'Cajon 6191 (2)',	372,	1,	'2021-05-19 14:05:42',	'2021-05-19 14:05:42',	1,	1338,	NULL,	NULL,	NULL,	6191,	9,	0,	0),
(1401,	'Cajon 6193',	372,	1,	'2021-05-19 14:05:42',	'2021-05-19 14:05:42',	1,	1338,	NULL,	NULL,	NULL,	6193,	9,	0,	0),
(1402,	'Cajon 6193 (2)',	372,	1,	'2021-05-19 14:05:42',	'2021-05-19 14:05:42',	1,	1338,	NULL,	NULL,	NULL,	6193,	9,	0,	0),
(1403,	'Cajon 6195',	372,	1,	'2021-05-19 14:05:42',	'2021-05-19 14:05:42',	1,	1338,	NULL,	NULL,	NULL,	6195,	9,	0,	0),
(1404,	'Cajon 6195 (2)',	372,	1,	'2021-05-19 14:05:42',	'2021-05-19 14:05:42',	1,	1338,	NULL,	NULL,	NULL,	6195,	9,	0,	0),
(1405,	'Cajon 6197',	372,	1,	'2021-05-19 14:05:42',	'2021-05-19 14:05:42',	1,	1338,	NULL,	NULL,	NULL,	6197,	9,	0,	0),
(1406,	'Cajon 6197 (2)',	372,	1,	'2021-05-19 14:05:42',	'2021-05-19 14:05:42',	1,	1338,	NULL,	NULL,	NULL,	6197,	9,	0,	0),
(1407,	'Cajon 6184',	372,	1,	'2021-05-19 14:05:42',	'2021-05-19 14:05:42',	1,	1338,	NULL,	NULL,	NULL,	6184,	9,	0,	0),
(1408,	'Cajon 6184 (2)',	372,	1,	'2021-05-19 14:05:42',	'2021-05-19 14:05:42',	1,	1338,	NULL,	NULL,	NULL,	6184,	9,	0,	0),
(1409,	'Cajon 6186',	372,	1,	'2021-05-19 14:05:42',	'2021-05-19 14:05:42',	1,	1338,	NULL,	NULL,	NULL,	6186,	9,	0,	0),
(1410,	'Cajon 6186 (2)',	372,	1,	'2021-05-19 14:05:42',	'2021-05-19 14:05:42',	1,	1338,	NULL,	NULL,	NULL,	6186,	9,	0,	0),
(1411,	'Cajon 6188',	372,	1,	'2021-05-19 14:05:42',	'2021-05-19 14:05:42',	1,	1338,	NULL,	NULL,	NULL,	6188,	9,	0,	0),
(1412,	'Cajon 6188 (2)',	372,	1,	'2021-05-19 14:05:42',	'2021-05-19 14:05:42',	1,	1338,	NULL,	NULL,	NULL,	6188,	9,	0,	0),
(1413,	'Cajon 6190',	372,	1,	'2021-05-19 14:05:42',	'2021-05-19 14:05:42',	1,	1338,	NULL,	NULL,	NULL,	6190,	9,	0,	0),
(1414,	'Cajon 6190 (2)',	372,	1,	'2021-05-19 14:05:42',	'2021-05-19 14:05:42',	1,	1338,	NULL,	NULL,	NULL,	6190,	9,	0,	0),
(1415,	'Cajon 6173',	372,	1,	'2021-05-19 14:05:42',	'2021-05-19 14:05:42',	1,	1338,	NULL,	NULL,	NULL,	6173,	9,	0,	0),
(1416,	'Cajon 6173 (2)',	372,	1,	'2021-05-19 14:05:42',	'2021-05-19 14:05:42',	1,	1338,	NULL,	NULL,	NULL,	6173,	9,	0,	0),
(1417,	'Cajon 6175',	372,	1,	'2021-05-19 14:05:42',	'2021-05-19 14:05:42',	1,	1338,	NULL,	NULL,	NULL,	6175,	9,	0,	0),
(1418,	'Cajon 6175 (2)',	372,	1,	'2021-05-19 14:05:42',	'2021-05-19 14:05:42',	1,	1338,	NULL,	NULL,	NULL,	6175,	9,	0,	0),
(1419,	'Cajon 6177',	372,	1,	'2021-05-19 14:05:42',	'2021-05-19 14:05:42',	1,	1338,	NULL,	NULL,	NULL,	6177,	9,	0,	0),
(1420,	'Cajon 6177 (2)',	372,	1,	'2021-05-19 14:05:42',	'2021-05-19 14:05:42',	1,	1338,	NULL,	NULL,	NULL,	6177,	9,	0,	0),
(1421,	'Cajon 6179',	372,	1,	'2021-05-19 14:05:42',	'2021-05-19 14:05:42',	1,	1338,	NULL,	NULL,	NULL,	6179,	9,	0,	0),
(1422,	'Cajon 6179 (2)',	372,	1,	'2021-05-19 14:05:42',	'2021-05-19 14:05:42',	1,	1338,	NULL,	NULL,	NULL,	6179,	9,	0,	0),
(1423,	'Cajon 6181',	372,	1,	'2021-05-19 14:05:42',	'2021-05-19 14:05:42',	1,	1338,	NULL,	NULL,	NULL,	6181,	9,	0,	0),
(1424,	'Cajon 6181 (2)',	372,	1,	'2021-05-19 14:05:42',	'2021-05-19 14:05:42',	1,	1338,	NULL,	NULL,	NULL,	6181,	9,	0,	0),
(1425,	'Cajon 6183',	372,	1,	'2021-05-19 14:05:42',	'2021-05-19 14:05:42',	1,	1338,	NULL,	NULL,	NULL,	6183,	9,	0,	0),
(1426,	'Cajon 6183 (2)',	372,	1,	'2021-05-19 14:05:42',	'2021-05-19 14:05:42',	1,	1338,	NULL,	NULL,	NULL,	6183,	9,	0,	0),
(1427,	'1',	373,	9,	'2021-05-21 20:48:15',	'2021-05-21 20:48:15',	0,	NULL,	NULL,	NULL,	NULL,	NULL,	9,	0,	0),
(1428,	'Cajon 1046',	373,	1,	'2021-05-21 20:48:15',	'2021-05-21 20:48:15',	1,	1427,	NULL,	NULL,	NULL,	1046,	9,	0,	0),
(1429,	'Cajon 1046 (2)',	373,	1,	'2021-05-21 20:48:15',	'2021-05-21 20:48:15',	1,	1427,	NULL,	NULL,	NULL,	1046,	9,	0,	0),
(1430,	'Cajon 1048',	373,	1,	'2021-05-21 20:48:15',	'2021-05-21 20:48:15',	1,	1427,	NULL,	NULL,	NULL,	1048,	9,	0,	0),
(1431,	'Cajon 1048 (2)',	373,	1,	'2021-05-21 20:48:15',	'2021-05-21 20:48:15',	1,	1427,	NULL,	NULL,	NULL,	1048,	9,	0,	0),
(1432,	'Cajon 1050',	373,	1,	'2021-05-21 20:48:15',	'2021-05-21 20:48:15',	1,	1427,	NULL,	NULL,	NULL,	1050,	9,	0,	0),
(1433,	'Cajon 1050 (2)',	373,	1,	'2021-05-21 20:48:15',	'2021-05-21 20:48:15',	1,	1427,	NULL,	NULL,	NULL,	1050,	9,	0,	0),
(1504,	'1',	376,	9,	'2021-05-22 22:35:49',	'2021-05-22 22:35:49',	0,	NULL,	NULL,	NULL,	NULL,	NULL,	9,	0,	0),
(1505,	'2',	376,	9,	'2021-05-22 22:35:49',	'2021-05-22 22:35:49',	0,	NULL,	NULL,	NULL,	NULL,	NULL,	9,	0,	0),
(1506,	'3',	376,	9,	'2021-05-22 22:35:49',	'2021-05-22 22:35:49',	0,	NULL,	NULL,	'sfadsdf',	'fsdfsd',	NULL,	9,	0,	0),
(1507,	'Cajon 1034',	376,	1,	'2021-05-22 22:35:49',	'2021-05-22 22:35:49',	1,	1504,	NULL,	NULL,	NULL,	1034,	9,	0,	0),
(1508,	'Cajon 1034 (2)',	376,	1,	'2021-05-22 22:35:49',	'2021-05-22 22:35:49',	1,	1504,	NULL,	NULL,	NULL,	1034,	9,	0,	0),
(1509,	'Cajon 1036',	376,	1,	'2021-05-22 22:35:49',	'2021-05-22 22:35:49',	1,	1504,	NULL,	NULL,	NULL,	1036,	9,	0,	0),
(1510,	'Cajon 1036 (2)',	376,	1,	'2021-05-22 22:35:49',	'2021-05-22 22:35:49',	1,	1504,	NULL,	NULL,	NULL,	1036,	9,	0,	0),
(1511,	'Cajon 1038',	376,	1,	'2021-05-22 22:35:49',	'2021-05-22 22:35:49',	1,	1504,	NULL,	NULL,	NULL,	1038,	9,	0,	0),
(1512,	'Cajon 1038 (2)',	376,	1,	'2021-05-22 22:35:49',	'2021-05-22 22:35:49',	1,	1504,	NULL,	NULL,	NULL,	1038,	9,	0,	0),
(1513,	'Cajon 1040',	376,	1,	'2021-05-22 22:35:49',	'2021-05-22 22:35:49',	1,	1504,	NULL,	NULL,	NULL,	1040,	9,	0,	0),
(1514,	'Cajon 1040 (2)',	376,	1,	'2021-05-22 22:35:49',	'2021-05-22 22:35:49',	1,	1504,	NULL,	NULL,	NULL,	1040,	9,	0,	0),
(1515,	'Cajon 1042',	376,	1,	'2021-05-22 22:35:49',	'2021-05-22 22:35:49',	1,	1504,	NULL,	NULL,	NULL,	1042,	9,	0,	0),
(1516,	'Cajon 1042 (2)',	376,	1,	'2021-05-22 22:35:49',	'2021-05-22 22:35:49',	1,	1504,	NULL,	NULL,	NULL,	1042,	9,	0,	0),
(1517,	'Cajon 1044',	376,	1,	'2021-05-22 22:35:49',	'2021-05-22 22:35:49',	1,	1504,	NULL,	NULL,	NULL,	1044,	9,	0,	0),
(1518,	'Cajon 1044 (2)',	376,	1,	'2021-05-22 22:35:49',	'2021-05-22 22:35:49',	1,	1504,	NULL,	NULL,	NULL,	1044,	9,	0,	0),
(1519,	'Cajon 1045',	376,	1,	'2021-05-22 22:35:49',	'2021-05-22 22:35:49',	1,	1504,	NULL,	NULL,	NULL,	1045,	9,	0,	0),
(1520,	'Cajon 1045 (2)',	376,	1,	'2021-05-22 22:35:49',	'2021-05-22 22:35:49',	1,	1504,	NULL,	NULL,	NULL,	1045,	9,	0,	0),
(1521,	'Cajon 1047',	376,	1,	'2021-05-22 22:35:49',	'2021-05-22 22:35:49',	1,	1504,	NULL,	NULL,	NULL,	1047,	9,	0,	0),
(1522,	'Cajon 1047 (2)',	376,	1,	'2021-05-22 22:35:49',	'2021-05-22 22:35:49',	1,	1504,	NULL,	NULL,	NULL,	1047,	9,	0,	0),
(1523,	'Cajon 1049',	376,	1,	'2021-05-22 22:35:49',	'2021-05-22 22:35:49',	1,	1504,	NULL,	NULL,	NULL,	1049,	9,	0,	0),
(1524,	'Cajon 1049 (2)',	376,	1,	'2021-05-22 22:35:49',	'2021-05-22 22:35:49',	1,	1504,	NULL,	NULL,	NULL,	1049,	9,	0,	0),
(1525,	'Cajon 1051',	376,	1,	'2021-05-22 22:35:49',	'2021-05-22 22:35:49',	1,	1504,	NULL,	NULL,	NULL,	1051,	9,	0,	0),
(1526,	'Cajon 1051 (2)',	376,	1,	'2021-05-22 22:35:49',	'2021-05-22 22:35:49',	1,	1504,	NULL,	NULL,	NULL,	1051,	9,	0,	0),
(1527,	'Cajon 1053',	376,	1,	'2021-05-22 22:35:49',	'2021-05-22 22:35:49',	1,	1504,	NULL,	NULL,	NULL,	1053,	9,	0,	0),
(1528,	'Cajon 1053 (2)',	376,	1,	'2021-05-22 22:35:49',	'2021-05-22 22:35:49',	1,	1504,	NULL,	NULL,	NULL,	1053,	9,	0,	0),
(1529,	'Cajon 1055',	376,	1,	'2021-05-22 22:35:49',	'2021-05-22 22:35:49',	1,	1504,	NULL,	NULL,	NULL,	1055,	9,	0,	0),
(1530,	'Cajon 1055 (2)',	376,	1,	'2021-05-22 22:35:49',	'2021-05-22 22:35:49',	1,	1504,	NULL,	NULL,	NULL,	1055,	9,	0,	0),
(1531,	'Cajon 3041',	376,	1,	'2021-05-22 22:35:49',	'2021-05-22 22:35:49',	1,	1506,	NULL,	NULL,	NULL,	3041,	9,	0,	0),
(1532,	'Cajon 3041 (2)',	376,	1,	'2021-05-22 22:35:49',	'2021-05-22 22:35:49',	1,	1506,	NULL,	NULL,	NULL,	3041,	9,	0,	0),
(1533,	'Cajon 3043',	376,	1,	'2021-05-22 22:35:49',	'2021-05-22 22:35:49',	1,	1506,	NULL,	NULL,	NULL,	3043,	9,	0,	0),
(1534,	'Cajon 3043 (2)',	376,	1,	'2021-05-22 22:35:49',	'2021-05-22 22:35:49',	1,	1506,	NULL,	NULL,	NULL,	3043,	9,	0,	0),
(1535,	'Cajon 3045',	376,	1,	'2021-05-22 22:35:49',	'2021-05-22 22:35:49',	1,	1506,	NULL,	NULL,	NULL,	3045,	9,	0,	0),
(1536,	'Cajon 3045 (2)',	376,	1,	'2021-05-22 22:35:49',	'2021-05-22 22:35:49',	1,	1506,	NULL,	NULL,	NULL,	3045,	9,	0,	0),
(1537,	'Cajon 3047',	376,	1,	'2021-05-22 22:35:49',	'2021-05-22 22:35:49',	1,	1506,	NULL,	NULL,	NULL,	3047,	9,	0,	0),
(1538,	'Cajon 3047 (2)',	376,	1,	'2021-05-22 22:35:49',	'2021-05-22 22:35:49',	1,	1506,	NULL,	NULL,	NULL,	3047,	9,	0,	0),
(1539,	'1',	377,	9,	'2021-05-23 15:06:25',	'2021-05-23 15:06:25',	0,	NULL,	NULL,	NULL,	NULL,	NULL,	9,	0,	0),
(1540,	'2',	377,	9,	'2021-05-23 15:06:25',	'2021-05-23 15:06:25',	0,	NULL,	NULL,	NULL,	NULL,	NULL,	9,	0,	0),
(1541,	'3',	377,	9,	'2021-05-23 15:06:25',	'2021-05-23 15:06:25',	0,	NULL,	NULL,	NULL,	NULL,	NULL,	9,	0,	0),
(1542,	'4',	377,	3,	'2021-05-23 15:06:25',	'2021-05-25 20:43:37',	0,	NULL,	NULL,	NULL,	NULL,	NULL,	9,	0,	0),
(1543,	'Cajon 2028',	377,	1,	'2021-05-23 15:06:25',	'2021-05-23 15:06:25',	1,	1540,	NULL,	NULL,	NULL,	2028,	9,	0,	0),
(1544,	'Cajon 2028 (2)',	377,	1,	'2021-05-23 15:06:25',	'2021-05-23 15:06:25',	1,	1540,	NULL,	NULL,	NULL,	2028,	9,	0,	0),
(1545,	'Cajon 2030',	377,	1,	'2021-05-23 15:06:25',	'2021-05-23 15:06:25',	1,	1540,	NULL,	NULL,	NULL,	2030,	9,	0,	0),
(1546,	'Cajon 2030 (2)',	377,	1,	'2021-05-23 15:06:25',	'2021-05-23 15:06:25',	1,	1540,	NULL,	NULL,	NULL,	2030,	9,	0,	0),
(1547,	'Cajon 2032',	377,	1,	'2021-05-23 15:06:25',	'2021-05-23 15:06:25',	1,	1540,	NULL,	NULL,	NULL,	2032,	9,	0,	0),
(1548,	'Cajon 2032 (2)',	377,	1,	'2021-05-23 15:06:25',	'2021-05-23 15:06:25',	1,	1540,	NULL,	NULL,	NULL,	2032,	9,	0,	0),
(1549,	'Cajon 2034',	377,	1,	'2021-05-23 15:06:25',	'2021-05-23 15:06:25',	1,	1540,	NULL,	NULL,	NULL,	2034,	9,	0,	0),
(1550,	'Cajon 2034 (2)',	377,	1,	'2021-05-23 15:06:25',	'2021-05-23 15:06:25',	1,	1540,	NULL,	NULL,	NULL,	2034,	9,	0,	0),
(1551,	'Cajon 3028',	377,	1,	'2021-05-23 15:06:25',	'2021-05-23 15:06:25',	1,	1541,	NULL,	NULL,	NULL,	3028,	9,	0,	0),
(1552,	'Cajon 3028 (2)',	377,	1,	'2021-05-23 15:06:25',	'2021-05-23 15:06:25',	1,	1541,	NULL,	NULL,	NULL,	3028,	9,	0,	0),
(1553,	'Cajon 3030',	377,	1,	'2021-05-23 15:06:25',	'2021-05-23 15:06:25',	1,	1541,	NULL,	NULL,	NULL,	3030,	9,	0,	0),
(1554,	'Cajon 3030 (2)',	377,	1,	'2021-05-23 15:06:25',	'2021-05-23 15:06:25',	1,	1541,	NULL,	NULL,	NULL,	3030,	9,	0,	0),
(1555,	'Cajon 3032',	377,	1,	'2021-05-23 15:06:25',	'2021-05-23 15:06:25',	1,	1541,	NULL,	NULL,	NULL,	3032,	9,	0,	0),
(1556,	'Cajon 3032 (2)',	377,	1,	'2021-05-23 15:06:25',	'2021-05-23 15:06:25',	1,	1541,	NULL,	NULL,	NULL,	3032,	9,	0,	0),
(1557,	'Cajon 3034',	377,	1,	'2021-05-23 15:06:25',	'2021-05-23 15:06:25',	1,	1541,	NULL,	NULL,	NULL,	3034,	9,	0,	0),
(1558,	'Cajon 3034 (2)',	377,	1,	'2021-05-23 15:06:25',	'2021-05-23 15:06:25',	1,	1541,	NULL,	NULL,	NULL,	3034,	9,	0,	0),
(1559,	'Cajon 4067',	377,	1,	'2021-05-23 15:06:25',	'2021-05-23 15:06:25',	1,	1542,	NULL,	NULL,	NULL,	4067,	9,	0,	0),
(1560,	'Cajon 4067 (2)',	377,	1,	'2021-05-23 15:06:25',	'2021-05-23 15:06:25',	1,	1542,	NULL,	NULL,	NULL,	4067,	9,	0,	0),
(1561,	'Cajon 4069',	377,	1,	'2021-05-23 15:06:25',	'2021-05-23 15:06:25',	1,	1542,	NULL,	NULL,	NULL,	4069,	9,	0,	0),
(1562,	'Cajon 4069 (2)',	377,	1,	'2021-05-23 15:06:25',	'2021-05-23 15:06:25',	1,	1542,	NULL,	NULL,	NULL,	4069,	9,	0,	0),
(1563,	'Cajon 4071',	377,	1,	'2021-05-23 15:06:25',	'2021-05-23 15:06:25',	1,	1542,	NULL,	NULL,	NULL,	4071,	9,	0,	0),
(1564,	'Cajon 4071 (2)',	377,	1,	'2021-05-23 15:06:25',	'2021-05-23 15:06:25',	1,	1542,	NULL,	NULL,	NULL,	4071,	9,	0,	0),
(1565,	'Cajon 4073',	377,	1,	'2021-05-23 15:06:25',	'2021-05-23 15:06:25',	1,	1542,	NULL,	NULL,	NULL,	4073,	9,	0,	0),
(1566,	'Cajon 4073 (2)',	377,	1,	'2021-05-23 15:06:25',	'2021-05-23 15:06:25',	1,	1542,	NULL,	NULL,	NULL,	4073,	9,	0,	0),
(1567,	'Cajon 4060',	377,	1,	'2021-05-23 15:06:25',	'2021-05-23 15:06:25',	1,	1542,	NULL,	NULL,	NULL,	4060,	9,	0,	0),
(1568,	'Cajon 4060 (2)',	377,	1,	'2021-05-23 15:06:25',	'2021-05-23 15:06:25',	1,	1542,	NULL,	NULL,	NULL,	4060,	9,	0,	0),
(1569,	'Cajon 4062',	377,	1,	'2021-05-23 15:06:25',	'2021-05-23 15:06:25',	1,	1542,	NULL,	NULL,	NULL,	4062,	9,	0,	0),
(1570,	'Cajon 4062 (2)',	377,	1,	'2021-05-23 15:06:25',	'2021-05-23 15:06:25',	1,	1542,	NULL,	NULL,	NULL,	4062,	9,	0,	0),
(1571,	'Cajon 4064',	377,	1,	'2021-05-23 15:06:25',	'2021-05-23 15:06:25',	1,	1542,	NULL,	NULL,	NULL,	4064,	9,	0,	0),
(1572,	'Cajon 4064 (2)',	377,	1,	'2021-05-23 15:06:25',	'2021-05-23 15:06:25',	1,	1542,	NULL,	NULL,	NULL,	4064,	9,	0,	0),
(1573,	'Cajon 4066',	377,	1,	'2021-05-23 15:06:25',	'2021-05-23 15:06:25',	1,	1542,	NULL,	NULL,	NULL,	4066,	9,	0,	0),
(1574,	'Cajon 4066 (2)',	377,	1,	'2021-05-23 15:06:25',	'2021-05-23 15:06:25',	1,	1542,	NULL,	NULL,	NULL,	4066,	9,	0,	0),
(1575,	'1',	378,	9,	'2021-06-01 18:38:12',	'2021-06-01 18:38:12',	0,	NULL,	NULL,	NULL,	NULL,	NULL,	9,	0,	0),
(1576,	'1',	379,	9,	'2021-06-02 09:56:29',	'2021-06-02 09:56:29',	0,	NULL,	NULL,	'eargstghehr',	'egrtshh',	NULL,	9,	0,	0),
(1577,	'2',	379,	9,	'2021-06-02 09:56:29',	'2021-06-02 09:56:29',	0,	NULL,	NULL,	NULL,	NULL,	NULL,	9,	0,	0),
(1578,	'3',	379,	9,	'2021-06-02 09:56:29',	'2021-06-02 09:56:29',	0,	NULL,	NULL,	NULL,	NULL,	NULL,	9,	0,	0),
(1579,	'Cajon 2067',	379,	1,	'2021-06-02 09:56:29',	'2021-06-02 09:56:29',	1,	1577,	NULL,	NULL,	NULL,	2067,	9,	0,	0),
(1580,	'Cajon 2067 (2)',	379,	1,	'2021-06-02 09:56:29',	'2021-06-02 09:56:29',	1,	1577,	NULL,	NULL,	NULL,	2067,	9,	0,	0),
(1581,	'Cajon 2069',	379,	1,	'2021-06-02 09:56:29',	'2021-06-02 09:56:29',	1,	1577,	NULL,	NULL,	NULL,	2069,	9,	0,	0),
(1582,	'Cajon 2069 (2)',	379,	1,	'2021-06-02 09:56:29',	'2021-06-02 09:56:29',	1,	1577,	NULL,	NULL,	NULL,	2069,	9,	0,	0),
(1583,	'Cajon 2071',	379,	1,	'2021-06-02 09:56:29',	'2021-06-02 09:56:29',	1,	1577,	NULL,	NULL,	NULL,	2071,	9,	0,	0),
(1584,	'Cajon 2071 (2)',	379,	1,	'2021-06-02 09:56:29',	'2021-06-02 09:56:29',	1,	1577,	NULL,	NULL,	NULL,	2071,	9,	0,	0),
(1585,	'Cajon 2073',	379,	1,	'2021-06-02 09:56:29',	'2021-06-02 09:56:29',	1,	1577,	NULL,	NULL,	NULL,	2073,	9,	0,	0),
(1586,	'Cajon 2073 (2)',	379,	1,	'2021-06-02 09:56:29',	'2021-06-02 09:56:29',	1,	1577,	NULL,	NULL,	NULL,	2073,	9,	0,	0),
(1587,	'Cajon 2060',	379,	1,	'2021-06-02 09:56:29',	'2021-06-02 09:56:29',	1,	1577,	NULL,	NULL,	NULL,	2060,	9,	0,	0),
(1588,	'Cajon 2060 (2)',	379,	1,	'2021-06-02 09:56:29',	'2021-06-02 09:56:29',	1,	1577,	NULL,	NULL,	NULL,	2060,	9,	0,	0),
(1589,	'Cajon 2062',	379,	1,	'2021-06-02 09:56:29',	'2021-06-02 09:56:29',	1,	1577,	NULL,	NULL,	NULL,	2062,	9,	0,	0),
(1590,	'Cajon 2062 (2)',	379,	1,	'2021-06-02 09:56:29',	'2021-06-02 09:56:29',	1,	1577,	NULL,	NULL,	NULL,	2062,	9,	0,	0),
(1591,	'Cajon 2064',	379,	1,	'2021-06-02 09:56:29',	'2021-06-02 09:56:29',	1,	1577,	NULL,	NULL,	NULL,	2064,	9,	0,	0),
(1592,	'Cajon 2064 (2)',	379,	1,	'2021-06-02 09:56:29',	'2021-06-02 09:56:29',	1,	1577,	NULL,	NULL,	NULL,	2064,	9,	0,	0),
(1593,	'Cajon 2066',	379,	1,	'2021-06-02 09:56:29',	'2021-06-02 09:56:29',	1,	1577,	NULL,	NULL,	NULL,	2066,	9,	0,	0),
(1594,	'Cajon 2066 (2)',	379,	1,	'2021-06-02 09:56:29',	'2021-06-02 09:56:29',	1,	1577,	NULL,	NULL,	NULL,	2066,	9,	0,	0),
(1595,	'Cajon 3028',	379,	1,	'2021-06-02 09:56:29',	'2021-06-02 09:56:29',	1,	1578,	NULL,	NULL,	NULL,	3028,	9,	0,	0),
(1596,	'Cajon 3028 (2)',	379,	1,	'2021-06-02 09:56:29',	'2021-06-02 09:56:29',	1,	1578,	NULL,	NULL,	NULL,	3028,	9,	0,	0),
(1597,	'Cajon 3030',	379,	1,	'2021-06-02 09:56:29',	'2021-06-02 09:56:29',	1,	1578,	NULL,	NULL,	NULL,	3030,	9,	0,	0),
(1598,	'Cajon 3030 (2)',	379,	1,	'2021-06-02 09:56:29',	'2021-06-02 09:56:29',	1,	1578,	NULL,	NULL,	NULL,	3030,	9,	0,	0),
(1599,	'Cajon 3032',	379,	1,	'2021-06-02 09:56:29',	'2021-06-02 09:56:29',	1,	1578,	NULL,	NULL,	NULL,	3032,	9,	0,	0),
(1600,	'Cajon 3032 (2)',	379,	1,	'2021-06-02 09:56:29',	'2021-06-02 09:56:29',	1,	1578,	NULL,	NULL,	NULL,	3032,	9,	0,	0),
(1601,	'Cajon 3034',	379,	1,	'2021-06-02 09:56:29',	'2021-06-02 09:56:29',	1,	1578,	NULL,	NULL,	NULL,	3034,	9,	0,	0),
(1602,	'Cajon 3034 (2)',	379,	1,	'2021-06-02 09:56:29',	'2021-06-02 09:56:29',	1,	1578,	NULL,	NULL,	NULL,	3034,	9,	0,	0),
(1603,	'1',	380,	9,	'2021-06-03 21:35:10',	'2021-06-03 21:35:10',	0,	NULL,	NULL,	NULL,	NULL,	NULL,	9,	0,	0),
(1604,	'Cajon 1013',	380,	1,	'2021-06-03 21:35:10',	'2021-06-03 21:35:10',	1,	1603,	NULL,	NULL,	NULL,	1013,	9,	0,	0),
(1605,	'Cajon 1013 (2)',	380,	1,	'2021-06-03 21:35:10',	'2021-06-03 21:35:10',	1,	1603,	NULL,	NULL,	NULL,	1013,	9,	0,	0),
(1606,	'1',	381,	9,	'2021-06-03 21:40:55',	'2021-06-03 21:40:55',	0,	NULL,	NULL,	NULL,	NULL,	NULL,	9,	0,	0),
(1607,	'Cajon 1019',	381,	1,	'2021-06-03 21:40:55',	'2021-06-03 21:40:55',	1,	1606,	NULL,	NULL,	NULL,	1019,	9,	0,	0),
(1608,	'Cajon 1019 (2)',	381,	1,	'2021-06-03 21:40:55',	'2021-06-03 21:40:55',	1,	1606,	NULL,	NULL,	NULL,	1019,	9,	0,	0),
(1609,	'1',	382,	9,	'2021-06-08 12:00:58',	'2021-06-08 12:00:58',	0,	NULL,	NULL,	NULL,	NULL,	NULL,	9,	0,	0),
(1610,	'2',	382,	9,	'2021-06-08 12:00:58',	'2021-06-08 12:00:58',	0,	NULL,	NULL,	NULL,	NULL,	NULL,	9,	0,	0),
(1611,	'Cajon 1036',	382,	1,	'2021-06-08 12:00:58',	'2021-06-08 12:00:58',	1,	1609,	NULL,	NULL,	NULL,	1036,	9,	0,	0),
(1612,	'Cajon 1036 (2)',	382,	1,	'2021-06-08 12:00:58',	'2021-06-08 12:00:58',	1,	1609,	NULL,	NULL,	NULL,	1036,	9,	0,	0),
(1613,	'Cajon 1038',	382,	1,	'2021-06-08 12:00:58',	'2021-06-08 12:00:58',	1,	1609,	NULL,	NULL,	NULL,	1038,	9,	0,	0),
(1614,	'Cajon 1038 (2)',	382,	1,	'2021-06-08 12:00:58',	'2021-06-08 12:00:58',	1,	1609,	NULL,	NULL,	NULL,	1038,	9,	0,	0),
(1615,	'Cajon 1040',	382,	1,	'2021-06-08 12:00:58',	'2021-06-08 12:00:58',	1,	1609,	NULL,	NULL,	NULL,	1040,	9,	0,	0),
(1616,	'Cajon 1040 (2)',	382,	1,	'2021-06-08 12:00:58',	'2021-06-08 12:00:58',	1,	1609,	NULL,	NULL,	NULL,	1040,	9,	0,	0),
(1617,	'Cajon 1042',	382,	1,	'2021-06-08 12:00:58',	'2021-06-08 12:00:58',	1,	1609,	NULL,	NULL,	NULL,	1042,	9,	0,	0),
(1618,	'Cajon 1042 (2)',	382,	1,	'2021-06-08 12:00:58',	'2021-06-08 12:00:58',	1,	1609,	NULL,	NULL,	NULL,	1042,	9,	0,	0),
(1619,	'Cajon 1044',	382,	1,	'2021-06-08 12:00:58',	'2021-06-08 12:00:58',	1,	1609,	NULL,	NULL,	NULL,	1044,	9,	0,	0),
(1620,	'Cajon 1044 (2)',	382,	1,	'2021-06-08 12:00:58',	'2021-06-08 12:00:58',	1,	1609,	NULL,	NULL,	NULL,	1044,	9,	0,	0),
(1621,	'Cajon 1046',	382,	1,	'2021-06-08 12:00:58',	'2021-06-08 12:00:58',	1,	1609,	NULL,	NULL,	NULL,	1046,	9,	0,	0),
(1622,	'Cajon 1046 (2)',	382,	1,	'2021-06-08 12:00:58',	'2021-06-08 12:00:58',	1,	1609,	NULL,	NULL,	NULL,	1046,	9,	0,	0),
(1623,	'Cajon 1048',	382,	1,	'2021-06-08 12:00:58',	'2021-06-08 12:00:58',	1,	1609,	NULL,	NULL,	NULL,	1048,	9,	0,	0),
(1624,	'Cajon 1048 (2)',	382,	1,	'2021-06-08 12:00:58',	'2021-06-08 12:00:58',	1,	1609,	NULL,	NULL,	NULL,	1048,	9,	0,	0),
(1625,	'Cajon 1050',	382,	1,	'2021-06-08 12:00:58',	'2021-06-08 12:00:58',	1,	1609,	NULL,	NULL,	NULL,	1050,	9,	0,	0),
(1626,	'Cajon 1050 (2)',	382,	1,	'2021-06-08 12:00:58',	'2021-06-08 12:00:58',	1,	1609,	NULL,	NULL,	NULL,	1050,	9,	0,	0),
(1627,	'Cajon 1052',	382,	1,	'2021-06-08 12:00:58',	'2021-06-08 12:00:58',	1,	1609,	NULL,	NULL,	NULL,	1052,	9,	0,	0),
(1628,	'Cajon 1052 (2)',	382,	1,	'2021-06-08 12:00:58',	'2021-06-08 12:00:58',	1,	1609,	NULL,	NULL,	NULL,	1052,	9,	0,	0),
(1629,	'Cajon 1054',	382,	1,	'2021-06-08 12:00:58',	'2021-06-08 12:00:58',	1,	1609,	NULL,	NULL,	NULL,	1054,	9,	0,	0),
(1630,	'Cajon 1054 (2)',	382,	1,	'2021-06-08 12:00:58',	'2021-06-08 12:00:58',	1,	1609,	NULL,	NULL,	NULL,	1054,	9,	0,	0),
(1631,	'Cajon 1056',	382,	1,	'2021-06-08 12:00:58',	'2021-06-08 12:00:58',	1,	1609,	NULL,	NULL,	NULL,	1056,	9,	0,	0),
(1632,	'Cajon 1056 (2)',	382,	1,	'2021-06-08 12:00:58',	'2021-06-08 12:00:58',	1,	1609,	NULL,	NULL,	NULL,	1056,	9,	0,	0),
(1633,	'Cajon 1058',	382,	1,	'2021-06-08 12:00:58',	'2021-06-08 12:00:58',	1,	1609,	NULL,	NULL,	NULL,	1058,	9,	0,	0),
(1634,	'Cajon 1058 (2)',	382,	1,	'2021-06-08 12:00:58',	'2021-06-08 12:00:58',	1,	1609,	NULL,	NULL,	NULL,	1058,	9,	0,	0),
(1635,	'Cajon 1060',	382,	1,	'2021-06-08 12:00:58',	'2021-06-08 12:00:58',	1,	1609,	NULL,	NULL,	NULL,	1060,	9,	0,	0),
(1636,	'Cajon 1060 (2)',	382,	1,	'2021-06-08 12:00:58',	'2021-06-08 12:00:58',	1,	1609,	NULL,	NULL,	NULL,	1060,	9,	0,	0),
(1637,	'Cajon 1062',	382,	1,	'2021-06-08 12:00:58',	'2021-06-08 12:00:58',	1,	1609,	NULL,	NULL,	NULL,	1062,	9,	0,	0),
(1638,	'Cajon 1062 (2)',	382,	1,	'2021-06-08 12:00:58',	'2021-06-08 12:00:58',	1,	1609,	NULL,	NULL,	NULL,	1062,	9,	0,	0),
(1639,	'Cajon 1064',	382,	1,	'2021-06-08 12:00:58',	'2021-06-08 12:00:58',	1,	1609,	NULL,	NULL,	NULL,	1064,	9,	0,	0),
(1640,	'Cajon 1064 (2)',	382,	1,	'2021-06-08 12:00:58',	'2021-06-08 12:00:58',	1,	1609,	NULL,	NULL,	NULL,	1064,	9,	0,	0),
(1641,	'Cajon 1066',	382,	1,	'2021-06-08 12:00:58',	'2021-06-08 12:00:58',	1,	1609,	NULL,	NULL,	NULL,	1066,	9,	0,	0),
(1642,	'Cajon 1066 (2)',	382,	1,	'2021-06-08 12:00:58',	'2021-06-08 12:00:58',	1,	1609,	NULL,	NULL,	NULL,	1066,	9,	0,	0),
(1643,	'Cajon 1068',	382,	1,	'2021-06-08 12:00:58',	'2021-06-08 12:00:58',	1,	1609,	NULL,	NULL,	NULL,	1068,	9,	0,	0),
(1644,	'Cajon 1068 (2)',	382,	1,	'2021-06-08 12:00:58',	'2021-06-08 12:00:58',	1,	1609,	NULL,	NULL,	NULL,	1068,	9,	0,	0),
(1645,	'Cajon 1070',	382,	1,	'2021-06-08 12:00:58',	'2021-06-08 12:00:58',	1,	1609,	NULL,	NULL,	NULL,	1070,	9,	0,	0),
(1646,	'Cajon 1070 (2)',	382,	1,	'2021-06-08 12:00:58',	'2021-06-08 12:00:58',	1,	1609,	NULL,	NULL,	NULL,	1070,	9,	0,	0),
(1647,	'Cajon 1072',	382,	1,	'2021-06-08 12:00:58',	'2021-06-08 12:00:58',	1,	1609,	NULL,	NULL,	NULL,	1072,	9,	0,	0),
(1648,	'Cajon 1072 (2)',	382,	1,	'2021-06-08 12:00:58',	'2021-06-08 12:00:58',	1,	1609,	NULL,	NULL,	NULL,	1072,	9,	0,	0),
(1649,	'Cajon 1074',	382,	1,	'2021-06-08 12:00:58',	'2021-06-08 12:00:58',	1,	1609,	NULL,	NULL,	NULL,	1074,	9,	0,	0),
(1650,	'Cajon 1074 (2)',	382,	1,	'2021-06-08 12:00:58',	'2021-06-08 12:00:58',	1,	1609,	NULL,	NULL,	NULL,	1074,	9,	0,	0),
(1651,	'Cajon 1026',	382,	1,	'2021-06-08 12:00:58',	'2021-06-08 12:00:58',	1,	1609,	NULL,	NULL,	NULL,	1026,	9,	0,	0),
(1652,	'Cajon 1026 (2)',	382,	1,	'2021-06-08 12:00:58',	'2021-06-08 12:00:58',	1,	1609,	NULL,	NULL,	NULL,	1026,	9,	0,	0),
(1653,	'Cajon 1028',	382,	1,	'2021-06-08 12:00:58',	'2021-06-08 12:00:58',	1,	1609,	NULL,	NULL,	NULL,	1028,	9,	0,	0),
(1654,	'Cajon 1028 (2)',	382,	1,	'2021-06-08 12:00:58',	'2021-06-08 12:00:58',	1,	1609,	NULL,	NULL,	NULL,	1028,	9,	0,	0),
(1655,	'Cajon 1030',	382,	1,	'2021-06-08 12:00:58',	'2021-06-08 12:00:58',	1,	1609,	NULL,	NULL,	NULL,	1030,	9,	0,	0),
(1656,	'Cajon 1030 (2)',	382,	1,	'2021-06-08 12:00:58',	'2021-06-08 12:00:58',	1,	1609,	NULL,	NULL,	NULL,	1030,	9,	0,	0),
(1657,	'Cajon 1032',	382,	1,	'2021-06-08 12:00:58',	'2021-06-08 12:00:58',	1,	1609,	NULL,	NULL,	NULL,	1032,	9,	0,	0),
(1658,	'Cajon 1032 (2)',	382,	3,	'2021-06-08 12:00:58',	'2021-07-03 17:07:06',	1,	1609,	NULL,	NULL,	NULL,	1032,	9,	0,	0),
(1659,	'1',	383,	9,	'2021-06-10 17:07:34',	'2021-06-10 17:07:34',	0,	NULL,	NULL,	NULL,	NULL,	NULL,	9,	0,	0),
(1660,	'Cajon 1016',	383,	1,	'2021-06-10 17:07:34',	'2021-06-10 17:07:34',	1,	1659,	NULL,	NULL,	NULL,	1016,	9,	0,	0),
(1661,	'Cajon 1016 (2)',	383,	1,	'2021-06-10 17:07:34',	'2021-06-10 17:07:34',	1,	1659,	NULL,	NULL,	NULL,	1016,	9,	0,	0),
(1662,	'1',	384,	9,	'2021-06-14 12:18:16',	'2021-06-14 12:18:16',	0,	NULL,	NULL,	NULL,	NULL,	NULL,	9,	0,	0),
(1663,	'1',	385,	9,	'2021-06-16 16:29:52',	'2021-06-16 16:29:52',	0,	NULL,	NULL,	NULL,	NULL,	NULL,	9,	0,	0),
(1664,	'1',	386,	3,	'2021-06-17 08:33:55',	'2021-07-03 18:15:27',	0,	NULL,	NULL,	NULL,	NULL,	NULL,	9,	0,	0),
(1665,	'1',	387,	9,	'2021-06-17 09:48:54',	'2021-06-17 09:48:54',	0,	NULL,	NULL,	NULL,	NULL,	NULL,	9,	0,	0),
(1666,	'1',	388,	9,	'2021-06-22 15:29:31',	'2021-06-22 15:29:31',	0,	NULL,	NULL,	NULL,	NULL,	NULL,	9,	0,	0),
(1667,	'1',	389,	3,	'2021-06-26 00:26:20',	'2021-07-03 18:15:09',	0,	NULL,	NULL,	NULL,	NULL,	NULL,	9,	0,	0),
(1688,	'1',	394,	9,	'2021-06-26 01:32:27',	'2021-06-26 01:32:27',	0,	NULL,	'Si',	NULL,	'Modulo CAVA',	NULL,	9,	0,	0),
(1689,	'2',	394,	9,	'2021-06-26 01:32:27',	'2021-06-26 01:32:27',	0,	NULL,	'No',	NULL,	'Modulo HORNO',	NULL,	9,	0,	0),
(1690,	'3',	394,	9,	'2021-06-26 01:32:27',	'2021-06-26 01:32:27',	0,	NULL,	'Si',	NULL,	'Modulo 1 puerta',	NULL,	9,	0,	0),
(1691,	'4',	394,	9,	'2021-06-26 01:32:27',	'2021-06-26 01:32:27',	0,	NULL,	'Si',	NULL,	'Modulo 2 puertas',	NULL,	9,	0,	0),
(1692,	'5',	394,	9,	'2021-06-26 01:32:27',	'2021-06-26 01:32:27',	0,	NULL,	'Si',	'alacena',	'Modulo 2 puertas',	NULL,	9,	0,	0),
(1693,	'6',	394,	9,	'2021-06-26 01:32:27',	'2021-06-26 01:32:27',	0,	NULL,	'Si',	NULL,	'Banquinas',	NULL,	9,	0,	0),
(1694,	'7',	394,	9,	'2021-06-26 01:32:27',	'2021-06-26 01:32:27',	0,	NULL,	'Si',	NULL,	'Modulo cajonera',	NULL,	9,	0,	0),
(1695,	'8',	394,	9,	'2021-06-26 01:32:27',	'2021-06-26 01:32:27',	0,	NULL,	'Si',	NULL,	'Modulo cajonera',	NULL,	9,	0,	0),
(1696,	'9',	394,	9,	'2021-06-26 01:32:27',	'2021-06-26 01:32:27',	0,	NULL,	'Si',	NULL,	'Modulo 2 puertas',	NULL,	9,	0,	0),
(1697,	'10',	394,	9,	'2021-06-26 01:32:27',	'2021-06-26 01:32:27',	0,	NULL,	'Si',	NULL,	'Modulo 2 puertas',	NULL,	9,	0,	0),
(1698,	'11',	394,	9,	'2021-06-26 01:32:27',	'2021-06-26 01:32:27',	0,	NULL,	'Si',	NULL,	'Modulo 2 puertas',	NULL,	9,	0,	0),
(1699,	'12',	394,	9,	'2021-06-26 01:32:27',	'2021-06-26 01:32:27',	0,	NULL,	'Si',	'4 modulos distintos',	NULL,	NULL,	9,	0,	0),
(1700,	'13',	394,	9,	'2021-06-26 01:32:27',	'2021-06-26 01:32:27',	0,	NULL,	'Si',	NULL,	'Modulo 2 puertas',	NULL,	9,	0,	0),
(1701,	'14',	394,	9,	'2021-06-26 01:32:27',	'2021-06-26 01:32:27',	0,	NULL,	'Si',	NULL,	'Modulo 2 puertas',	NULL,	9,	0,	0),
(1702,	'15',	394,	9,	'2021-06-26 01:32:27',	'2021-06-26 01:32:27',	0,	NULL,	'Si',	NULL,	'Modulo esquina',	NULL,	9,	0,	0),
(1703,	'16',	394,	9,	'2021-06-26 01:32:27',	'2021-06-26 01:32:27',	0,	NULL,	'Si',	NULL,	'Modulo una puerta',	NULL,	9,	0,	0),
(1704,	'17',	394,	9,	'2021-06-26 01:32:27',	'2021-06-26 01:32:27',	0,	NULL,	'Si',	NULL,	'Modulo cajonera',	NULL,	9,	0,	0),
(1705,	'18',	394,	9,	'2021-06-26 01:32:27',	'2021-06-26 01:32:27',	0,	NULL,	'Si',	NULL,	'Modulo cajonera',	NULL,	9,	0,	0),
(1706,	'19',	394,	9,	'2021-06-26 01:32:27',	'2021-06-26 01:32:27',	0,	NULL,	'Si',	'Cierre lateral cajonera MOD 18',	'Modulo con estantes',	NULL,	9,	0,	0),
(1707,	'20',	394,	9,	'2021-06-26 01:32:27',	'2021-06-26 01:32:27',	0,	NULL,	'Si',	'Para MOD 15 y 16',	'Piso entero para modulo esquina',	NULL,	9,	0,	0),
(1708,	'Cajon 7019',	394,	1,	'2021-06-26 01:32:27',	'2021-06-26 01:32:27',	1,	1694,	NULL,	NULL,	NULL,	7019,	9,	0,	0),
(1709,	'Cajon 7019 (2)',	394,	1,	'2021-06-26 01:32:27',	'2021-06-26 01:32:27',	1,	1694,	NULL,	NULL,	NULL,	7019,	9,	0,	0),
(1710,	'Cajon 7024',	394,	1,	'2021-06-26 01:32:27',	'2021-06-26 01:32:27',	1,	1694,	NULL,	NULL,	NULL,	7024,	9,	0,	0),
(1711,	'Cajon 7024 (2)',	394,	1,	'2021-06-26 01:32:27',	'2021-06-26 01:32:27',	1,	1694,	NULL,	NULL,	NULL,	7024,	9,	0,	0),
(1712,	'Cajon 7045',	394,	1,	'2021-06-26 01:32:27',	'2021-06-26 01:32:27',	1,	1694,	NULL,	NULL,	NULL,	7045,	9,	0,	0),
(1713,	'Cajon 7045 (2)',	394,	1,	'2021-06-26 01:32:27',	'2021-06-26 01:32:27',	1,	1694,	NULL,	NULL,	NULL,	7045,	9,	0,	0),
(1714,	'Cajon 8019',	394,	1,	'2021-06-26 01:32:27',	'2021-06-26 01:32:27',	1,	1695,	NULL,	NULL,	NULL,	8019,	9,	0,	0),
(1715,	'Cajon 8019 (2)',	394,	1,	'2021-06-26 01:32:27',	'2021-06-26 01:32:27',	1,	1695,	NULL,	NULL,	NULL,	8019,	9,	0,	0),
(1716,	'Cajon 8024',	394,	1,	'2021-06-26 01:32:27',	'2021-06-26 01:32:27',	1,	1695,	NULL,	NULL,	NULL,	8024,	9,	0,	0),
(1717,	'Cajon 8024 (2)',	394,	1,	'2021-06-26 01:32:27',	'2021-06-26 01:32:27',	1,	1695,	NULL,	NULL,	NULL,	8024,	9,	0,	0),
(1718,	'Cajon 8045',	394,	1,	'2021-06-26 01:32:27',	'2021-06-26 01:32:27',	1,	1695,	NULL,	NULL,	NULL,	8045,	9,	0,	0),
(1719,	'Cajon 8045 (2)',	394,	1,	'2021-06-26 01:32:27',	'2021-06-26 01:32:27',	1,	1695,	NULL,	NULL,	NULL,	8045,	9,	0,	0),
(1720,	'Cajon 17019',	394,	1,	'2021-06-26 01:32:27',	'2021-06-26 01:32:27',	1,	1704,	NULL,	NULL,	NULL,	17019,	9,	0,	0),
(1721,	'Cajon 17019 (2)',	394,	1,	'2021-06-26 01:32:27',	'2021-06-26 01:32:27',	1,	1704,	NULL,	NULL,	NULL,	17019,	9,	0,	0),
(1722,	'Cajon 17024',	394,	1,	'2021-06-26 01:32:27',	'2021-06-26 01:32:27',	1,	1704,	NULL,	NULL,	NULL,	17024,	9,	0,	0),
(1723,	'Cajon 17024 (2)',	394,	1,	'2021-06-26 01:32:27',	'2021-06-26 01:32:27',	1,	1704,	NULL,	NULL,	NULL,	17024,	9,	0,	0),
(1724,	'Cajon 17045',	394,	1,	'2021-06-26 01:32:27',	'2021-06-26 01:32:27',	1,	1704,	NULL,	NULL,	NULL,	17045,	9,	0,	0),
(1725,	'Cajon 17045 (2)',	394,	1,	'2021-06-26 01:32:27',	'2021-06-26 01:32:27',	1,	1704,	NULL,	NULL,	NULL,	17045,	9,	0,	0),
(1726,	'Cajon 18019',	394,	1,	'2021-06-26 01:32:27',	'2021-06-26 01:32:27',	1,	1705,	NULL,	NULL,	NULL,	18019,	9,	0,	0),
(1727,	'Cajon 18019 (2)',	394,	1,	'2021-06-26 01:32:27',	'2021-06-26 01:32:27',	1,	1705,	NULL,	NULL,	NULL,	18019,	9,	0,	0),
(1728,	'Cajon 18024',	394,	1,	'2021-06-26 01:32:27',	'2021-06-26 01:32:27',	1,	1705,	NULL,	NULL,	NULL,	18024,	9,	0,	0),
(1729,	'Cajon 18024 (2)',	394,	1,	'2021-06-26 01:32:27',	'2021-06-26 01:32:27',	1,	1705,	NULL,	NULL,	NULL,	18024,	9,	0,	0),
(1730,	'Cajon 18045',	394,	1,	'2021-06-26 01:32:27',	'2021-06-26 01:32:27',	1,	1705,	NULL,	NULL,	NULL,	18045,	9,	0,	0),
(1731,	'Cajon 18045 (2)',	394,	1,	'2021-06-26 01:32:27',	'2021-06-26 01:32:27',	1,	1705,	NULL,	NULL,	NULL,	18045,	9,	0,	0),
(1737,	'1',	396,	9,	'2021-06-26 09:37:11',	'2021-06-26 09:37:11',	0,	NULL,	'Si',	'Bajo mesada',	'Modulo con 2 puertas',	NULL,	9,	0,	0),
(1738,	'2',	396,	9,	'2021-06-26 09:37:11',	'2021-06-26 09:37:11',	0,	NULL,	'Si',	'Bajo mesada',	'Modulo con 2 puertas',	NULL,	9,	0,	0),
(1739,	'3',	396,	9,	'2021-06-26 09:37:11',	'2021-06-26 09:37:11',	0,	NULL,	'Si',	'Bajo mesada',	'Modulo con 1 puerta',	NULL,	9,	0,	0),
(1740,	'4',	396,	9,	'2021-06-26 09:37:11',	'2021-06-26 09:37:11',	0,	NULL,	'Si',	'Bajo mesada',	'Modulo 1 puerta esquina',	NULL,	9,	0,	0),
(1741,	'5',	396,	9,	'2021-06-26 09:37:11',	'2021-06-26 09:37:11',	0,	NULL,	'Si',	'Bajo mesada',	'Cajonera',	NULL,	9,	0,	0),
(1742,	'6',	396,	9,	'2021-06-26 09:37:11',	'2021-06-26 09:37:11',	0,	NULL,	'Si',	'Bajo mesada',	'Modulo con 2 puertas',	NULL,	9,	0,	0),
(1743,	'7',	396,	9,	'2021-06-26 09:37:11',	'2021-06-26 09:37:11',	0,	NULL,	'Si',	'Bajo mesada',	'Modulo 1 puerta esquina',	NULL,	9,	0,	0),
(1744,	'8',	396,	9,	'2021-06-26 09:37:11',	'2021-06-26 09:37:11',	0,	NULL,	'Si',	'Bajo mesada',	'Modulo con 2 puertas',	NULL,	9,	0,	0),
(1745,	'9',	396,	9,	'2021-06-26 09:37:11',	'2021-06-26 09:37:11',	0,	NULL,	'Si',	'para MOD 1 2 y 3',	'Banquina',	NULL,	9,	0,	0),
(1746,	'10',	396,	9,	'2021-06-26 09:37:11',	'2021-06-26 09:37:11',	0,	NULL,	'Si',	'para MOD 4 y 5',	'Banquina',	NULL,	9,	0,	0),
(1747,	'11',	396,	9,	'2021-06-26 09:37:11',	'2021-06-26 09:37:11',	0,	NULL,	'Si',	'para MOD 6 y 7',	'Banquina',	NULL,	9,	0,	0),
(1748,	'12',	396,	9,	'2021-06-26 09:37:11',	'2021-06-26 09:37:11',	0,	NULL,	'Si',	'para MOD 8',	'Banquina',	NULL,	9,	0,	0),
(1749,	'13',	396,	9,	'2021-06-26 09:37:11',	'2021-06-26 09:37:11',	0,	NULL,	'Si',	'Alacena',	'Modulo 2 puertas',	NULL,	9,	0,	0),
(1750,	'14',	396,	9,	'2021-06-26 09:37:11',	'2021-06-26 09:37:11',	0,	NULL,	'Si',	'Alacena',	'Modulo 2 puertas',	NULL,	9,	0,	0),
(1751,	'15',	396,	9,	'2021-06-26 09:37:11',	'2021-06-26 09:37:11',	0,	NULL,	'Si',	'Alacena',	'Modulo 2 puertas',	NULL,	9,	0,	0),
(1752,	'16',	396,	9,	'2021-06-26 09:37:11',	'2021-06-26 09:37:11',	0,	NULL,	'Si',	'Alacena',	'Modulo 1 puerta',	NULL,	9,	0,	0),
(1753,	'17',	396,	9,	'2021-06-26 09:37:11',	'2021-06-26 09:37:11',	0,	NULL,	'Si',	'Alacena',	'Modulo 1 puerta',	NULL,	9,	0,	0),
(1754,	'18',	396,	9,	'2021-06-26 09:37:11',	'2021-06-26 09:37:11',	0,	NULL,	'Si',	'Alacena',	'Modulo 1 puerta',	NULL,	9,	0,	0),
(1755,	'19',	396,	9,	'2021-06-26 09:37:11',	'2021-06-26 09:37:11',	0,	NULL,	'Si',	'Alacena',	'Modulo 1 puerta',	NULL,	9,	0,	0),
(1756,	'20',	396,	9,	'2021-06-26 09:37:11',	'2021-06-26 09:37:11',	0,	NULL,	'Si',	'Alacena',	'dos modulos separados',	NULL,	9,	0,	0),
(1757,	'Cajon 5013',	396,	1,	'2021-06-26 09:37:11',	'2021-06-26 09:37:11',	1,	1741,	NULL,	NULL,	NULL,	5013,	9,	0,	0),
(1758,	'Cajon 5013 (2)',	396,	1,	'2021-06-26 09:37:11',	'2021-06-26 09:37:11',	1,	1741,	NULL,	NULL,	NULL,	5013,	9,	0,	0),
(1759,	'Cajon 5018',	396,	1,	'2021-06-26 09:37:11',	'2021-06-26 09:37:11',	1,	1741,	NULL,	NULL,	NULL,	5018,	9,	0,	0),
(1760,	'Cajon 5018 (2)',	396,	1,	'2021-06-26 09:37:11',	'2021-06-26 09:37:11',	1,	1741,	NULL,	NULL,	NULL,	5018,	9,	0,	0),
(1761,	'Cajon 5020',	396,	1,	'2021-06-26 09:37:11',	'2021-06-26 09:37:11',	1,	1741,	NULL,	NULL,	NULL,	5020,	9,	0,	0),
(1762,	'Cajon 5020 (2)',	396,	1,	'2021-06-26 09:37:11',	'2021-06-26 09:37:11',	1,	1741,	NULL,	NULL,	NULL,	5020,	9,	0,	0),
(1779,	'1',	398,	9,	'2021-07-03 19:09:44',	'2021-07-03 19:09:44',	0,	NULL,	NULL,	NULL,	NULL,	NULL,	9,	0,	0),
(1780,	'Cajon 1045',	398,	1,	'2021-07-03 19:09:44',	'2021-07-03 19:09:44',	1,	1779,	NULL,	NULL,	NULL,	1045,	9,	0,	0),
(1781,	'Cajon 1045 (2)',	398,	1,	'2021-07-03 19:09:44',	'2021-07-03 19:09:44',	1,	1779,	NULL,	NULL,	NULL,	1045,	9,	0,	0),
(1782,	'Cajon 1047',	398,	1,	'2021-07-03 19:09:44',	'2021-07-03 19:09:44',	1,	1779,	NULL,	NULL,	NULL,	1047,	9,	0,	0),
(1783,	'Cajon 1047 (2)',	398,	1,	'2021-07-03 19:09:44',	'2021-07-03 19:09:44',	1,	1779,	NULL,	NULL,	NULL,	1047,	9,	0,	0),
(1784,	'Cajon 1049',	398,	1,	'2021-07-03 19:09:44',	'2021-07-03 19:09:44',	1,	1779,	NULL,	NULL,	NULL,	1049,	9,	0,	0),
(1785,	'Cajon 1049 (2)',	398,	1,	'2021-07-03 19:09:44',	'2021-07-03 19:09:44',	1,	1779,	NULL,	NULL,	NULL,	1049,	9,	0,	0),
(1786,	'1',	399,	9,	'2021-07-08 20:44:21',	'2021-07-08 20:44:21',	0,	NULL,	NULL,	NULL,	NULL,	NULL,	9,	0,	0),
(1787,	'1',	400,	9,	'2021-07-16 15:21:25',	'2021-07-16 15:21:25',	0,	NULL,	NULL,	NULL,	NULL,	NULL,	9,	0,	0),
(1788,	'2',	400,	9,	'2021-07-16 15:21:25',	'2021-07-16 15:21:25',	0,	NULL,	NULL,	NULL,	NULL,	NULL,	9,	0,	0),
(1789,	'Cajon 2019',	400,	1,	'2021-07-16 15:21:25',	'2021-07-16 15:21:25',	1,	1788,	NULL,	NULL,	NULL,	2019,	9,	0,	0),
(1790,	'Cajon 2019 (2)',	400,	1,	'2021-07-16 15:21:25',	'2021-07-16 15:21:25',	1,	1788,	NULL,	NULL,	NULL,	2019,	9,	0,	0),
(1791,	'Cajon 2024',	400,	1,	'2021-07-16 15:21:25',	'2021-07-16 15:21:25',	1,	1788,	NULL,	NULL,	NULL,	2024,	9,	0,	0),
(1792,	'Cajon 2024 (2)',	400,	1,	'2021-07-16 15:21:25',	'2021-07-16 15:21:25',	1,	1788,	NULL,	NULL,	NULL,	2024,	9,	0,	0),
(1793,	'Cajon 2026',	400,	1,	'2021-07-16 15:21:25',	'2021-07-16 15:21:25',	1,	1788,	NULL,	NULL,	NULL,	2026,	9,	0,	0),
(1794,	'Cajon 2026 (2)',	400,	1,	'2021-07-16 15:21:25',	'2021-07-16 15:21:25',	1,	1788,	NULL,	NULL,	NULL,	2026,	9,	0,	0),
(1795,	'1',	401,	9,	'2021-07-26 16:18:28',	'2021-07-26 16:18:28',	0,	NULL,	NULL,	NULL,	NULL,	NULL,	9,	0,	0),
(1796,	'1',	402,	3,	'2021-07-26 16:52:09',	'2021-07-27 16:42:19',	0,	NULL,	'Sí',	'wfrgtd',	'sfd',	NULL,	9,	0,	0),
(1797,	'1',	403,	9,	'2021-07-28 15:17:19',	'2021-07-28 15:17:19',	0,	NULL,	'Sí',	NULL,	NULL,	NULL,	9,	0,	0),
(1798,	'1',	404,	9,	'2021-07-28 17:41:45',	'2021-07-28 17:41:45',	0,	NULL,	NULL,	NULL,	NULL,	NULL,	9,	0,	0),
(1799,	'1',	405,	9,	'2021-07-28 17:49:48',	'2021-07-28 17:49:48',	0,	NULL,	NULL,	NULL,	NULL,	NULL,	9,	0,	0),
(1800,	'1',	406,	9,	'2021-07-28 18:14:39',	'2021-07-28 18:14:39',	0,	NULL,	NULL,	NULL,	NULL,	NULL,	9,	0,	0),
(1801,	'1',	407,	9,	'2021-07-28 18:16:41',	'2021-07-28 18:16:41',	0,	NULL,	NULL,	NULL,	NULL,	NULL,	9,	0,	0),
(1802,	'Cajon 1010',	407,	1,	'2021-07-28 18:16:41',	'2021-07-28 18:16:41',	1,	1801,	NULL,	NULL,	NULL,	1010,	9,	0,	0),
(1803,	'Cajon 1010 (2)',	407,	1,	'2021-07-28 18:16:41',	'2021-07-28 18:16:41',	1,	1801,	NULL,	NULL,	NULL,	1010,	9,	0,	0),
(1804,	'1',	408,	9,	'2021-07-28 18:43:29',	'2021-07-28 18:43:29',	0,	NULL,	NULL,	NULL,	NULL,	NULL,	9,	0,	0),
(1805,	'1',	409,	9,	'2021-07-28 18:47:13',	'2021-07-28 18:47:13',	0,	NULL,	NULL,	NULL,	NULL,	NULL,	9,	0,	0),
(1806,	'1',	410,	9,	'2021-07-29 13:26:35',	'2021-07-29 13:26:35',	0,	NULL,	NULL,	NULL,	NULL,	NULL,	9,	0,	0),
(1807,	'1',	411,	9,	'2021-07-29 21:22:50',	'2021-07-29 21:22:50',	0,	NULL,	NULL,	NULL,	NULL,	NULL,	9,	0,	0),
(1808,	'1',	412,	9,	'2021-07-30 08:28:05',	'2021-07-30 08:28:05',	0,	NULL,	NULL,	NULL,	NULL,	NULL,	9,	0,	0),
(1809,	'1',	413,	9,	'2021-07-30 10:45:36',	'2021-07-30 10:45:36',	0,	NULL,	NULL,	NULL,	NULL,	NULL,	9,	0,	0),
(1810,	'Cajon 1082',	413,	1,	'2021-07-30 10:45:36',	'2021-07-30 10:45:36',	1,	1809,	NULL,	NULL,	NULL,	1082,	9,	0,	0),
(1811,	'Cajon 1082 (2)',	413,	1,	'2021-07-30 10:45:36',	'2021-07-30 10:45:36',	1,	1809,	NULL,	NULL,	NULL,	1082,	9,	0,	0),
(1812,	'Cajon 1087',	413,	1,	'2021-07-30 10:45:36',	'2021-07-30 10:45:36',	1,	1809,	NULL,	NULL,	NULL,	1087,	9,	0,	0),
(1813,	'Cajon 1087 (2)',	413,	1,	'2021-07-30 10:45:36',	'2021-07-30 10:45:36',	1,	1809,	NULL,	NULL,	NULL,	1087,	9,	0,	0),
(1814,	'Cajon 1088',	413,	1,	'2021-07-30 10:45:36',	'2021-07-30 10:45:36',	1,	1809,	NULL,	NULL,	NULL,	1088,	9,	0,	0),
(1815,	'Cajon 1089',	413,	1,	'2021-07-30 10:45:36',	'2021-07-30 10:45:36',	1,	1809,	NULL,	NULL,	NULL,	1089,	9,	0,	0),
(1816,	'Cajon 1089 (2)',	413,	1,	'2021-07-30 10:45:36',	'2021-07-30 10:45:36',	1,	1809,	NULL,	NULL,	NULL,	1089,	9,	0,	0),
(1817,	'1',	414,	9,	'2021-07-31 12:31:52',	'2021-07-31 12:31:52',	0,	NULL,	NULL,	NULL,	NULL,	NULL,	9,	0,	0),
(1818,	'Cajon 1016',	414,	1,	'2021-07-31 12:31:52',	'2021-07-31 12:31:52',	1,	1817,	NULL,	NULL,	NULL,	1016,	9,	0,	0),
(1819,	'Cajon 1016 (2)',	414,	1,	'2021-07-31 12:31:52',	'2021-07-31 12:31:52',	1,	1817,	NULL,	NULL,	NULL,	1016,	9,	0,	0),
(1820,	'Cajon 1017',	414,	1,	'2021-07-31 12:31:52',	'2021-07-31 12:31:52',	1,	1817,	NULL,	NULL,	NULL,	1017,	9,	0,	0),
(1821,	'Cajon 1018',	414,	1,	'2021-07-31 12:31:52',	'2021-07-31 12:31:52',	1,	1817,	NULL,	NULL,	NULL,	1018,	9,	0,	0),
(1822,	'Cajon 1018 (2)',	414,	1,	'2021-07-31 12:31:52',	'2021-07-31 12:31:52',	1,	1817,	NULL,	NULL,	NULL,	1018,	9,	0,	0),
(1823,	'Cajon 1020',	414,	1,	'2021-07-31 12:31:52',	'2021-07-31 12:31:52',	1,	1817,	NULL,	NULL,	NULL,	1020,	9,	0,	0),
(1824,	'Cajon 1020 (2)',	414,	1,	'2021-07-31 12:31:52',	'2021-07-31 12:31:52',	1,	1817,	NULL,	NULL,	NULL,	1020,	9,	0,	0),
(1825,	'Cajon 1019',	414,	1,	'2021-07-31 12:31:52',	'2021-07-31 12:31:52',	1,	1817,	NULL,	NULL,	NULL,	1019,	9,	0,	0),
(1826,	'Cajon 1022',	414,	1,	'2021-07-31 12:31:52',	'2021-07-31 12:31:52',	1,	1817,	NULL,	NULL,	NULL,	1022,	9,	0,	0),
(1827,	'Cajon 1022 (2)',	414,	1,	'2021-07-31 12:31:52',	'2021-07-31 12:31:52',	1,	1817,	NULL,	NULL,	NULL,	1022,	9,	0,	0),
(1828,	'1',	415,	9,	'2021-08-05 10:55:26',	'2021-08-05 10:55:26',	0,	NULL,	NULL,	NULL,	NULL,	NULL,	9,	0,	0),
(1829,	'Cajon 1010',	415,	1,	'2021-08-05 10:55:26',	'2021-08-05 10:55:26',	1,	1828,	NULL,	NULL,	NULL,	1010,	9,	0,	0),
(1830,	'Cajon 1010 (2)',	415,	1,	'2021-08-05 10:55:26',	'2021-08-05 10:55:26',	1,	1828,	NULL,	NULL,	NULL,	1010,	9,	0,	0),
(1831,	'Cajon 1011',	415,	1,	'2021-08-05 10:55:26',	'2021-08-05 10:55:26',	1,	1828,	NULL,	NULL,	NULL,	1011,	9,	0,	0),
(1832,	'Cajon 1012',	415,	1,	'2021-08-05 10:55:26',	'2021-08-05 10:55:26',	1,	1828,	NULL,	NULL,	NULL,	1012,	9,	0,	0),
(1833,	'Cajon 1012 (2)',	415,	1,	'2021-08-05 10:55:26',	'2021-08-05 10:55:26',	1,	1828,	NULL,	NULL,	NULL,	1012,	9,	0,	0),
(1834,	'Cajon 1014',	415,	1,	'2021-08-05 10:55:26',	'2021-08-05 10:55:26',	1,	1828,	NULL,	NULL,	NULL,	1014,	9,	0,	0),
(1835,	'Cajon 1014 (2)',	415,	1,	'2021-08-05 10:55:26',	'2021-08-05 10:55:26',	1,	1828,	NULL,	NULL,	NULL,	1014,	9,	0,	0),
(1836,	'Cajon 1013',	415,	1,	'2021-08-05 10:55:26',	'2021-08-05 10:55:26',	1,	1828,	NULL,	NULL,	NULL,	1013,	9,	0,	0),
(1837,	'Cajon 1016',	415,	1,	'2021-08-05 10:55:26',	'2021-08-05 10:55:26',	1,	1828,	NULL,	NULL,	NULL,	1016,	9,	0,	0),
(1838,	'Cajon 1016 (2)',	415,	1,	'2021-08-05 10:55:26',	'2021-08-05 10:55:26',	1,	1828,	NULL,	NULL,	NULL,	1016,	9,	0,	0),
(1839,	'Cajon 1018',	415,	1,	'2021-08-05 10:55:26',	'2021-08-05 10:55:26',	1,	1828,	NULL,	NULL,	NULL,	1018,	9,	0,	0),
(1840,	'Cajon 1018 (2)',	415,	1,	'2021-08-05 10:55:26',	'2021-08-05 10:55:26',	1,	1828,	NULL,	NULL,	NULL,	1018,	9,	0,	0),
(1841,	'Cajon 1015',	415,	1,	'2021-08-05 10:55:26',	'2021-08-05 10:55:26',	1,	1828,	NULL,	NULL,	NULL,	1015,	9,	0,	0),
(1842,	'Cajon 1020',	415,	1,	'2021-08-05 10:55:26',	'2021-08-05 10:55:26',	1,	1828,	NULL,	NULL,	NULL,	1020,	9,	0,	0),
(1843,	'Cajon 1020 (2)',	415,	1,	'2021-08-05 10:55:26',	'2021-08-05 10:55:26',	1,	1828,	NULL,	NULL,	NULL,	1020,	9,	0,	0),
(1844,	'Cajon 1022',	415,	1,	'2021-08-05 10:55:26',	'2021-08-05 10:55:26',	1,	1828,	NULL,	NULL,	NULL,	1022,	9,	0,	0),
(1845,	'Cajon 1022 (2)',	415,	1,	'2021-08-05 10:55:26',	'2021-08-05 10:55:26',	1,	1828,	NULL,	NULL,	NULL,	1022,	9,	0,	0),
(1846,	'1',	416,	9,	'2021-08-05 11:34:03',	'2021-08-05 11:34:03',	0,	NULL,	NULL,	NULL,	NULL,	NULL,	9,	0,	0),
(1847,	'Cajon 1010',	416,	1,	'2021-08-05 11:34:03',	'2021-08-05 11:34:03',	1,	1846,	NULL,	NULL,	NULL,	1010,	9,	0,	0),
(1848,	'Cajon 1010 (2)',	416,	1,	'2021-08-05 11:34:03',	'2021-08-05 11:34:03',	1,	1846,	NULL,	NULL,	NULL,	1010,	9,	0,	0),
(1849,	'Cajon 1011',	416,	1,	'2021-08-05 11:34:03',	'2021-08-05 11:34:03',	1,	1846,	NULL,	NULL,	NULL,	1011,	9,	0,	0),
(1850,	'Cajon 1012',	416,	1,	'2021-08-05 11:34:03',	'2021-08-05 11:34:03',	1,	1846,	NULL,	NULL,	NULL,	1012,	9,	0,	0),
(1851,	'Cajon 1012 (2)',	416,	1,	'2021-08-05 11:34:03',	'2021-08-05 11:34:03',	1,	1846,	NULL,	NULL,	NULL,	1012,	9,	0,	0),
(1852,	'Cajon 1014',	416,	1,	'2021-08-05 11:34:03',	'2021-08-05 11:34:03',	1,	1846,	NULL,	NULL,	NULL,	1014,	9,	0,	0),
(1853,	'Cajon 1014 (2)',	416,	1,	'2021-08-05 11:34:03',	'2021-08-05 11:34:03',	1,	1846,	NULL,	NULL,	NULL,	1014,	9,	0,	0),
(1854,	'Cajon 1013',	416,	1,	'2021-08-05 11:34:03',	'2021-08-05 11:34:03',	1,	1846,	NULL,	NULL,	NULL,	1013,	9,	0,	0),
(1855,	'Cajon 1016',	416,	1,	'2021-08-05 11:34:03',	'2021-08-05 11:34:03',	1,	1846,	NULL,	NULL,	NULL,	1016,	9,	0,	0),
(1856,	'Cajon 1016 (2)',	416,	1,	'2021-08-05 11:34:03',	'2021-08-05 11:34:03',	1,	1846,	NULL,	NULL,	NULL,	1016,	9,	0,	0),
(1857,	'Cajon 1018',	416,	1,	'2021-08-05 11:34:03',	'2021-08-05 11:34:03',	1,	1846,	NULL,	NULL,	NULL,	1018,	9,	0,	0),
(1858,	'Cajon 1018 (2)',	416,	1,	'2021-08-05 11:34:03',	'2021-08-05 11:34:03',	1,	1846,	NULL,	NULL,	NULL,	1018,	9,	0,	0),
(1859,	'Cajon 1015',	416,	1,	'2021-08-05 11:34:03',	'2021-08-05 11:34:03',	1,	1846,	NULL,	NULL,	NULL,	1015,	9,	0,	0),
(1860,	'Cajon 1020',	416,	1,	'2021-08-05 11:34:03',	'2021-08-05 11:34:03',	1,	1846,	NULL,	NULL,	NULL,	1020,	9,	0,	0),
(1861,	'Cajon 1020 (2)',	416,	1,	'2021-08-05 11:34:03',	'2021-08-05 11:34:03',	1,	1846,	NULL,	NULL,	NULL,	1020,	9,	0,	0),
(1862,	'1',	417,	9,	'2021-08-10 16:12:29',	'2021-08-10 16:12:29',	0,	NULL,	'Sí',	'1',	'1b',	NULL,	9,	0,	0),
(1863,	'2',	417,	9,	'2021-08-10 16:12:29',	'2021-08-10 16:12:29',	0,	NULL,	'No',	'2',	'2b',	NULL,	9,	0,	0),
(1864,	'3',	417,	9,	'2021-08-10 16:12:29',	'2021-08-10 16:12:29',	0,	NULL,	'Evaluar',	'3',	'3',	NULL,	9,	0,	0),
(1865,	'1',	418,	9,	'2021-08-21 09:48:49',	'2021-08-21 09:48:49',	0,	NULL,	NULL,	NULL,	NULL,	NULL,	9,	0,	0),
(1866,	'Cajon 1026',	418,	1,	'2021-08-21 09:48:49',	'2021-08-21 09:48:49',	1,	1865,	NULL,	NULL,	NULL,	1026,	9,	0,	0),
(1867,	'Cajon 1026 (2)',	418,	1,	'2021-08-21 09:48:49',	'2021-08-21 09:48:49',	1,	1865,	NULL,	NULL,	NULL,	1026,	9,	0,	0),
(1868,	'Cajon 1028',	418,	1,	'2021-08-21 09:48:49',	'2021-08-21 09:48:49',	1,	1865,	NULL,	NULL,	NULL,	1028,	9,	0,	0),
(1869,	'Cajon 1028 (2)',	418,	1,	'2021-08-21 09:48:50',	'2021-08-21 09:48:50',	1,	1865,	NULL,	NULL,	NULL,	1028,	9,	0,	0),
(1870,	'Cajon 1030',	418,	1,	'2021-08-21 09:48:50',	'2021-08-21 09:48:50',	1,	1865,	NULL,	NULL,	NULL,	1030,	9,	0,	0),
(1871,	'Cajon 1030 (2)',	418,	1,	'2021-08-21 09:48:50',	'2021-08-21 09:48:50',	1,	1865,	NULL,	NULL,	NULL,	1030,	9,	0,	0),
(1872,	'1',	419,	9,	'2021-08-21 17:43:36',	'2021-08-21 17:43:36',	0,	NULL,	NULL,	NULL,	NULL,	NULL,	9,	0,	0),
(1873,	'Cajon 1026',	419,	1,	'2021-08-21 17:43:36',	'2021-08-21 17:43:36',	1,	1872,	NULL,	NULL,	NULL,	1026,	9,	0,	0),
(1874,	'Cajon 1026 (2)',	419,	1,	'2021-08-21 17:43:36',	'2021-08-21 17:43:36',	1,	1872,	NULL,	NULL,	NULL,	1026,	9,	0,	0),
(1875,	'Cajon 1028',	419,	1,	'2021-08-21 17:43:36',	'2021-08-21 17:43:36',	1,	1872,	NULL,	NULL,	NULL,	1028,	9,	0,	0),
(1876,	'Cajon 1028 (2)',	419,	1,	'2021-08-21 17:43:36',	'2021-08-21 17:43:36',	1,	1872,	NULL,	NULL,	NULL,	1028,	9,	0,	0),
(1877,	'Cajon 1030',	419,	1,	'2021-08-21 17:43:36',	'2021-08-21 17:43:36',	1,	1872,	NULL,	NULL,	NULL,	1030,	9,	0,	0),
(1878,	'Cajon 1030 (2)',	419,	1,	'2021-08-21 17:43:36',	'2021-08-21 17:43:36',	1,	1872,	NULL,	NULL,	NULL,	1030,	9,	0,	0),
(1879,	'1',	420,	9,	'2021-08-30 19:04:17',	'2021-08-30 19:04:17',	0,	NULL,	NULL,	NULL,	NULL,	NULL,	9,	0,	0),
(1880,	'Cajon 1026',	420,	1,	'2021-08-30 19:04:17',	'2021-08-30 19:04:17',	1,	1879,	NULL,	NULL,	NULL,	1026,	9,	0,	0),
(1881,	'Cajon 1026 (2)',	420,	1,	'2021-08-30 19:04:17',	'2021-08-30 19:04:17',	1,	1879,	NULL,	NULL,	NULL,	1026,	9,	0,	0),
(1882,	'Cajon 1028',	420,	1,	'2021-08-30 19:04:17',	'2021-08-30 19:04:17',	1,	1879,	NULL,	NULL,	NULL,	1028,	9,	0,	0),
(1883,	'Cajon 1028 (2)',	420,	1,	'2021-08-30 19:04:17',	'2021-08-30 19:04:17',	1,	1879,	NULL,	NULL,	NULL,	1028,	9,	0,	0),
(1884,	'Cajon 1030',	420,	1,	'2021-08-30 19:04:17',	'2021-08-30 19:04:17',	1,	1879,	NULL,	NULL,	NULL,	1030,	9,	0,	0),
(1885,	'Cajon 1030 (2)',	420,	1,	'2021-08-30 19:04:17',	'2021-08-30 19:04:17',	1,	1879,	NULL,	NULL,	NULL,	1030,	9,	0,	0),
(1890,	'1',	423,	9,	'2022-01-17 14:08:40',	'2022-01-17 14:08:40',	0,	NULL,	NULL,	NULL,	NULL,	NULL,	9,	0,	0),
(1891,	'2',	423,	9,	'2022-01-17 14:08:40',	'2022-01-17 14:08:40',	0,	NULL,	'Sí',	NULL,	NULL,	NULL,	9,	0,	0),
(1892,	'1',	424,	9,	'2022-01-21 09:24:38',	'2022-01-21 09:24:38',	0,	NULL,	NULL,	NULL,	NULL,	NULL,	9,	0,	0),
(1893,	'Cajon 1038',	424,	1,	'2022-01-21 09:24:38',	'2022-01-21 09:24:38',	1,	1892,	NULL,	NULL,	NULL,	1038,	9,	0,	0),
(1894,	'Cajon 1038 (2)',	424,	1,	'2022-01-21 09:24:38',	'2022-01-21 09:24:38',	1,	1892,	NULL,	NULL,	NULL,	1038,	9,	0,	0),
(1895,	'Cajon 1040',	424,	1,	'2022-01-21 09:24:38',	'2022-01-21 09:24:38',	1,	1892,	NULL,	NULL,	NULL,	1040,	9,	0,	0),
(1896,	'Cajon 1040 (2)',	424,	1,	'2022-01-21 09:24:38',	'2022-01-21 09:24:38',	1,	1892,	NULL,	NULL,	NULL,	1040,	9,	0,	0),
(1897,	'Cajon 1265',	424,	1,	'2022-01-21 09:24:38',	'2022-01-21 09:24:38',	1,	1892,	NULL,	NULL,	NULL,	1265,	9,	0,	0),
(1898,	'Cajon 1265 (2)',	424,	1,	'2022-01-21 09:24:38',	'2022-01-21 09:24:38',	1,	1892,	NULL,	NULL,	NULL,	1265,	9,	0,	0),
(1899,	'1',	425,	9,	'2022-04-01 15:02:08',	'2022-04-01 15:02:08',	0,	NULL,	'Sí',	NULL,	'w',	NULL,	9,	0,	0),
(1900,	'2',	425,	9,	'2022-04-01 15:02:08',	'2022-04-01 15:02:08',	0,	NULL,	NULL,	NULL,	NULL,	NULL,	9,	0,	0),
(1901,	'Cajon 2052',	425,	1,	'2022-04-01 15:02:08',	'2022-04-01 15:02:08',	1,	1900,	NULL,	NULL,	NULL,	2052,	9,	0,	0),
(1902,	'Cajon 2052 (2)',	425,	1,	'2022-04-01 15:02:08',	'2022-04-01 15:02:08',	1,	1900,	NULL,	NULL,	NULL,	2052,	9,	0,	0),
(1903,	'Cajon 2054',	425,	1,	'2022-04-01 15:02:08',	'2022-04-01 15:02:08',	1,	1900,	NULL,	NULL,	NULL,	2054,	9,	0,	0),
(1904,	'Cajon 2054 (2)',	425,	1,	'2022-04-01 15:02:08',	'2022-04-01 15:02:08',	1,	1900,	NULL,	NULL,	NULL,	2054,	9,	0,	0),
(1905,	'Cajon 2056',	425,	1,	'2022-04-01 15:02:08',	'2022-04-01 15:02:08',	1,	1900,	NULL,	NULL,	NULL,	2056,	9,	0,	0),
(1906,	'Cajon 2056 (2)',	425,	1,	'2022-04-01 15:02:08',	'2022-04-01 15:02:08',	1,	1900,	NULL,	NULL,	NULL,	2056,	9,	0,	0),
(1907,	'Cajon 2058',	425,	1,	'2022-04-01 15:02:08',	'2022-04-01 15:02:08',	1,	1900,	NULL,	NULL,	NULL,	2058,	9,	0,	0),
(1908,	'Cajon 2058 (2)',	425,	1,	'2022-04-01 15:02:08',	'2022-04-01 15:02:08',	1,	1900,	NULL,	NULL,	NULL,	2058,	9,	0,	0),
(2022,	'1',	432,	3,	'2022-06-23 08:30:38',	'2022-07-04 09:11:04',	0,	NULL,	'Si',	NULL,	'cama 2 cajones',	NULL,	3,	1,	1),
(2023,	'2',	432,	3,	'2022-06-23 08:30:38',	'2022-06-30 20:50:02',	0,	NULL,	'No',	NULL,	'modulo central',	NULL,	3,	1,	0),
(2024,	'3',	432,	3,	'2022-06-23 08:30:38',	'2022-07-04 09:11:49',	0,	NULL,	'No',	NULL,	'cama 2 cajones',	NULL,	3,	1,	1),
(2025,	'4',	432,	3,	'2022-06-23 08:30:38',	'2022-07-04 09:06:37',	0,	NULL,	'Si',	NULL,	'cama 2 cajones',	NULL,	3,	1,	1),
(2026,	'Cajon 1043',	432,	9,	'2022-06-23 08:30:38',	'2022-07-09 11:19:07',	1,	2022,	'Si',	NULL,	NULL,	1043,	3,	0,	1),
(2027,	'Cajon 1043 (2)',	432,	1,	'2022-06-23 08:30:38',	'2022-06-23 08:30:38',	1,	2022,	NULL,	NULL,	NULL,	1043,	9,	0,	0),
(2028,	'Cajon 1044',	432,	9,	'2022-06-23 08:30:38',	'2022-07-04 09:10:44',	1,	2022,	'Si',	NULL,	NULL,	1044,	3,	0,	1),
(2029,	'Cajon 1044 (2)',	432,	1,	'2022-06-23 08:30:38',	'2022-06-23 08:30:38',	1,	2022,	NULL,	NULL,	NULL,	1044,	9,	0,	0),
(2030,	'Cajon 3043',	432,	9,	'2022-06-23 08:30:38',	'2022-07-04 09:09:59',	1,	2024,	'Si',	NULL,	NULL,	3043,	3,	0,	1),
(2031,	'Cajon 3043 (2)',	432,	1,	'2022-06-23 08:30:38',	'2022-06-23 08:30:38',	1,	2024,	NULL,	NULL,	NULL,	3043,	9,	0,	0),
(2032,	'Cajon 3044',	432,	3,	'2022-06-23 08:30:38',	'2022-07-04 09:08:57',	1,	2024,	'Si',	NULL,	NULL,	3044,	3,	0,	1),
(2033,	'Cajon 3044 (2)',	432,	1,	'2022-06-23 08:30:38',	'2022-06-23 08:30:38',	1,	2024,	NULL,	NULL,	NULL,	3044,	9,	0,	0),
(2034,	'Cajon 4125',	432,	3,	'2022-06-23 08:30:38',	'2022-07-04 09:08:47',	1,	2025,	'Si',	NULL,	NULL,	4125,	3,	0,	1),
(2035,	'Cajon 4125 (2)',	432,	1,	'2022-06-23 08:30:38',	'2022-06-23 08:30:38',	1,	2025,	NULL,	NULL,	NULL,	4125,	9,	0,	0),
(2036,	'Cajon 4126',	432,	3,	'2022-06-23 08:30:38',	'2022-07-09 11:18:36',	1,	2025,	'Si',	NULL,	NULL,	4126,	3,	0,	0),
(2037,	'Cajon 4126 (2)',	432,	1,	'2022-06-23 08:30:38',	'2022-06-23 08:30:38',	1,	2025,	NULL,	NULL,	NULL,	4126,	9,	0,	0),
(2038,	'1',	433,	9,	'2022-06-26 18:15:30',	'2022-07-12 09:55:10',	0,	NULL,	'No',	NULL,	'tapa Listones de cierre y piso',	NULL,	9,	1,	0),
(2039,	'2',	433,	3,	'2022-06-26 18:15:30',	'2022-07-09 14:50:22',	0,	NULL,	'Si',	NULL,	'Modulo de puerta Lado derecha',	NULL,	3,	0,	0),
(2040,	'3',	433,	3,	'2022-06-26 18:15:30',	'2022-07-04 09:12:44',	0,	NULL,	'No',	NULL,	'Banquina superior bajo tapa',	NULL,	3,	1,	1),
(2041,	'4',	433,	3,	'2022-06-26 18:15:30',	'2022-06-28 09:00:02',	0,	NULL,	'Si',	NULL,	'Cajonera lado izquierdo',	NULL,	3,	1,	1),
(2042,	'5',	433,	3,	'2022-06-26 18:15:30',	'2022-06-28 09:00:35',	0,	NULL,	'No',	NULL,	'MOdulo colgante lado iz',	NULL,	3,	1,	1),
(2043,	'6',	433,	3,	'2022-06-26 18:15:30',	'2022-06-26 18:18:26',	0,	NULL,	'Si',	NULL,	'MOdulo colgante lado derecho',	NULL,	3,	1,	1),
(2044,	'7',	433,	3,	'2022-06-26 18:15:30',	'2022-06-26 18:18:19',	0,	NULL,	'Si',	NULL,	'mesa de luz',	NULL,	3,	0,	1),
(2045,	'8',	433,	3,	'2022-06-26 18:15:30',	'2022-07-04 09:01:06',	0,	NULL,	'Si',	NULL,	'mesa de luz',	NULL,	3,	1,	1),
(2046,	'Cajon 4387',	433,	1,	'2022-06-26 18:15:30',	'2022-06-26 18:15:30',	1,	2041,	NULL,	NULL,	NULL,	4387,	9,	0,	0),
(2047,	'Cajon 4387 (2)',	433,	1,	'2022-06-26 18:15:30',	'2022-06-26 18:15:30',	1,	2041,	NULL,	NULL,	NULL,	4387,	9,	0,	0),
(2048,	'Cajon 4382',	433,	1,	'2022-06-26 18:15:30',	'2022-06-26 18:15:30',	1,	2041,	NULL,	NULL,	NULL,	4382,	9,	0,	0),
(2049,	'Cajon 4382 (2)',	433,	1,	'2022-06-26 18:15:30',	'2022-06-26 18:15:30',	1,	2041,	NULL,	NULL,	NULL,	4382,	9,	0,	0),
(2050,	'Cajon 4040',	433,	3,	'2022-06-26 18:15:30',	'2022-07-04 09:12:30',	1,	2041,	'Si',	NULL,	NULL,	4040,	3,	0,	1),
(2051,	'Cajon 4040 (2)',	433,	1,	'2022-06-26 18:15:30',	'2022-06-26 18:15:30',	1,	2041,	NULL,	NULL,	NULL,	4040,	9,	0,	0),
(2052,	'Cajon 4042',	433,	1,	'2022-06-26 18:15:30',	'2022-06-26 18:15:30',	1,	2041,	NULL,	NULL,	NULL,	4042,	9,	0,	0),
(2053,	'Cajon 4042 (2)',	433,	1,	'2022-06-26 18:15:30',	'2022-06-26 18:15:30',	1,	2041,	NULL,	NULL,	NULL,	4042,	9,	0,	0),
(2054,	'Cajon 4482',	433,	3,	'2022-06-26 18:15:30',	'2022-07-09 14:50:32',	1,	2041,	'Si',	NULL,	NULL,	4482,	9,	0,	0),
(2055,	'Cajon 4482 (2)',	433,	1,	'2022-06-26 18:15:30',	'2022-06-26 18:15:30',	1,	2041,	NULL,	NULL,	NULL,	4482,	9,	0,	0),
(2056,	'Cajon 7033',	433,	3,	'2022-06-26 18:15:30',	'2022-07-04 09:02:01',	1,	2044,	'Si',	NULL,	NULL,	7033,	9,	0,	0),
(2057,	'Cajon 7033 (2)',	433,	1,	'2022-06-26 18:15:30',	'2022-06-26 18:15:30',	1,	2044,	NULL,	NULL,	NULL,	7033,	9,	0,	0),
(2058,	'Cajon 7035',	433,	3,	'2022-06-26 18:15:30',	'2022-07-04 09:01:02',	1,	2044,	'Si',	NULL,	NULL,	7035,	3,	0,	1),
(2059,	'Cajon 7035 (2)',	433,	1,	'2022-06-26 18:15:30',	'2022-06-26 18:15:30',	1,	2044,	NULL,	NULL,	NULL,	7035,	9,	0,	0),
(2060,	'Cajon 8033',	433,	3,	'2022-06-26 18:15:30',	'2022-07-01 07:35:19',	1,	2045,	'Si',	NULL,	NULL,	8033,	3,	0,	1),
(2061,	'Cajon 8033 (2)',	433,	1,	'2022-06-26 18:15:30',	'2022-06-26 18:15:30',	1,	2045,	NULL,	NULL,	NULL,	8033,	9,	0,	0),
(2062,	'Cajon 8035',	433,	3,	'2022-06-26 18:15:30',	'2022-06-28 09:00:42',	1,	2045,	'Si',	NULL,	NULL,	8035,	3,	0,	1),
(2063,	'Cajon 8035 (2)',	433,	1,	'2022-06-26 18:15:30',	'2022-06-26 18:15:30',	1,	2045,	NULL,	NULL,	NULL,	8035,	9,	0,	0),
(2064,	'1',	434,	3,	'2022-07-05 13:35:24',	'2022-07-05 13:43:45',	0,	NULL,	'No',	NULL,	'MOdulo interior y puertas',	NULL,	3,	1,	1),
(2065,	'2',	434,	3,	'2022-07-05 13:35:24',	'2022-07-05 13:42:51',	0,	NULL,	'Si',	NULL,	'puertas',	NULL,	9,	0,	1),
(2066,	'Cajon 1107',	434,	1,	'2022-07-05 13:35:24',	'2022-07-05 13:35:24',	1,	2064,	NULL,	NULL,	NULL,	1107,	9,	0,	0),
(2067,	'Cajon 1107 (2)',	434,	1,	'2022-07-05 13:35:24',	'2022-07-05 13:35:24',	1,	2064,	NULL,	NULL,	NULL,	1107,	9,	0,	0),
(2068,	'Cajon 1109',	434,	1,	'2022-07-05 13:35:24',	'2022-07-05 13:35:24',	1,	2064,	NULL,	NULL,	NULL,	1109,	9,	0,	0),
(2069,	'Cajon 1109 (2)',	434,	1,	'2022-07-05 13:35:24',	'2022-07-05 13:35:24',	1,	2064,	NULL,	NULL,	NULL,	1109,	9,	0,	0),
(2070,	'Cajon 1111',	434,	1,	'2022-07-05 13:35:24',	'2022-07-05 13:35:24',	1,	2064,	NULL,	NULL,	NULL,	1111,	9,	0,	0),
(2071,	'Cajon 1111 (2)',	434,	1,	'2022-07-05 13:35:24',	'2022-07-05 13:35:24',	1,	2064,	NULL,	NULL,	NULL,	1111,	9,	0,	0),
(2072,	'1',	435,	9,	'2022-07-12 13:13:10',	'2022-07-12 13:13:10',	0,	NULL,	'Sí',	NULL,	'cajonera 2 (bajo mesada)',	NULL,	9,	0,	0),
(2073,	'2',	435,	9,	'2022-07-12 13:13:10',	'2022-07-12 13:13:10',	0,	NULL,	'Sí',	NULL,	'puertas (bajo mesada)',	NULL,	9,	0,	0),
(2074,	'3',	435,	9,	'2022-07-12 13:13:10',	'2022-07-12 13:13:10',	0,	NULL,	'Sí',	NULL,	'cajonera 2 (bajo mesada)',	NULL,	9,	0,	0),
(2075,	'4',	435,	9,	'2022-07-12 13:13:10',	'2022-07-12 13:13:10',	0,	NULL,	'Sí',	NULL,	'MOD una puerta',	NULL,	9,	0,	0),
(2076,	'5',	435,	9,	'2022-07-12 13:13:10',	'2022-07-12 13:13:10',	0,	NULL,	'Sí',	NULL,	'frentin final',	NULL,	9,	0,	0),
(2077,	'6',	435,	9,	'2022-07-12 13:13:10',	'2022-07-12 13:13:10',	0,	NULL,	'Sí',	NULL,	'frentin final para MOD 4',	NULL,	9,	0,	0),
(2078,	'7',	435,	9,	'2022-07-12 13:13:10',	'2022-07-12 13:13:10',	0,	NULL,	'Sí',	NULL,	'puerta lateral (alacena)',	NULL,	9,	0,	0),
(2079,	'8',	435,	9,	'2022-07-12 13:13:10',	'2022-07-12 13:13:10',	0,	NULL,	'Sí',	NULL,	'modulo microondas (alacena)',	NULL,	9,	0,	0),
(2080,	'9',	435,	9,	'2022-07-12 13:13:10',	'2022-07-12 13:13:10',	0,	NULL,	'Sí',	NULL,	'puerta (alacena)',	NULL,	9,	0,	0),
(2081,	'10',	435,	9,	'2022-07-12 13:13:10',	'2022-07-12 13:13:10',	0,	NULL,	'Sí',	NULL,	'Puerta (alacena)',	NULL,	9,	0,	0),
(2082,	'11',	435,	9,	'2022-07-12 13:13:10',	'2022-07-12 13:13:10',	0,	NULL,	'Sí',	NULL,	'vinoteca',	NULL,	9,	0,	0),
(2083,	'12',	435,	9,	'2022-07-12 13:13:10',	'2022-07-12 13:13:10',	0,	NULL,	'Sí',	NULL,	'puertas (bajo mesada)',	NULL,	9,	0,	0),
(2084,	'13',	435,	3,	'2022-07-12 13:13:10',	'2022-07-12 13:41:43',	0,	NULL,	'No',	NULL,	'Frentin y listones isla',	NULL,	3,	1,	1),
(2085,	'14',	435,	3,	'2022-07-12 13:13:10',	'2022-07-12 13:41:30',	0,	NULL,	'No',	NULL,	'Cajonera isla',	NULL,	3,	1,	1),
(2086,	'15',	435,	3,	'2022-07-12 13:13:10',	'2022-07-12 13:41:19',	0,	NULL,	'Si',	NULL,	'Puerta (alacena)',	NULL,	3,	1,	1),
(2087,	'16',	435,	3,	'2022-07-12 13:13:10',	'2022-07-12 13:41:12',	0,	NULL,	'Si',	NULL,	'FONDO ISLA',	NULL,	3,	1,	1),
(2088,	'Cajon 1010',	435,	1,	'2022-07-12 13:13:10',	'2022-07-12 13:13:10',	1,	2072,	NULL,	NULL,	NULL,	1010,	9,	0,	0),
(2089,	'Cajon 1010 (2)',	435,	1,	'2022-07-12 13:13:10',	'2022-07-12 13:13:10',	1,	2072,	NULL,	NULL,	NULL,	1010,	9,	0,	0),
(2090,	'Cajon 1012',	435,	1,	'2022-07-12 13:13:10',	'2022-07-12 13:13:10',	1,	2072,	NULL,	NULL,	NULL,	1012,	9,	0,	0),
(2091,	'Cajon 1012 (2)',	435,	1,	'2022-07-12 13:13:10',	'2022-07-12 13:13:10',	1,	2072,	NULL,	NULL,	NULL,	1012,	9,	0,	0),
(2092,	'Cajon 3181',	435,	1,	'2022-07-12 13:13:10',	'2022-07-12 13:13:10',	1,	2074,	NULL,	NULL,	NULL,	3181,	9,	0,	0),
(2093,	'Cajon 3181 (2)',	435,	1,	'2022-07-12 13:13:10',	'2022-07-12 13:13:10',	1,	2074,	NULL,	NULL,	NULL,	3181,	9,	0,	0),
(2094,	'Cajon 3183',	435,	1,	'2022-07-12 13:13:10',	'2022-07-12 13:13:10',	1,	2074,	NULL,	NULL,	NULL,	3183,	9,	0,	0),
(2095,	'Cajon 3183 (2)',	435,	1,	'2022-07-12 13:13:10',	'2022-07-12 13:13:10',	1,	2074,	NULL,	NULL,	NULL,	3183,	9,	0,	0),
(2096,	'Cajon 3096',	435,	1,	'2022-07-12 13:13:10',	'2022-07-12 13:13:10',	1,	2074,	NULL,	NULL,	NULL,	3096,	9,	0,	0),
(2097,	'Cajon 3096 (2)',	435,	1,	'2022-07-12 13:13:10',	'2022-07-12 13:13:10',	1,	2074,	NULL,	NULL,	NULL,	3096,	9,	0,	0),
(2098,	'Cajon 14013',	435,	1,	'2022-07-12 13:13:10',	'2022-07-12 13:13:10',	1,	2085,	NULL,	NULL,	NULL,	14013,	9,	0,	0),
(2099,	'Cajon 14013 (2)',	435,	1,	'2022-07-12 13:13:10',	'2022-07-12 13:13:10',	1,	2085,	NULL,	NULL,	NULL,	14013,	9,	0,	0),
(2100,	'Cajon 14015',	435,	1,	'2022-07-12 13:13:10',	'2022-07-12 13:13:10',	1,	2085,	NULL,	NULL,	NULL,	14015,	9,	0,	0),
(2101,	'Cajon 14015 (2)',	435,	1,	'2022-07-12 13:13:10',	'2022-07-12 13:13:10',	1,	2085,	NULL,	NULL,	NULL,	14015,	9,	0,	0),
(2102,	'Cajon 14120',	435,	1,	'2022-07-12 13:13:10',	'2022-07-12 13:13:10',	1,	2085,	NULL,	NULL,	NULL,	14120,	9,	0,	0),
(2103,	'Cajon 14120 (2)',	435,	1,	'2022-07-12 13:13:10',	'2022-07-12 13:13:10',	1,	2085,	NULL,	NULL,	NULL,	14120,	9,	0,	0);

CREATE TABLE `niveles_complejidad` (
  `id` int(10) unsigned NOT NULL AUTO_INCREMENT,
  `etapa` varchar(191) COLLATE utf8mb4_unicode_ci NOT NULL,
  `tipo` varchar(191) COLLATE utf8mb4_unicode_ci DEFAULT NULL,
  `nivel` varchar(191) COLLATE utf8mb4_unicode_ci DEFAULT NULL,
  `min` int(11) DEFAULT NULL,
  `max` int(11) DEFAULT NULL,
  `puntos` int(11) NOT NULL,
  `created_at` timestamp NULL DEFAULT NULL,
  `updated_at` timestamp NULL DEFAULT NULL,
  PRIMARY KEY (`id`)
) ENGINE=InnoDB DEFAULT CHARSET=utf8mb4 COLLATE=utf8mb4_unicode_ci;

INSERT INTO `niveles_complejidad` (`id`, `etapa`, `tipo`, `nivel`, `min`, `max`, `puntos`, `created_at`, `updated_at`) VALUES
(1,	'corte',	'complejidad',	'alto',	700001,	10000000,	6,	NULL,	'2021-01-15 05:46:00'),
(2,	'corte',	'complejidad',	'alto',	100001,	700000,	3,	NULL,	'2020-01-31 11:41:44'),
(3,	'corte',	'complejidad',	'baja',	0,	100000,	1,	NULL,	'2020-01-31 11:41:48'),
(4,	'tapacantos',	'complejidad',	'alta',	700001,	100000000,	6,	NULL,	'2020-01-31 11:42:00'),
(5,	'tapacantos',	'complejidad',	'media',	100001,	700000,	3,	NULL,	'2020-01-31 11:42:06'),
(6,	'tapacantos',	'complejidad',	'baja',	0,	100000,	1,	NULL,	'2020-01-31 11:42:10'),
(7,	'prearmado',	'complejidad',	'alta',	700001,	100000000,	6,	NULL,	'2020-01-31 11:42:18'),
(8,	'prearmado',	'complejidad',	'media',	100001,	700000,	3,	NULL,	'2020-01-31 11:42:23'),
(9,	'prearmado',	'complejidad',	'baja',	0,	100000,	1,	NULL,	'2020-01-31 11:42:29'),
(10,	'Armado de cajones',	'cajones',	NULL,	NULL,	NULL,	5,	NULL,	NULL),
(11,	'Armado de modulos',	'modulos',	'Si',	NULL,	NULL,	1,	NULL,	'2021-01-15 05:11:51'),
(12,	'Armado de modulos',	'modulos',	'No',	NULL,	NULL,	10,	NULL,	NULL),
(13,	'Armado de modulos',	'modulos',	'Evaluar',	NULL,	NULL,	10,	NULL,	NULL);

CREATE TABLE `pagos` (
  `id` int(10) NOT NULL AUTO_INCREMENT,
  `recibo_id` bigint(20) DEFAULT NULL,
  `usuario_id` bigint(20) NOT NULL,
  `mes` int(10) DEFAULT NULL,
  `anio` int(10) DEFAULT NULL,
  `monto` float(8,2) NOT NULL,
  `medio_pago` varchar(60) DEFAULT NULL,
  `comentario` text DEFAULT NULL,
  `status` int(10) DEFAULT 1,
  `timestamps` timestamp NOT NULL DEFAULT current_timestamp() ON UPDATE current_timestamp(),
  `created_at` timestamp NOT NULL DEFAULT '0000-00-00 00:00:00',
  `updated_at` timestamp NOT NULL DEFAULT '0000-00-00 00:00:00',
  PRIMARY KEY (`id`)
) ENGINE=InnoDB DEFAULT CHARSET=utf8;


CREATE TABLE `pdfs_presupuesto` (
  `id` int(10) unsigned NOT NULL AUTO_INCREMENT,
  `token` varchar(255) COLLATE utf8mb4_unicode_ci NOT NULL,
  `pdf` varchar(255) COLLATE utf8mb4_unicode_ci NOT NULL,
  `name` varchar(255) COLLATE utf8mb4_unicode_ci NOT NULL,
  `remote` int(11) NOT NULL,
  PRIMARY KEY (`id`)
) ENGINE=InnoDB DEFAULT CHARSET=utf8mb4 COLLATE=utf8mb4_unicode_ci;


CREATE TABLE `pedidos` (
  `id` int(10) unsigned NOT NULL AUTO_INCREMENT,
  `producto` varchar(191) COLLATE utf8mb4_unicode_ci NOT NULL,
  `comentario` varchar(191) COLLATE utf8mb4_unicode_ci DEFAULT NULL,
  `cantidad` int(11) DEFAULT NULL,
  `cliente` varchar(191) COLLATE utf8mb4_unicode_ci DEFAULT NULL,
  `resumen` varchar(191) COLLATE utf8mb4_unicode_ci DEFAULT NULL,
  `imagen` varchar(191) COLLATE utf8mb4_unicode_ci DEFAULT NULL,
  `usuario` varchar(191) COLLATE utf8mb4_unicode_ci NOT NULL,
  `proveedor_id` int(11) NOT NULL,
  `estado` int(11) NOT NULL DEFAULT 0 COMMENT '0:pedido,1:En deposito,2: para pedir,3: Disponible',
  `created_at` timestamp NULL DEFAULT NULL,
  `updated_at` timestamp NULL DEFAULT NULL,
  PRIMARY KEY (`id`)
) ENGINE=InnoDB DEFAULT CHARSET=utf8mb4 COLLATE=utf8mb4_unicode_ci;


CREATE TABLE `piezas` (
  `id` int(10) unsigned NOT NULL AUTO_INCREMENT,
  `pieza` varchar(191) COLLATE utf8mb4_unicode_ci NOT NULL,
  `cantidad` int(11) NOT NULL,
  `posicion_x` int(11) NOT NULL,
  `posicion_y` int(11) NOT NULL,
  `posicion_z` int(11) NOT NULL,
  `lveta` int(11) NOT NULL,
  `aveta` int(11) NOT NULL,
  `espesor` int(11) NOT NULL,
  `orientacion` int(11) NOT NULL,
  `created_at` timestamp NULL DEFAULT NULL,
  `updated_at` timestamp NULL DEFAULT NULL,
  `modulo_id` int(10) unsigned NOT NULL,
  `material_id` int(10) unsigned NOT NULL,
  `estado_id` int(10) unsigned NOT NULL,
  `prearmado_estado_id` int(10) unsigned NOT NULL,
  `id_aux` int(11) NOT NULL,
  `comentario` text COLLATE utf8mb4_unicode_ci DEFAULT NULL,
  `tapacantos_estado_id` int(10) unsigned NOT NULL DEFAULT 1,
  `usuario_id` int(11) DEFAULT NULL,
  `va_suelta` int(11) DEFAULT 0,
  `control_estado_id` int(11) DEFAULT 9,
  `suelta_estado_id` int(11) DEFAULT 9,
  PRIMARY KEY (`id`),
  KEY `piezas_modulo_id_foreign` (`modulo_id`),
  KEY `piezas_material_id_foreign` (`material_id`),
  KEY `piezas_estado_id_foreign` (`estado_id`),
  KEY `piezas_prearmado_estado_id_foreign` (`prearmado_estado_id`),
  KEY `piezas_tapacantos_estado_id_foreign` (`tapacantos_estado_id`),
  CONSTRAINT `piezas_estado_id_foreign` FOREIGN KEY (`estado_id`) REFERENCES `estados` (`id`) ON DELETE NO ACTION ON UPDATE CASCADE,
  CONSTRAINT `piezas_material_id_foreign` FOREIGN KEY (`material_id`) REFERENCES `materiales` (`id`) ON DELETE NO ACTION ON UPDATE CASCADE,
  CONSTRAINT `piezas_modulo_id_foreign` FOREIGN KEY (`modulo_id`) REFERENCES `modulos` (`id`) ON DELETE NO ACTION ON UPDATE CASCADE,
  CONSTRAINT `piezas_prearmado_estado_id_foreign` FOREIGN KEY (`prearmado_estado_id`) REFERENCES `estados` (`id`) ON DELETE NO ACTION ON UPDATE CASCADE,
  CONSTRAINT `piezas_tapacantos_estado_id_foreign` FOREIGN KEY (`tapacantos_estado_id`) REFERENCES `estados` (`id`) ON DELETE NO ACTION ON UPDATE CASCADE
) ENGINE=InnoDB DEFAULT CHARSET=utf8mb4 COLLATE=utf8mb4_unicode_ci;


CREATE TABLE `piezas_historiales` (
  `id` int(11) NOT NULL AUTO_INCREMENT,
  `pieza_id` int(10) unsigned NOT NULL,
  `estado_id` int(10) unsigned NOT NULL,
  `etapa_id` int(11) DEFAULT NULL COMMENT '(1:Cortes, 2:Tapacantos, 3:Prearmados)',
  `usuario_id` int(11) DEFAULT NULL,
  `comentario` text DEFAULT NULL,
  `created_at` timestamp NULL DEFAULT NULL,
  PRIMARY KEY (`id`),
  KEY `pieza_id_historial_FK` (`pieza_id`) USING BTREE,
  KEY `estado_id_historial_FK` (`estado_id`) USING BTREE,
  CONSTRAINT `estado_id_historial_FK` FOREIGN KEY (`estado_id`) REFERENCES `estados` (`id`) ON DELETE NO ACTION ON UPDATE NO ACTION,
  CONSTRAINT `pieza_id_historial_FK` FOREIGN KEY (`pieza_id`) REFERENCES `piezas` (`id`) ON DELETE NO ACTION ON UPDATE NO ACTION
) ENGINE=InnoDB DEFAULT CHARSET=utf8mb4 ROW_FORMAT=DYNAMIC;


CREATE TABLE `posiciones_tapacantos` (
  `id` int(10) unsigned NOT NULL AUTO_INCREMENT,
  `posicion` varchar(191) COLLATE utf8mb4_unicode_ci NOT NULL,
  PRIMARY KEY (`id`)
) ENGINE=InnoDB DEFAULT CHARSET=utf8mb4 COLLATE=utf8mb4_unicode_ci;

INSERT INTO `posiciones_tapacantos` (`id`, `posicion`) VALUES
(1,	'Superior'),
(2,	'Inferior'),
(3,	'Derecho'),
(4,	'Izquierdo');

CREATE TABLE `presupuesto` (
  `id` int(11) NOT NULL AUTO_INCREMENT,
  `token` varchar(255) NOT NULL,
  `results` longtext NOT NULL,
  `estado` tinyint(4) NOT NULL,
  `imagen1` longtext DEFAULT '',
  `imagen2` longtext DEFAULT '',
  `imagen3` longtext DEFAULT '',
  `imagen4` longtext DEFAULT '',
  `imagen5` longtext DEFAULT '',
  `fecha` date DEFAULT current_timestamp(),
  `fecha_cotizacion` date DEFAULT NULL,
  `usuario` varchar(255) NOT NULL,
  `project_id` int(11) NOT NULL,
  `usuario_cotizando` varchar(255) DEFAULT NULL,
  `asignado_id` int(11) DEFAULT NULL,
  `dificultad_id` int(11) DEFAULT NULL,
  `prioridad_id` int(11) DEFAULT NULL,
  `seguimiento_id` int(11) DEFAULT NULL,
  `economia_id` int(11) DEFAULT NULL,
  PRIMARY KEY (`id`)
) ENGINE=InnoDB DEFAULT CHARSET=utf8;


CREATE TABLE `presupuestos` (
  `id` int(11) NOT NULL,
  `token` varchar(255) NOT NULL,
  `canal_comunicacion` varchar(255) DEFAULT NULL,
  `nombre_cliente_red` varchar(255) DEFAULT NULL,
  `comentario_resumen` longtext NOT NULL,
  `comentario_opcional` longtext DEFAULT NULL,
  `observaciones` longtext DEFAULT NULL,
  `post_texto` longtext DEFAULT NULL,
  `post_respondio` longtext DEFAULT NULL,
  `post_interno` longtext DEFAULT NULL,
  `retoma_texto` longtext DEFAULT NULL,
  `retoma_respondio` longtext DEFAULT NULL,
  `retoma_interno` longtext DEFAULT NULL,
  `clasica` longtext NOT NULL,
  `premium` longtext NOT NULL,
  `color` varchar(255) NOT NULL,
  `validez_presupuesto` date NOT NULL,
  `validez_promocion` longtext NOT NULL,
  `detalles` longtext NOT NULL,
  `condicion_pago` longtext NOT NULL,
  `comentario_interno` longtext NOT NULL,
  `elementos` longtext NOT NULL,
  `estado` tinyint(4) NOT NULL,
  `imagen1` longblob NOT NULL,
  `imagen2` longblob NOT NULL,
  `imagen3` longblob NOT NULL,
  `imagen4` longblob NOT NULL,
  `usuario_cotizado` varchar(100) DEFAULT NULL,
  PRIMARY KEY (`id`)
) ENGINE=InnoDB DEFAULT CHARSET=utf8;


CREATE TABLE `presupuestos_preset` (
  `id` int(11) NOT NULL AUTO_INCREMENT,
  `nombre` varchar(100) NOT NULL,
  `result` longtext CHARACTER SET utf8mb4 NOT NULL,
  `predeterminado` tinyint(4) NOT NULL DEFAULT 0,
  PRIMARY KEY (`id`)
) ENGINE=InnoDB DEFAULT CHARSET=utf8;


CREATE TABLE `project_responsible` (
  `id` int(10) unsigned NOT NULL AUTO_INCREMENT,
  `proyecto_id` int(10) unsigned NOT NULL,
  `usuario_id` int(10) unsigned NOT NULL,
  `created_at` timestamp NULL DEFAULT NULL,
  `updated_at` timestamp NULL DEFAULT NULL,
  PRIMARY KEY (`id`),
  UNIQUE KEY `project_responsible_proyecto_id_unique` (`proyecto_id`),
  KEY `project_responsible_usuario_id_foreign` (`usuario_id`),
  CONSTRAINT `project_responsible_proyecto_id_foreign` FOREIGN KEY (`proyecto_id`) REFERENCES `proyectos` (`id`),
  CONSTRAINT `project_responsible_usuario_id_foreign` FOREIGN KEY (`usuario_id`) REFERENCES `usuarios` (`id`)
) ENGINE=InnoDB DEFAULT CHARSET=utf8mb4 COLLATE=utf8mb4_unicode_ci;


CREATE TABLE `proveedors` (
  `id` int(10) unsigned NOT NULL AUTO_INCREMENT,
  `empresa` varchar(191) COLLATE utf8mb4_unicode_ci NOT NULL,
  `contacto` varchar(191) COLLATE utf8mb4_unicode_ci NOT NULL,
  `email` varchar(191) COLLATE utf8mb4_unicode_ci NOT NULL,
  `telefono` varchar(191) COLLATE utf8mb4_unicode_ci DEFAULT NULL,
  `direccion` varchar(191) COLLATE utf8mb4_unicode_ci DEFAULT NULL,
  `estado` varchar(191) COLLATE utf8mb4_unicode_ci NOT NULL DEFAULT '0',
  `created_at` timestamp NULL DEFAULT NULL,
  `updated_at` timestamp NULL DEFAULT NULL,
  PRIMARY KEY (`id`)
) ENGINE=InnoDB DEFAULT CHARSET=utf8mb4 COLLATE=utf8mb4_unicode_ci;

INSERT INTO `proveedors` (`id`, `empresa`, `contacto`, `email`, `telefono`, `direccion`, `estado`, `created_at`, `updated_at`) VALUES
(1,	'primer proveedor',	'el proveedor',	'admin@example.com',	'54444552222',	'Centro',	'0',	'2021-06-10 18:29:43',	'2021-06-10 18:29:43'),
(2,	'Placasur',	'Eze',	'ventasmlplak@gmail.com',	'+542216175290',	'118 N2539',	'0',	'2021-06-10 18:50:00',	'2021-06-10 18:50:00');

CREATE TABLE `proyectos` (
  `id` int(10) unsigned NOT NULL AUTO_INCREMENT,
  `proyecto` varchar(191) COLLATE utf8mb4_unicode_ci NOT NULL,
  `valor_total` double NOT NULL,
  `senia` int(11) NOT NULL,
  `instalacion_fecha` datetime NOT NULL,
  `instalacion_comentario` text COLLATE utf8mb4_unicode_ci DEFAULT NULL,
  `instalacion_nota` text COLLATE utf8mb4_unicode_ci DEFAULT NULL,
  `cliente_id` int(10) unsigned NOT NULL,
  `created_at` timestamp NULL DEFAULT NULL,
  `updated_at` timestamp NULL DEFAULT NULL,
  `assignPiezas` int(10) unsigned DEFAULT NULL,
  `assignPrearmado` int(10) unsigned DEFAULT NULL,
  `assignCajones` int(10) unsigned DEFAULT NULL,
  `assignTapacantos` int(10) unsigned DEFAULT NULL,
  `assignModulos` int(10) unsigned DEFAULT NULL,
  `assignPiezasDate` datetime DEFAULT NULL,
  `assignPrearmadoDate` datetime DEFAULT NULL,
  `assignCajonesDate` datetime DEFAULT NULL,
  `assignTapacantosDate` datetime DEFAULT NULL,
  `assignModulosDate` datetime DEFAULT NULL,
  `assistants` longtext COLLATE utf8mb4_unicode_ci DEFAULT NULL,
  `grupos` longtext COLLATE utf8mb4_unicode_ci DEFAULT NULL,
  `finalizado` tinyint(4) NOT NULL DEFAULT 0,
  `observaciones` text COLLATE utf8mb4_unicode_ci DEFAULT NULL,
  `token_project` varchar(50) COLLATE utf8mb4_unicode_ci DEFAULT NULL,
  `activo` tinyint(1) DEFAULT NULL COMMENT '0 => Force Inactive, 1 => Force Active, NULL => Automatic',
  `comentario_adicional` text COLLATE utf8mb4_unicode_ci DEFAULT NULL,
  PRIMARY KEY (`id`),
  UNIQUE KEY `proyectos_token_project_unique` (`token_project`),
  KEY `proyectos_cliente_id_foreign` (`cliente_id`),
  KEY `proyectos_assignpiezas_foreign` (`assignPiezas`),
  KEY `proyectos_assignprearmado_foreign` (`assignPrearmado`),
  KEY `proyectos_assigncajones_foreign` (`assignCajones`),
  KEY `proyectos_assigntapacantos_foreign` (`assignTapacantos`),
  KEY `proyectos_assignmodulos_foreign` (`assignModulos`),
  CONSTRAINT `proyectos_assigncajones_foreign` FOREIGN KEY (`assignCajones`) REFERENCES `usuarios` (`id`) ON DELETE NO ACTION ON UPDATE CASCADE,
  CONSTRAINT `proyectos_assignmodulos_foreign` FOREIGN KEY (`assignModulos`) REFERENCES `usuarios` (`id`) ON DELETE NO ACTION ON UPDATE CASCADE,
  CONSTRAINT `proyectos_assignpiezas_foreign` FOREIGN KEY (`assignPiezas`) REFERENCES `usuarios` (`id`) ON DELETE NO ACTION ON UPDATE CASCADE,
  CONSTRAINT `proyectos_assignprearmado_foreign` FOREIGN KEY (`assignPrearmado`) REFERENCES `usuarios` (`id`) ON DELETE NO ACTION ON UPDATE CASCADE,
  CONSTRAINT `proyectos_assigntapacantos_foreign` FOREIGN KEY (`assignTapacantos`) REFERENCES `usuarios` (`id`) ON DELETE NO ACTION ON UPDATE CASCADE,
  CONSTRAINT `proyectos_cliente_id_foreign` FOREIGN KEY (`cliente_id`) REFERENCES `clientes` (`id`) ON DELETE NO ACTION ON UPDATE CASCADE
) ENGINE=InnoDB DEFAULT CHARSET=utf8mb4 COLLATE=utf8mb4_unicode_ci;


CREATE TABLE `proyectos_actividades` (
  `id` int(10) unsigned NOT NULL AUTO_INCREMENT,
  `proyecto_id` int(10) unsigned NOT NULL,
  `actividad_id` int(10) unsigned NOT NULL,
  `usuario_id` int(10) unsigned NOT NULL,
  `fecha_inicio` timestamp NULL DEFAULT NULL,
  `fecha_fin` timestamp NULL DEFAULT NULL,
  `tiempo` int(11) DEFAULT NULL,
  `actividad` varchar(255) COLLATE utf8mb4_unicode_ci DEFAULT NULL,
  `observacion` text COLLATE utf8mb4_unicode_ci DEFAULT NULL,
  `created_at` timestamp NULL DEFAULT NULL,
  `updated_at` timestamp NULL DEFAULT NULL,
  PRIMARY KEY (`id`) USING BTREE,
  KEY `proyectos_actividades_usuario_id_fk` (`usuario_id`) USING BTREE,
  KEY `proyectos_actividades_proyecto_id_fk` (`proyecto_id`) USING BTREE,
  CONSTRAINT `proyectos_actividades_proyecto_id_fk` FOREIGN KEY (`proyecto_id`) REFERENCES `proyectos_json` (`id`) ON DELETE NO ACTION ON UPDATE CASCADE,
  CONSTRAINT `proyectos_actividades_usuario_id_fk` FOREIGN KEY (`usuario_id`) REFERENCES `usuarios` (`id`) ON DELETE NO ACTION ON UPDATE CASCADE
) ENGINE=InnoDB DEFAULT CHARSET=utf8mb4 COLLATE=utf8mb4_unicode_ci ROW_FORMAT=DYNAMIC;


CREATE TABLE `proyectos_json` (
  `id` int(10) unsigned NOT NULL AUTO_INCREMENT,
  `nombre` varchar(191) COLLATE utf8mb4_unicode_ci NOT NULL,
  `proyecto` longtext COLLATE utf8mb4_unicode_ci NOT NULL,
  `token_project` varchar(196) COLLATE utf8mb4_unicode_ci DEFAULT NULL,
  `client_name` varchar(100) COLLATE utf8mb4_unicode_ci DEFAULT NULL,
  `mueble` varchar(100) COLLATE utf8mb4_unicode_ci DEFAULT NULL,
  `address` varchar(150) COLLATE utf8mb4_unicode_ci DEFAULT NULL,
  `phone` varchar(30) COLLATE utf8mb4_unicode_ci DEFAULT NULL,
  `comentario` varchar(200) COLLATE utf8mb4_unicode_ci DEFAULT NULL,
  `estado` varchar(30) COLLATE utf8mb4_unicode_ci DEFAULT NULL,
  `encargado_inst` int(11) DEFAULT NULL,
  `encargado_med` int(11) DEFAULT NULL,
  `created_at` timestamp NULL DEFAULT NULL,
  `updated_at` timestamp NULL DEFAULT NULL,
  `settings` text COLLATE utf8mb4_unicode_ci DEFAULT NULL,
  PRIMARY KEY (`id`),
  UNIQUE KEY `proyectos_json_nombre_unique` (`nombre`),
  KEY `token_project` (`token_project`) USING HASH
) ENGINE=InnoDB DEFAULT CHARSET=utf8mb4 COLLATE=utf8mb4_unicode_ci;


CREATE TABLE `proyectos_metadata` (
  `id` int(10) unsigned NOT NULL AUTO_INCREMENT,
  `proyecto_id` int(10) unsigned NOT NULL,
  `metadata` longtext COLLATE utf8mb4_unicode_ci NOT NULL,
  `created_at` timestamp NULL DEFAULT NULL,
  `updated_at` timestamp NULL DEFAULT NULL,
  PRIMARY KEY (`id`),
  KEY `proyectos_metadata_proyecto_id_foreign` (`proyecto_id`),
  CONSTRAINT `proyectos_metadata_proyecto_id_foreign` FOREIGN KEY (`proyecto_id`) REFERENCES `proyectos` (`id`) ON DELETE NO ACTION ON UPDATE CASCADE
) ENGINE=InnoDB DEFAULT CHARSET=utf8mb4 COLLATE=utf8mb4_unicode_ci;


CREATE TABLE `proyectos_metadata_materiales` (
  `id` int(10) unsigned NOT NULL AUTO_INCREMENT,
  `material` longtext COLLATE utf8mb4_unicode_ci NOT NULL,
  `estado_id` int(10) unsigned NOT NULL DEFAULT 9,
  `proyecto_id` int(10) unsigned DEFAULT NULL,
  `created_at` timestamp NULL DEFAULT NULL,
  `updated_at` timestamp NULL DEFAULT NULL,
  PRIMARY KEY (`id`),
  KEY `proyectos_metadata_materiales_proyecto_id_foreign` (`proyecto_id`),
  KEY `proyectos_metadata_materiales_estado_id_foreign` (`estado_id`),
  CONSTRAINT `proyectos_metadata_materiales_estado_id_foreign` FOREIGN KEY (`estado_id`) REFERENCES `estados` (`id`) ON DELETE NO ACTION ON UPDATE CASCADE,
  CONSTRAINT `proyectos_metadata_materiales_proyecto_id_foreign` FOREIGN KEY (`proyecto_id`) REFERENCES `proyectos` (`id`) ON DELETE NO ACTION ON UPDATE CASCADE
) ENGINE=InnoDB DEFAULT CHARSET=utf8mb4 COLLATE=utf8mb4_unicode_ci;


CREATE TABLE `proyecto_areas` (
  `id` int(10) unsigned NOT NULL AUTO_INCREMENT,
  `name` varchar(191) NOT NULL,
  `created_at` timestamp NULL DEFAULT NULL,
  `updated_at` timestamp NULL DEFAULT NULL,
  PRIMARY KEY (`id`)
) ENGINE=InnoDB DEFAULT CHARSET=utf8;

INSERT INTO `proyecto_areas` (`id`, `name`, `created_at`, `updated_at`) VALUES
(1,	'Cortes',	'2022-06-19 04:00:00',	'2022-06-19 04:00:00'),
(2,	'Tapacantos',	'2022-06-19 04:00:00',	'2022-06-19 04:00:00'),
(3,	'Prearmado',	'2022-06-19 04:00:00',	'2022-06-19 04:00:00'),
(4,	'Notas de Acción',	'2022-06-19 04:00:00',	'2022-06-19 04:00:00'),
(5,	'Cajones',	'2022-06-19 04:00:00',	'2022-06-19 04:00:00'),
(6,	'Módulos',	'2022-06-19 04:00:00',	'2022-06-19 04:00:00');

CREATE TABLE `proyecto_etapas` (
  `id` int(10) unsigned NOT NULL AUTO_INCREMENT,
  `name` varchar(191) NOT NULL,
  `created_at` timestamp NULL DEFAULT NULL,
  `updated_at` timestamp NULL DEFAULT NULL,
  PRIMARY KEY (`id`)
) ENGINE=InnoDB DEFAULT CHARSET=utf8;

INSERT INTO `proyecto_etapas` (`id`, `name`, `created_at`, `updated_at`) VALUES
(1,	'Diseño',	'2022-06-19 04:00:00',	'2022-06-19 04:00:00'),
(2,	'Cortes',	'2022-06-19 04:00:00',	'2022-06-19 04:00:00'),
(3,	'Tapacantos',	'2022-06-19 04:00:00',	'2022-06-19 04:00:00'),
(4,	'Prearmado',	'2022-06-19 04:00:00',	'2022-06-19 04:00:00'),
(5,	'Módulo',	'2022-06-19 04:00:00',	'2022-06-19 04:00:00'),
(6,	'Cajón',	'2022-06-19 04:00:00',	'2022-06-19 04:00:00'),
(7,	'Control',	'2022-06-19 04:00:00',	'2022-06-19 04:00:00'),
(8,	'Instalación',	'2022-06-19 04:00:00',	'2022-06-19 04:00:00');

CREATE TABLE `proyecto_progresos` (
  `id` int(11) NOT NULL AUTO_INCREMENT,
  `proyecto_id` int(10) unsigned NOT NULL COMMENT 'Identificador del Proyecto',
  `stock_ok` int(11) DEFAULT 0 COMMENT 'Total de Materiales en estado OK',
  `stock_total` int(11) DEFAULT 0 COMMENT 'Total de Materiales',
  `stock_porcentaje` float(8,2) DEFAULT 0.00 COMMENT 'Relacion porcentual entre total y ok de Materiales',
  `modulos_ok` int(11) DEFAULT 0 COMMENT 'Total de Modulos en estado OK',
  `modulos_total` int(11) DEFAULT 0 COMMENT 'Total de Modulos',
  `modulos_porcentaje` float(8,2) DEFAULT 0.00 COMMENT 'Relacion porcentual entre total y ok de Modulos',
  `cajones_ok` int(11) DEFAULT 0 COMMENT 'Total de Cajones en estado OK',
  `cajones_total` int(11) DEFAULT 0 COMMENT 'Total de Cajones',
  `cajones_porcentaje` float(8,2) DEFAULT 0.00 COMMENT 'Relacion porcentual entre total y ok de Cajones',
  `piezas_ok` int(11) DEFAULT 0 COMMENT 'Total de Piezas en estado OK',
  `piezas_total` int(11) DEFAULT 0 COMMENT 'Total de Piezas',
  `piezas_porcentaje` float(8,2) DEFAULT 0.00 COMMENT 'Relacion porcentual entre total y ok de Piezas',
  `tapacantos_ok` int(11) DEFAULT 0 COMMENT 'Total de Tapacantos en estado OK',
  `tapacantos_total` int(11) DEFAULT 0 COMMENT 'Total de Tapacantos',
  `tapacantos_porcentaje` float(8,2) DEFAULT 0.00 COMMENT 'Relacion porcentual entre total y ok de Tapacantos',
  `prearmados_ok` int(11) DEFAULT 0 COMMENT 'Total de Prearmados en estado OK',
  `prearmados_total` int(11) DEFAULT 0 COMMENT 'Total de Prearmados',
  `prearmados_porcentaje` float(8,2) DEFAULT 0.00 COMMENT 'Relacion porcentual entre total y ok de Prearmados',
  `notas_ok` int(11) DEFAULT 0 COMMENT 'Total de Notas de accion en estado OK',
  `notas_total` int(11) DEFAULT 0 COMMENT 'Total de Notas de Accion',
  `notas_porcentaje` float(8,2) DEFAULT 0.00 COMMENT 'Relacion porcentual entre total y ok de Notas de accion',
  `controles_ok` int(11) DEFAULT 0 COMMENT 'Total de Controles en estado OK',
  `controles_total` int(11) DEFAULT 0 COMMENT 'Total de Controles',
  `controles_porcentaje` float(8,2) DEFAULT 0.00 COMMENT 'Relacion porcentual entre total y ok de Controles',
  `total_porcentaje` float(8,2) DEFAULT 0.00 COMMENT 'Total porcentaje',
  `created_at` timestamp NOT NULL DEFAULT current_timestamp() ON UPDATE current_timestamp(),
  `updated_at` timestamp NOT NULL DEFAULT current_timestamp() ON UPDATE current_timestamp(),
  PRIMARY KEY (`id`) USING BTREE,
  KEY `proyecto_id_proyecto_progreso_FK` (`proyecto_id`),
  CONSTRAINT `proyecto_id_proyecto_progreso_FK` FOREIGN KEY (`proyecto_id`) REFERENCES `proyectos` (`id`) ON DELETE NO ACTION ON UPDATE NO ACTION
) ENGINE=InnoDB DEFAULT CHARSET=utf8mb4 ROW_FORMAT=DYNAMIC;

INSERT INTO `proyecto_progresos` (`id`, `proyecto_id`, `stock_ok`, `stock_total`, `stock_porcentaje`, `modulos_ok`, `modulos_total`, `modulos_porcentaje`, `cajones_ok`, `cajones_total`, `cajones_porcentaje`, `piezas_ok`, `piezas_total`, `piezas_porcentaje`, `tapacantos_ok`, `tapacantos_total`, `tapacantos_porcentaje`, `prearmados_ok`, `prearmados_total`, `prearmados_porcentaje`, `notas_ok`, `notas_total`, `notas_porcentaje`, `controles_ok`, `controles_total`, `controles_porcentaje`, `total_porcentaje`, `created_at`, `updated_at`) VALUES
(1,	432,	0,	6,	0.00,	4,	4,	100.00,	3,	12,	25.00,	5,	81,	6.17,	2,	102,	1.96,	0,	81,	0.00,	0,	0,	100.00,	0,	0,	0.00,	26.63,	'2022-07-16 16:57:16',	'2022-07-16 16:57:16'),
(2,	433,	1,	8,	12.50,	7,	8,	87.50,	6,	18,	33.33,	3,	123,	2.44,	2,	155,	1.29,	2,	123,	1.63,	0,	0,	100.00,	0,	0,	0.00,	25.24,	'2022-07-16 16:57:16',	'2022-07-16 16:57:16'),
(3,	434,	0,	8,	0.00,	2,	2,	100.00,	0,	6,	0.00,	3,	41,	7.32,	2,	48,	4.17,	2,	41,	4.88,	0,	0,	100.00,	0,	0,	0.00,	23.27,	'2022-07-17 00:54:57',	'2022-07-16 20:54:57'),
(5,	425,	1,	5,	20.00,	0,	2,	0.00,	0,	8,	0.00,	0,	57,	0.00,	0,	73,	0.00,	0,	57,	0.00,	0,	0,	100.00,	0,	0,	0.00,	0.00,	'2022-07-16 16:57:55',	'2022-07-16 16:57:55'),
(6,	345,	0,	2,	0.00,	0,	1,	0.00,	0,	0,	100.00,	12,	18,	66.67,	11,	22,	50.00,	6,	18,	33.33,	0,	0,	100.00,	0,	0,	0.00,	37.50,	'2022-07-16 16:58:28',	'2022-07-16 16:58:28'),
(7,	361,	0,	4,	0.00,	0,	1,	0.00,	0,	8,	0.00,	8,	44,	18.18,	12,	56,	21.43,	6,	44,	13.64,	0,	0,	100.00,	0,	0,	0.00,	10.65,	'2022-07-16 16:58:29',	'2022-07-16 16:58:29'),
(8,	362,	4,	4,	100.00,	2,	2,	100.00,	9,	16,	56.25,	20,	96,	20.83,	24,	120,	20.00,	8,	96,	8.33,	0,	0,	100.00,	0,	0,	0.00,	41.08,	'2022-07-16 16:58:29',	'2022-07-16 16:58:29'),
(9,	363,	0,	2,	0.00,	0,	1,	0.00,	0,	0,	100.00,	1,	7,	14.29,	0,	11,	0.00,	0,	7,	0.00,	0,	0,	100.00,	0,	0,	0.00,	3.57,	'2022-07-16 16:58:29',	'2022-07-16 16:58:29'),
(10,	364,	2,	2,	100.00,	1,	2,	50.00,	0,	0,	100.00,	4,	9,	44.44,	8,	17,	47.06,	2,	9,	22.22,	0,	0,	100.00,	0,	0,	0.00,	40.93,	'2022-07-16 16:58:29',	'2022-07-16 16:58:29'),
(11,	365,	2,	2,	100.00,	1,	2,	50.00,	0,	0,	100.00,	2,	9,	22.22,	6,	17,	35.29,	1,	9,	11.11,	0,	0,	100.00,	0,	0,	0.00,	29.66,	'2022-07-16 16:58:29',	'2022-07-16 16:58:29'),
(12,	366,	0,	2,	0.00,	0,	2,	0.00,	0,	0,	100.00,	3,	10,	30.00,	0,	18,	0.00,	0,	10,	0.00,	0,	0,	100.00,	0,	0,	0.00,	7.50,	'2022-07-16 16:58:29',	'2022-07-16 16:58:29'),
(13,	367,	0,	3,	0.00,	2,	2,	100.00,	0,	0,	100.00,	1,	11,	9.09,	3,	18,	16.67,	1,	11,	9.09,	0,	0,	100.00,	0,	0,	0.00,	33.71,	'2022-07-16 16:58:29',	'2022-07-16 16:58:29'),
(14,	368,	0,	2,	0.00,	0,	2,	0.00,	0,	0,	100.00,	0,	9,	0.00,	0,	17,	0.00,	0,	9,	0.00,	0,	0,	100.00,	0,	0,	0.00,	0.00,	'2022-07-16 16:58:29',	'2022-07-16 16:58:29'),
(15,	369,	2,	2,	100.00,	0,	2,	0.00,	0,	0,	100.00,	4,	8,	50.00,	8,	16,	50.00,	0,	8,	0.00,	0,	0,	100.00,	0,	0,	0.00,	25.00,	'2022-07-16 16:58:29',	'2022-07-16 16:58:29'),
(16,	370,	0,	2,	0.00,	0,	2,	0.00,	0,	0,	100.00,	4,	19,	21.05,	12,	27,	44.44,	1,	19,	5.26,	0,	0,	100.00,	0,	0,	0.00,	17.69,	'2022-07-16 16:58:30',	'2022-07-16 16:58:30'),
(17,	371,	0,	3,	0.00,	0,	1,	0.00,	0,	0,	100.00,	0,	7,	0.00,	0,	10,	0.00,	0,	7,	0.00,	0,	0,	100.00,	0,	0,	0.00,	0.00,	'2022-07-16 16:58:30',	'2022-07-16 16:58:30'),
(18,	372,	0,	7,	0.00,	0,	6,	0.00,	0,	88,	0.00,	0,	380,	0.00,	0,	472,	0.00,	0,	380,	0.00,	0,	0,	100.00,	0,	0,	0.00,	0.00,	'2022-07-16 16:58:31',	'2022-07-16 16:58:31'),
(19,	373,	0,	5,	0.00,	0,	1,	0.00,	0,	6,	0.00,	1,	40,	2.50,	0,	47,	0.00,	0,	40,	0.00,	0,	0,	100.00,	0,	0,	0.00,	0.50,	'2022-07-16 16:58:31',	'2022-07-16 16:58:31'),
(20,	376,	0,	6,	0.00,	0,	3,	0.00,	0,	32,	0.00,	1,	140,	0.71,	0,	186,	0.00,	0,	140,	0.00,	2,	3,	66.67,	0,	0,	0.00,	11.23,	'2022-07-16 16:58:32',	'2022-07-16 16:58:32'),
(21,	354,	0,	2,	0.00,	0,	3,	0.00,	0,	0,	100.00,	0,	54,	0.00,	0,	66,	0.00,	0,	54,	0.00,	0,	0,	100.00,	0,	0,	0.00,	0.00,	'2022-07-16 16:58:57',	'2022-07-16 16:58:57'),
(22,	355,	0,	6,	0.00,	0,	4,	0.00,	0,	24,	0.00,	1,	159,	0.63,	3,	196,	1.53,	1,	159,	0.63,	0,	0,	100.00,	0,	0,	0.00,	0.56,	'2022-07-16 16:58:57',	'2022-07-16 16:58:57'),
(23,	356,	0,	4,	0.00,	0,	1,	0.00,	0,	12,	0.00,	0,	53,	0.00,	0,	69,	0.00,	0,	53,	0.00,	0,	0,	100.00,	0,	0,	0.00,	0.00,	'2022-07-16 16:58:58',	'2022-07-16 16:58:58'),
(24,	357,	1,	3,	33.33,	1,	2,	50.00,	0,	0,	100.00,	1,	18,	5.56,	3,	26,	11.54,	1,	18,	5.56,	0,	0,	100.00,	0,	0,	0.00,	18.16,	'2022-07-16 16:58:58',	'2022-07-16 16:58:58'),
(25,	358,	0,	2,	0.00,	0,	1,	0.00,	0,	0,	100.00,	0,	10,	0.00,	0,	14,	0.00,	0,	10,	0.00,	0,	0,	100.00,	0,	0,	0.00,	0.00,	'2022-07-16 16:58:58',	'2022-07-16 16:58:58'),
(26,	359,	0,	4,	0.00,	0,	1,	0.00,	0,	8,	0.00,	2,	28,	7.14,	3,	40,	7.50,	1,	28,	3.57,	0,	0,	100.00,	0,	0,	0.00,	3.64,	'2022-07-16 16:58:58',	'2022-07-16 16:58:58'),
(27,	423,	0,	5,	0.00,	0,	2,	0.00,	0,	0,	100.00,	0,	25,	0.00,	0,	32,	0.00,	0,	25,	0.00,	0,	0,	100.00,	0,	0,	0.00,	0.00,	'2022-07-16 17:01:00',	'2022-07-16 17:01:00'),
(28,	424,	0,	9,	0.00,	0,	1,	0.00,	0,	6,	0.00,	1,	59,	1.69,	0,	60,	0.00,	0,	59,	0.00,	0,	0,	100.00,	0,	0,	0.00,	0.34,	'2022-07-16 17:01:00',	'2022-07-16 17:01:00'),
(30,	342,	1,	3,	33.33,	0,	1,	0.00,	0,	0,	100.00,	21,	27,	77.78,	24,	30,	80.00,	19,	27,	70.37,	0,	0,	100.00,	0,	0,	0.00,	57.04,	'2022-07-17 21:49:14',	'2022-07-17 17:49:14'),
(31,	435,	0,	9,	0.00,	4,	16,	25.00,	0,	0,	100.00,	24,	154,	15.58,	0,	239,	0.00,	0,	154,	0.00,	0,	0,	100.00,	0,	0,	0.00,	10.15,	'2022-07-20 20:31:26',	'2022-07-20 20:31:26');

CREATE TABLE `puntajes` (
  `id` int(10) unsigned NOT NULL AUTO_INCREMENT,
  `usuario_id` int(11) DEFAULT NULL,
  `etapa` varchar(191) COLLATE utf8mb4_unicode_ci NOT NULL,
  `puntos` int(11) DEFAULT NULL,
  `pieza_id` int(10) unsigned DEFAULT NULL,
  `created_at` timestamp NULL DEFAULT NULL,
  `updated_at` timestamp NULL DEFAULT NULL,
  PRIMARY KEY (`id`)
) ENGINE=InnoDB DEFAULT CHARSET=utf8mb4 COLLATE=utf8mb4_unicode_ci;


CREATE TABLE `puntos_piezas` (
  `id` int(10) unsigned NOT NULL AUTO_INCREMENT,
  `usuario_id_corte` int(10) unsigned DEFAULT NULL,
  `usuario_id_prearmado` int(10) unsigned DEFAULT NULL,
  `usuario_id_tapacantos` int(10) unsigned DEFAULT NULL,
  `usuario_id_modulo` int(10) unsigned DEFAULT NULL,
  `usuario_id_cajones` int(10) unsigned DEFAULT NULL,
  `puntos_corte` int(11) DEFAULT NULL,
  `puntos_prearmado` int(11) DEFAULT NULL,
  `puntos_tapacantos` int(11) DEFAULT NULL,
  `puntos_modulo` int(11) DEFAULT NULL,
  `puntos_cajones` int(11) DEFAULT NULL,
  `pieza_id` int(10) unsigned DEFAULT NULL,
  `modulo_id` int(10) unsigned DEFAULT NULL,
  `is_cajon` tinyint(1) NOT NULL DEFAULT 0,
  `created_at` timestamp NULL DEFAULT NULL,
  `updated_at` timestamp NULL DEFAULT NULL,
  PRIMARY KEY (`id`),
  KEY `puntos_piezas_pieza_id_foreign` (`pieza_id`),
  KEY `puntos_piezas_modulo_id_foreign` (`modulo_id`),
  CONSTRAINT `puntos_piezas_modulo_id_foreign` FOREIGN KEY (`modulo_id`) REFERENCES `piezas` (`id`) ON DELETE NO ACTION ON UPDATE CASCADE,
  CONSTRAINT `puntos_piezas_pieza_id_foreign` FOREIGN KEY (`pieza_id`) REFERENCES `piezas` (`id`) ON DELETE NO ACTION ON UPDATE CASCADE
) ENGINE=InnoDB DEFAULT CHARSET=utf8mb4 COLLATE=utf8mb4_unicode_ci;


CREATE TABLE `rangos` (
  `id` int(10) unsigned NOT NULL AUTO_INCREMENT,
  `nombre` varchar(50) NOT NULL,
  `valor` decimal(8,2) NOT NULL,
  `suma_no_remunerativa` decimal(8,2) DEFAULT NULL,
  `created_at` timestamp NOT NULL DEFAULT current_timestamp(),
  `updated_at` timestamp NOT NULL DEFAULT current_timestamp(),
  PRIMARY KEY (`id`)
) ENGINE=InnoDB DEFAULT CHARSET=utf8;

INSERT INTO `rangos` (`id`, `nombre`, `valor`, `suma_no_remunerativa`, `created_at`, `updated_at`) VALUES
(1,	'Oficial genreral',	160.00,	0.01,	'2022-02-07 20:17:57',	'2022-03-16 07:18:00'),
(3,	'medio oficial',	164.00,	0.01,	'2022-02-14 09:48:10',	'2022-03-16 07:18:11'),
(4,	'NUEVO',	250.00,	1.00,	'2022-03-16 07:18:32',	'2022-03-16 07:18:32');

CREATE TABLE `recibos` (
  `id` int(10) NOT NULL AUTO_INCREMENT,
  `usuario_id` bigint(20) NOT NULL,
  `mes` int(10) NOT NULL,
  `anio` int(10) NOT NULL,
  `diasLaborables` int(10) DEFAULT NULL,
  `diasLaborados` int(10) DEFAULT NULL,
  `faltasInjustificadas` int(10) DEFAULT NULL,
  `faltasJustificadas` int(10) DEFAULT NULL,
  `feriados` int(10) DEFAULT NULL,
  `total_horas` float(8,2) NOT NULL DEFAULT 0.00,
  `total_horas_extra` float(8,2) NOT NULL DEFAULT 0.00,
  `total_horas_sabado_ingles` float(8,2) NOT NULL DEFAULT 0.00,
  `presentismo` float(8,2) NOT NULL DEFAULT 0.00,
  `valor_hora` float(8,2) NOT NULL DEFAULT 0.00,
  `valor_hora_extra` float(8,2) NOT NULL DEFAULT 0.00,
  `valor_hora_sabado_ingles` float(8,2) NOT NULL DEFAULT 0.00,
  `valor_hora_total` float(8,2) NOT NULL DEFAULT 0.00,
  `valor_plus_encargado` float(8,2) NOT NULL DEFAULT 0.00,
  `valor_plus_mes` float(8,2) NOT NULL DEFAULT 0.00,
  `total` float(8,2) NOT NULL DEFAULT 0.00,
  `status` int(10) NOT NULL DEFAULT 1,
  `created_at` timestamp NOT NULL DEFAULT current_timestamp() ON UPDATE current_timestamp(),
  `updated_at` timestamp NOT NULL DEFAULT '0000-00-00 00:00:00',
  PRIMARY KEY (`id`)
) ENGINE=InnoDB DEFAULT CHARSET=utf8;

INSERT INTO `recibos` (`id`, `usuario_id`, `mes`, `anio`, `diasLaborables`, `diasLaborados`, `faltasInjustificadas`, `faltasJustificadas`, `feriados`, `total_horas`, `total_horas_extra`, `total_horas_sabado_ingles`, `presentismo`, `valor_hora`, `valor_hora_extra`, `valor_hora_sabado_ingles`, `valor_hora_total`, `valor_plus_encargado`, `valor_plus_mes`, `total`, `status`, `created_at`, `updated_at`) VALUES
(1,	48,	5,	2021,	24,	4,	19,	1,	2,	0.00,	0.00,	0.00,	15.12,	1511.67,	0.00,	0.00,	1511.67,	10.00,	100.00,	1636.78,	1,	'2021-06-01 00:13:08',	'2021-05-31 21:13:08'),
(2,	11,	4,	2021,	26,	27,	-1,	16,	0,	0.00,	0.00,	0.00,	0.00,	35870.00,	0.00,	2567.17,	38437.17,	100.00,	0.00,	42380.88,	1,	'2021-06-05 19:07:45',	'2021-06-05 16:07:45'),
(3,	29,	6,	2021,	26,	8,	18,	8,	0,	0.00,	0.00,	0.00,	0.00,	0.00,	0.00,	0.00,	0.00,	5000.00,	200.00,	5200.00,	1,	'2021-06-05 16:06:27',	'2021-06-05 16:06:27'),
(4,	29,	1,	2022,	26,	1,	25,	1,	0,	0.00,	0.00,	0.00,	0.00,	640.00,	0.00,	0.00,	640.00,	0.00,	500.00,	1140.00,	1,	'2022-02-17 13:01:56',	'2022-02-17 13:01:56'),
(5,	29,	2,	2022,	24,	0,	24,	0,	0,	0.00,	0.00,	0.00,	0.00,	0.00,	0.00,	0.00,	0.00,	0.00,	500.00,	500.00,	1,	'2022-02-17 13:02:29',	'2022-02-17 13:02:29'),
(6,	11,	1,	2022,	26,	0,	26,	0,	0,	0.00,	0.00,	0.00,	0.00,	0.00,	0.00,	0.00,	0.00,	200.00,	0.00,	200.00,	1,	'2022-02-17 14:28:12',	'2022-02-17 14:28:12');

CREATE TABLE `recibo_salarios` (
  `id` int(10) NOT NULL AUTO_INCREMENT,
  `usuario_id` bigint(20) NOT NULL,
  `mes` int(10) NOT NULL,
  `anio` int(10) NOT NULL,
  `dias_laborables` int(10) DEFAULT NULL,
  `dias_laborados` int(10) DEFAULT NULL,
  `horas_trabajadas_reales` float(8,2) NOT NULL DEFAULT 0.00,
  `faltas_justificadas` float(8,2) NOT NULL DEFAULT 0.00,
  `faltas_injustificadas` float(8,2) NOT NULL DEFAULT 0.00,
  `horas_debidas` float(8,2) NOT NULL DEFAULT 0.00,
  `horas_trabajadas` float(8,2) NOT NULL DEFAULT 0.00,
  `horas_extras` float(8,2) NOT NULL DEFAULT 0.00,
  `horas_sabado_ingles` float(8,2) NOT NULL DEFAULT 0.00,
  `horas_feriadas` float(8,2) NOT NULL DEFAULT 0.00,
  `valor_hora` float(8,2) NOT NULL DEFAULT 0.00,
  `valor_suma_no_remunerativa` float(8,2) NOT NULL DEFAULT 0.00,
  `valor_asignacion_extraordinaria` float(8,2) NOT NULL DEFAULT 0.00,
  `valor_hora_sabado_ingles` float(8,2) NOT NULL DEFAULT 0.00,
  `hora_x_falta_justificadas` float(8,2) NOT NULL DEFAULT 0.00,
  `hora_x_falta_injustificadas` float(8,2) NOT NULL DEFAULT 0.00,
  `hora_mas_falta_justificadas` float(8,2) NOT NULL DEFAULT 0.00,
  `valor_hora_extra` float(8,2) NOT NULL DEFAULT 0.00,
  `antiguedad` float(8,2) NOT NULL DEFAULT 0.00,
  `valor_descuento` float(8,2) NOT NULL DEFAULT 0.00,
  `presentismo` float(8,2) NOT NULL DEFAULT 0.00,
  `valor_jubilacion` float(8,2) NOT NULL DEFAULT 0.00,
  `valor_innslp` float(8,2) NOT NULL DEFAULT 0.00,
  `valor_obra_social` float(8,2) NOT NULL DEFAULT 0.00,
  `valor_sindicato` float(8,2) NOT NULL DEFAULT 0.00,
  `valor_seguro_vida` float(8,2) NOT NULL DEFAULT 0.00,
  `valor_plus_mes` float(8,2) NOT NULL DEFAULT 0.00,
  `subtotal_descuento` float(8,2) NOT NULL DEFAULT 0.00,
  `subtotal_remunerativo` float(8,2) NOT NULL DEFAULT 0.00,
  `subtotal_noremunerativo` float(8,2) NOT NULL DEFAULT 0.00,
  `total` float(8,2) NOT NULL DEFAULT 0.00,
  `status` int(10) NOT NULL DEFAULT 1,
  `created_at` timestamp NOT NULL DEFAULT current_timestamp() ON UPDATE current_timestamp(),
  `updated_at` timestamp NOT NULL DEFAULT current_timestamp() ON UPDATE current_timestamp(),
  PRIMARY KEY (`id`)
) ENGINE=InnoDB DEFAULT CHARSET=utf8;

INSERT INTO `recibo_salarios` (`id`, `usuario_id`, `mes`, `anio`, `dias_laborables`, `dias_laborados`, `horas_trabajadas_reales`, `faltas_justificadas`, `faltas_injustificadas`, `horas_debidas`, `horas_trabajadas`, `horas_extras`, `horas_sabado_ingles`, `horas_feriadas`, `valor_hora`, `valor_suma_no_remunerativa`, `valor_asignacion_extraordinaria`, `valor_hora_sabado_ingles`, `hora_x_falta_justificadas`, `hora_x_falta_injustificadas`, `hora_mas_falta_justificadas`, `valor_hora_extra`, `antiguedad`, `valor_descuento`, `presentismo`, `valor_jubilacion`, `valor_innslp`, `valor_obra_social`, `valor_sindicato`, `valor_seguro_vida`, `valor_plus_mes`, `subtotal_descuento`, `subtotal_remunerativo`, `subtotal_noremunerativo`, `total`, `status`, `created_at`, `updated_at`) VALUES
(5,	11,	3,	2022,	27,	20,	0.00,	101.00,	48.00,	184.00,	164.00,	0.00,	2.00,	0.00,	26896.00,	2.65,	0.00,	656.00,	16564.00,	7872.00,	265.00,	0.00,	826.56,	0.00,	0.00,	4077.76,	1112.20,	1112.20,	1112.12,	556.06,	0.00,	7970.33,	37070.56,	2.65,	29102.88,	1,	'2022-03-23 13:19:14',	'2022-03-23 09:19:14');

CREATE TABLE `roles` (
  `id` int(10) unsigned NOT NULL AUTO_INCREMENT,
  `rol` varchar(191) COLLATE utf8mb4_unicode_ci NOT NULL,
  PRIMARY KEY (`id`)
) ENGINE=InnoDB DEFAULT CHARSET=utf8mb4 COLLATE=utf8mb4_unicode_ci;

INSERT INTO `roles` (`id`, `rol`) VALUES
(1,	'Administrador'),
(2,	'Usuario');

CREATE TABLE `session` (
  `id` int(10) NOT NULL AUTO_INCREMENT,
  `user` varchar(60) NOT NULL,
  `usuario_id` int(10) NOT NULL,
  `lastlogin` timestamp NOT NULL DEFAULT current_timestamp() ON UPDATE current_timestamp(),
  `time_in` varchar(5) NOT NULL,
  PRIMARY KEY (`id`)
) ENGINE=InnoDB DEFAULT CHARSET=utf8mb4;

INSERT INTO `session` (`id`, `user`, `usuario_id`, `lastlogin`, `time_in`) VALUES
(5,	'LUISR',	37,	'2022-04-01 21:04:00',	'21:04'),
(6,	'Mlplak',	11,	'2022-07-20 07:10:00',	'07:10'),
(7,	'Usuario22',	56,	'2022-07-08 07:29:00',	'07:29'),
(8,	'MLPLAKUsuario',	29,	'2022-07-12 13:11:00',	'13:11'),
(9,	'victorS',	48,	'2021-11-15 14:27:07',	'10:27'),
(10,	'Usurario23',	58,	'2022-07-08 09:37:00',	'09:37'),
(11,	'Marce',	53,	'2022-06-14 08:48:00',	'08:48'),
(12,	'tobias',	38,	'2022-07-20 20:19:00',	'20:19'),
(13,	'DENIS2',	57,	'2022-03-25 19:32:00',	'19:32'),
(14,	'nelson',	33,	'2022-06-27 02:23:00',	'02:23'),
(15,	'dev3',	60,	'2022-07-02 21:32:00',	'21:32'),
(16,	'User22',	61,	'2022-07-05 08:00:00',	'08:00');

CREATE TABLE `taller_historiales` (
  `id` int(11) NOT NULL AUTO_INCREMENT,
  `estado_id` int(10) unsigned NOT NULL COMMENT ' Evento Aplicado a el historial',
  `etapa_id` int(11) DEFAULT NULL COMMENT '(6: Nota de acciones, 7:Cajones, 8:Modulos, 9:Control)',
  `usuario_id` int(11) DEFAULT NULL,
  `campo_id` int(10) unsigned NOT NULL,
  `desc_campo` varchar(255) DEFAULT NULL,
  `comentario` text DEFAULT NULL,
  `created_at` timestamp NOT NULL DEFAULT current_timestamp() ON UPDATE current_timestamp(),
  PRIMARY KEY (`id`) USING BTREE,
  KEY `estado_id_taller_historial_FK` (`estado_id`) USING BTREE,
  CONSTRAINT `estado_id_taller_historial_FK` FOREIGN KEY (`estado_id`) REFERENCES `estados` (`id`) ON DELETE NO ACTION ON UPDATE NO ACTION
) ENGINE=InnoDB DEFAULT CHARSET=utf8mb4 ROW_FORMAT=DYNAMIC;

INSERT INTO `taller_historiales` (`id`, `estado_id`, `etapa_id`, `usuario_id`, `campo_id`, `desc_campo`, `comentario`, `created_at`) VALUES
(1,	9,	8,	11,	2045,	'Módulo 8',	NULL,	'2022-06-30 15:13:11'),
(2,	7,	8,	58,	1189,	'Módulo 1',	NULL,	'2022-06-30 17:15:51'),
(3,	5,	9,	58,	1189,	'1',	NULL,	'2022-06-30 17:55:39'),
(4,	9,	7,	11,	2036,	'Cajon 4126',	NULL,	'2022-06-30 20:48:30'),
(5,	9,	7,	11,	2034,	'Cajon 4125',	NULL,	'2022-06-30 20:48:31'),
(6,	9,	7,	11,	2032,	'Cajon 3044',	NULL,	'2022-06-30 20:48:33'),
(7,	9,	7,	11,	2030,	'Cajon 3043',	NULL,	'2022-06-30 20:48:34'),
(8,	9,	7,	11,	2028,	'Cajon 1044',	NULL,	'2022-06-30 20:48:35'),
(9,	9,	7,	11,	2026,	'Cajon 1043',	NULL,	'2022-06-30 20:48:36'),
(10,	9,	8,	11,	2025,	'Módulo 4',	NULL,	'2022-06-30 20:49:36'),
(11,	9,	8,	11,	2024,	'Módulo 3',	NULL,	'2022-06-30 20:49:37'),
(12,	9,	8,	11,	2023,	'Módulo 2',	NULL,	'2022-06-30 20:49:38'),
(13,	9,	8,	11,	2022,	'Módulo 1',	NULL,	'2022-06-30 20:49:40'),
(14,	9,	7,	11,	2056,	'Cajon 7033',	NULL,	'2022-07-04 09:02:01'),
(15,	9,	9,	11,	2065,	'Módulo 2',	NULL,	'2022-07-05 13:42:51'),
(16,	9,	9,	11,	2064,	'Módulo 1',	NULL,	'2022-07-05 13:42:53'),
(17,	9,	8,	11,	2064,	'Módulo 1',	NULL,	'2022-07-05 13:43:00'),
(18,	9,	9,	11,	2064,	'Módulo 1',	NULL,	'2022-07-05 13:43:32'),
(19,	3,	7,	11,	2036,	'Cajon 4126',	NULL,	'2022-07-09 11:18:36'),
(20,	3,	9,	11,	2026,	'Módulo Cajon 1043',	NULL,	'2022-07-09 11:19:07'),
(21,	3,	8,	11,	2039,	'Módulo 2',	NULL,	'2022-07-09 14:50:21'),
(22,	3,	7,	11,	2054,	'Cajon 4482',	NULL,	'2022-07-09 14:50:32'),
(23,	3,	9,	11,	2038,	'Módulo 1',	NULL,	'2022-07-12 09:55:08'),
(24,	3,	9,	11,	2038,	'Módulo 1',	NULL,	'2022-07-12 09:55:16'),
(25,	3,	9,	11,	2038,	'Módulo 1',	NULL,	'2022-07-12 09:55:21'),
(26,	3,	8,	11,	2087,	'Módulo 16',	NULL,	'2022-07-12 13:40:38'),
(27,	3,	8,	11,	2086,	'Módulo 15',	NULL,	'2022-07-12 13:40:44'),
(28,	3,	8,	11,	2085,	'Módulo 14',	NULL,	'2022-07-12 13:40:57'),
(29,	3,	8,	11,	2084,	'Módulo 13',	NULL,	'2022-07-12 13:41:00'),
(30,	3,	9,	11,	2087,	'Módulo 16',	NULL,	'2022-07-12 13:41:07'),
(31,	3,	9,	11,	2087,	'Módulo 16',	NULL,	'2022-07-12 13:41:12'),
(32,	3,	9,	11,	2086,	'Módulo 15',	NULL,	'2022-07-12 13:41:14'),
(33,	3,	9,	11,	2086,	'Módulo 15',	NULL,	'2022-07-12 13:41:19'),
(34,	3,	9,	11,	2085,	'Módulo 14',	NULL,	'2022-07-12 13:41:23'),
(35,	3,	9,	11,	2085,	'Módulo 14',	NULL,	'2022-07-12 13:41:30'),
(36,	3,	9,	11,	2084,	'Módulo 13',	NULL,	'2022-07-12 13:41:35'),
(37,	3,	9,	11,	2084,	'Módulo 13',	NULL,	'2022-07-12 13:41:42');

CREATE TABLE `tapacantos` (
  `id` int(10) unsigned NOT NULL AUTO_INCREMENT,
  `pieza_id` int(10) unsigned NOT NULL,
  `tipo_tapacanto_id` int(10) unsigned DEFAULT NULL,
  `posicion_tapacanto_id` int(10) unsigned NOT NULL,
  `estado_id` int(10) unsigned NOT NULL,
  `created_at` timestamp NULL DEFAULT NULL,
  `updated_at` timestamp NULL DEFAULT NULL,
  `material_id` int(10) unsigned DEFAULT NULL,
  `usuario_id` int(11) DEFAULT NULL,
  PRIMARY KEY (`id`),
  KEY `tapacantos_pieza_id_foreign` (`pieza_id`),
  KEY `tapacantos_tipo_tapacanto_id_foreign` (`tipo_tapacanto_id`),
  KEY `tapacantos_posicion_tapacanto_id_foreign` (`posicion_tapacanto_id`),
  KEY `tapacantos_estado_id_foreign` (`estado_id`),
  KEY `tapacantos_material_id_foreign` (`material_id`),
  CONSTRAINT `tapacantos_estado_id_foreign` FOREIGN KEY (`estado_id`) REFERENCES `estados` (`id`) ON DELETE NO ACTION ON UPDATE CASCADE,
  CONSTRAINT `tapacantos_material_id_foreign` FOREIGN KEY (`material_id`) REFERENCES `materiales` (`id`) ON DELETE NO ACTION ON UPDATE CASCADE,
  CONSTRAINT `tapacantos_pieza_id_foreign` FOREIGN KEY (`pieza_id`) REFERENCES `piezas` (`id`) ON DELETE NO ACTION ON UPDATE CASCADE,
  CONSTRAINT `tapacantos_posicion_tapacanto_id_foreign` FOREIGN KEY (`posicion_tapacanto_id`) REFERENCES `posiciones_tapacantos` (`id`) ON DELETE NO ACTION ON UPDATE CASCADE,
  CONSTRAINT `tapacantos_tipo_tapacanto_id_foreign` FOREIGN KEY (`tipo_tapacanto_id`) REFERENCES `tipos_tapacantos` (`id`) ON DELETE NO ACTION ON UPDATE CASCADE
) ENGINE=InnoDB DEFAULT CHARSET=utf8mb4 COLLATE=utf8mb4_unicode_ci;


CREATE TABLE `tarea` (
  `id` int(10) unsigned NOT NULL AUTO_INCREMENT,
  `grupo_id` int(10) unsigned DEFAULT NULL,
  `usuario_id` int(10) unsigned DEFAULT NULL,
  `descripcion` varchar(191) COLLATE utf8mb4_unicode_ci NOT NULL,
  `detalle_descripcion` text COLLATE utf8mb4_unicode_ci DEFAULT NULL,
  `realizado` tinyint(1) NOT NULL DEFAULT 0,
  `ver_calendario` int(2) DEFAULT NULL,
  `fecha_calendario` timestamp NULL DEFAULT NULL,
  `created_at` timestamp NULL DEFAULT NULL,
  `updated_at` timestamp NULL DEFAULT NULL,
  PRIMARY KEY (`id`),
  KEY `tarea_grupo_id_foreign` (`grupo_id`),
  KEY `tarea_usuario_id_foreign` (`usuario_id`),
  CONSTRAINT `tarea_grupo_id_foreign` FOREIGN KEY (`grupo_id`) REFERENCES `grupos` (`id`),
  CONSTRAINT `tarea_usuario_id_foreign` FOREIGN KEY (`usuario_id`) REFERENCES `usuarios` (`id`)
) ENGINE=InnoDB DEFAULT CHARSET=utf8mb4 COLLATE=utf8mb4_unicode_ci;

INSERT INTO `tarea` (`id`, `grupo_id`, `usuario_id`, `descripcion`, `detalle_descripcion`, `realizado`, `ver_calendario`, `fecha_calendario`, `created_at`, `updated_at`) VALUES
(1,	1,	NULL,	'Generar una seguimiento',	NULL,	1,	NULL,	NULL,	'2020-04-09 00:00:00',	'2020-04-09 00:23:21'),
(2,	2,	NULL,	'hf',	NULL,	1,	NULL,	NULL,	'2020-04-09 00:00:00',	'2020-04-10 20:43:27'),
(3,	2,	NULL,	'ghj',	NULL,	1,	NULL,	NULL,	'2020-04-09 00:00:00',	'2020-04-10 20:43:30'),
(4,	NULL,	11,	'Banco',	NULL,	1,	NULL,	NULL,	'2020-04-09 00:00:00',	'2020-04-10 21:00:17'),
(5,	NULL,	NULL,	'sas',	NULL,	1,	NULL,	NULL,	'2020-04-09 00:00:00',	'2020-04-09 00:23:11'),
(6,	2,	NULL,	'xbvbv',	NULL,	1,	NULL,	NULL,	'2020-04-09 00:00:00',	'2020-04-10 20:43:41'),
(7,	NULL,	6,	'asdfasdfs',	NULL,	0,	NULL,	NULL,	'2020-04-09 00:00:00',	'2020-04-09 12:25:44'),
(8,	1,	NULL,	'asdfasdf',	NULL,	1,	NULL,	NULL,	'2020-04-09 00:00:00',	'2020-04-26 23:33:40'),
(9,	NULL,	NULL,	'prueba-general-1',	NULL,	1,	NULL,	NULL,	'2020-04-09 00:00:00',	'2020-04-09 15:50:50'),
(10,	NULL,	6,	'prueba-individual-1',	NULL,	0,	NULL,	NULL,	'2020-04-09 00:00:00',	'2020-04-09 12:27:09'),
(11,	2,	NULL,	'prueba tearea-instalación',	NULL,	1,	NULL,	NULL,	'2020-04-09 00:00:00',	'2020-04-11 13:51:34'),
(12,	1,	NULL,	'dfasdf',	NULL,	1,	NULL,	NULL,	'2020-04-09 00:00:00',	'2020-12-26 15:08:18'),
(13,	1,	NULL,	'sdfgsdfg',	NULL,	1,	NULL,	NULL,	'2020-04-09 00:00:00',	'2020-04-11 13:51:41'),
(14,	1,	NULL,	'prueba-local',	NULL,	1,	NULL,	NULL,	'2020-04-09 00:00:00',	'2020-04-11 20:28:09'),
(15,	1,	NULL,	'sASD',	NULL,	1,	NULL,	NULL,	'2020-04-09 00:00:00',	'2020-04-11 13:51:43'),
(16,	2,	NULL,	'hfgdhdhsg',	NULL,	1,	NULL,	NULL,	'2020-04-09 00:00:00',	'2020-04-10 20:43:20'),
(17,	NULL,	NULL,	'nono',	NULL,	1,	NULL,	NULL,	'2020-04-09 00:00:00',	'2020-04-09 18:04:53'),
(18,	1,	NULL,	'tarea1',	NULL,	1,	NULL,	NULL,	'2020-04-09 00:00:00',	'2020-04-10 20:43:18'),
(19,	NULL,	NULL,	'general 1',	NULL,	1,	NULL,	NULL,	'2020-04-09 00:00:00',	'2020-04-09 17:58:31'),
(20,	NULL,	11,	'ind 1',	NULL,	1,	NULL,	NULL,	'2020-04-09 00:00:00',	'2020-04-11 20:28:05'),
(21,	NULL,	11,	'ind2',	NULL,	1,	NULL,	NULL,	'2020-04-09 00:00:00',	'2020-06-07 19:34:06'),
(22,	2,	NULL,	'tarea 2',	NULL,	1,	NULL,	NULL,	'2020-04-09 00:00:00',	'2020-04-10 20:43:17'),
(23,	2,	NULL,	'jhgfyjth',	NULL,	1,	NULL,	NULL,	'2020-04-09 00:00:00',	'2020-04-10 20:43:12'),
(24,	2,	NULL,	'gfcjhgcyhc',	NULL,	1,	NULL,	NULL,	'2020-04-09 00:00:00',	'2020-04-10 20:43:08'),
(25,	NULL,	NULL,	'Mantenimiento de máquinas y bancos',	NULL,	1,	NULL,	NULL,	'2020-04-11 13:52:23',	'2020-04-26 23:33:35'),
(26,	NULL,	11,	'hnbnh',	NULL,	1,	NULL,	NULL,	'2020-04-11 17:20:17',	'2020-04-11 20:28:03'),
(27,	NULL,	11,	'test',	NULL,	1,	NULL,	NULL,	'2020-04-13 00:00:00',	'2020-06-07 19:34:08'),
(28,	NULL,	NULL,	'651',	NULL,	1,	NULL,	NULL,	'2020-07-14 20:41:34',	'2020-12-26 15:17:09'),
(29,	1,	NULL,	'test',	NULL,	1,	NULL,	NULL,	'2020-12-26 14:01:12',	'2020-12-26 15:13:16'),
(30,	1,	NULL,	'test',	NULL,	1,	NULL,	NULL,	'2020-12-26 14:01:16',	'2020-12-26 15:13:38'),
(31,	NULL,	NULL,	'test 2',	NULL,	1,	NULL,	NULL,	'2020-12-26 15:16:19',	'2021-05-18 17:13:12'),
(32,	NULL,	NULL,	'test 3',	NULL,	1,	NULL,	NULL,	'2020-12-26 15:17:04',	'2021-05-18 17:13:11'),
(33,	1,	NULL,	'test 2',	NULL,	1,	NULL,	NULL,	'2020-12-26 15:17:21',	'2020-12-26 17:11:26'),
(34,	NULL,	31,	'test',	NULL,	1,	NULL,	NULL,	'2020-12-26 15:17:48',	'2021-02-09 04:58:53'),
(35,	NULL,	11,	'231',	NULL,	1,	NULL,	NULL,	'2021-01-03 11:41:43',	'2021-01-03 22:42:15'),
(36,	NULL,	11,	'8877',	NULL,	1,	NULL,	NULL,	'2021-02-19 14:36:28',	'2021-02-19 14:36:31'),
(37,	NULL,	11,	'jkhlkguiluio',	NULL,	1,	NULL,	NULL,	'2021-04-07 14:29:27',	'2021-04-07 14:29:32'),
(38,	1,	NULL,	'hjkllñklñj',	NULL,	1,	NULL,	NULL,	'2021-04-07 14:29:45',	'2021-04-24 13:06:13'),
(39,	NULL,	NULL,	'hklñijl{klñ{',	NULL,	1,	NULL,	NULL,	'2021-04-07 14:29:53',	'2021-05-18 17:13:03'),
(40,	NULL,	11,	'Guty',	NULL,	1,	NULL,	NULL,	'2021-04-28 22:22:28',	'2021-05-18 17:13:15'),
(41,	NULL,	38,	'vamos',	NULL,	0,	NULL,	NULL,	'2021-05-06 22:38:58',	'2021-05-06 22:38:58'),
(42,	2,	NULL,	'Revision de instalaciones',	NULL,	0,	1,	'2021-11-17 00:00:00',	'2021-05-18 17:13:57',	'2021-11-11 11:25:50'),
(43,	NULL,	56,	'TOBIAS Mi primera revisión de mis push',	NULL,	0,	1,	'2021-11-11 00:00:00',	'2021-11-11 11:33:13',	'2021-11-11 11:40:32'),
(44,	NULL,	NULL,	'Queda trabajo por hacer',	NULL,	0,	1,	'2021-11-16 00:00:00',	'2021-11-11 11:37:03',	'2021-11-11 11:37:03'),
(45,	NULL,	NULL,	'Revisar otros parametros de diseño',	NULL,	0,	1,	'2021-11-12 00:00:00',	'2021-11-11 11:37:49',	'2021-11-11 11:37:49'),
(46,	NULL,	11,	'hoy voy por mas!',	NULL,	0,	1,	'2021-11-12 00:00:00',	'2021-11-11 12:21:21',	'2022-02-14 19:19:31'),
(47,	NULL,	11,	'gvjhklb',	'fjyyckughjilñm,. fcyghfuyjk nui uoj',	0,	0,	NULL,	'2021-11-11 12:37:58',	'2022-02-14 19:19:34'),
(48,	NULL,	11,	'fcyjfkhgk',	'gchjvkl hjil gu',	1,	1,	'2021-12-19 00:00:00',	'2021-11-16 11:14:14',	'2022-02-14 19:19:18');

CREATE TABLE `three_scenes` (
  `id` int(10) unsigned NOT NULL AUTO_INCREMENT,
  `proyecto_id` int(10) unsigned NOT NULL,
  `markers` longtext CHARACTER SET utf8mb4 COLLATE utf8mb4_bin NOT NULL,
  `editorData` longtext CHARACTER SET utf8mb4 COLLATE utf8mb4_bin NOT NULL,
  `created_at` timestamp NULL DEFAULT NULL,
  `updated_at` timestamp NULL DEFAULT NULL,
  `scene` mediumblob DEFAULT NULL,
  PRIMARY KEY (`id`),
  KEY `three_scenes_proyecto_id_foreign` (`proyecto_id`),
  CONSTRAINT `three_scenes_proyecto_id_foreign` FOREIGN KEY (`proyecto_id`) REFERENCES `proyectos_json` (`id`) ON DELETE CASCADE ON UPDATE NO ACTION
) ENGINE=InnoDB DEFAULT CHARSET=utf8mb4 COLLATE=utf8mb4_unicode_ci;

INSERT INTO `three_scenes` (`id`, `proyecto_id`, `markers`, `editorData`, `created_at`, `updated_at`, `scene`) VALUES
(15,	1425,	'{\"perspective\":{\"groupName\":\"marcadores\",\"children\":[]},\"top\":{\"groupName\":\"marcadoresTop\",\"children\":[]},\"bottom\":{\"groupName\":\"marcadoresBottom\",\"children\":[]},\"right\":{\"groupName\":\"marcadoresRight\",\"children\":[]},\"left\":{\"groupName\":\"marcadoresLeft\",\"children\":[]},\"back\":{\"groupName\":\"marcadoresBack\",\"children\":[]},\"front\":{\"groupName\":\"marcadoresFront\",\"children\":[]}}',	'{\"name\":\"editorModifiers\",\"models\":[]}',	'2021-08-16 11:29:40',	'2021-08-16 11:29:40',	'{\"asset\":{\"version\":\"2.0\",\"generator\":\"GLTFExporter\"},\"scenes\":[{\"nodes\":[1,2,3,4,5,6,7]}],\"scene\":0,\"nodes\":[{\"matrix\":[1,0,0,0,0,0.7071067811865475,-0.7071067811865476,0,0,0.7071067811865476,0.7071067811865475,0,0,600,600.0000000000001,1],\"name\":\"perspective-camera\",\"camera\":0},{\"name\":\"center-pivot\",\"children\":[0]},{\"matrix\":[0.1,0,0,0,0,0.1,0,0,0,0,0.1,0,0,0,0,1],\"name\":\"viewer-modelos\"},{\"name\":\"viewer-labels\"},{\"name\":\"viewer-lights\"},{\"name\":\"viewer-dimlabels\"},{},{}],\"cameras\":[{\"type\":\"perspective\",\"perspective\":{\"aspectRatio\":2.3015384615384615,\"yfov\":1.3089969389957472,\"zfar\":10000,\"znear\":1},\"name\":\"PerspectiveCamera\"}]}'),
(16,	1441,	'{\"perspective\":{\"groupName\":\"marcadores\",\"children\":[]},\"top\":{\"groupName\":\"marcadoresTop\",\"children\":[]},\"bottom\":{\"groupName\":\"marcadoresBottom\",\"children\":[]},\"right\":{\"groupName\":\"marcadoresRight\",\"children\":[]},\"left\":{\"groupName\":\"marcadoresLeft\",\"children\":[]},\"back\":{\"groupName\":\"marcadoresBack\",\"children\":[]},\"front\":{\"groupName\":\"marcadoresFront\",\"children\":[]}}',	'{\"name\":\"editorModifiers\",\"models\":[]}',	'2021-08-25 14:58:36',	'2021-08-25 14:58:36',	'{\"asset\":{\"version\":\"2.0\",\"generator\":\"GLTFExporter\"},\"scenes\":[{\"nodes\":[1,133,134,135,136,137,138]}],\"scene\":0,\"nodes\":[{\"matrix\":[0.5596791747843082,1.6653345369377348e-16,-0.8287093708368187,0,-0.6836831381163235,0.5651364144225917,-0.46173390578231616,0,0.4683338424331216,0.8249974745983024,0.3162950820645989,0,418.30994001298376,736.8774426318771,282.51081774799997,1],\"name\":\"perspective-camera\",\"camera\":0},{\"name\":\"center-pivot\",\"children\":[0]},{\"mesh\":0},{\"mesh\":1},{\"matrix\":[1008,0,0,0,0,389.2,0,0,0,0,18,0,943,215.6,581,1],\"extras\":{\"id\":\"Modulo_1-Frente Cajon 1020\",\"type\":\"piece\",\"index\":0,\"visible\":true,\"wireframe\":true,\"name\":\"Frente Cajon 1020\",\"material\":\"Blanco MDF\",\"l\":1008,\"w\":389.2,\"h\":18,\"orientation\":3,\"color\":\"0xF5F5F5\",\"y\":21,\"x\":439,\"z\":572,\"pattern\":{\"frontWidth\":0},\"model\":\"Modulo_1\",\"modulo_id\":\"1\",\"needsUpdate\":true},\"children\":[2,3]},{\"mesh\":2},{\"mesh\":3},{\"matrix\":[951,0,0,0,0,18,0,0,0,0,464,0,943,44,322,1],\"extras\":{\"id\":\"Modulo_1-Base Cajon 1020\",\"type\":\"piece\",\"index\":1,\"visible\":true,\"wireframe\":true,\"name\":\"Base Cajon 1020\",\"material\":\"NO VA 2\",\"l\":951,\"w\":464,\"h\":18,\"orientation\":2,\"color\":\"0xF5F5F5\",\"y\":35,\"x\":467.5,\"z\":90,\"pattern\":{\"frontWidth\":0},\"model\":\"Modulo_1\",\"modulo_id\":\"1\",\"needsUpdate\":true},\"children\":[5,6]},{\"mesh\":4},{\"mesh\":5},{\"matrix\":[18,0,0,0,0,329.2,0,0,0,0,500,0,458.5,199.6,322,1],\"extras\":{\"id\":\"Modulo_1-Lat. Izq. Cajon 1020\",\"type\":\"piece\",\"index\":2,\"visible\":true,\"wireframe\":true,\"name\":\"Lat. Izq. Cajon 1020\",\"material\":\"Blanco MDF\",\"l\":329.2,\"w\":500,\"h\":18,\"orientation\":1,\"color\":\"0xF5F5F5\",\"y\":35,\"x\":449.5,\"z\":72,\"pattern\":{\"frontWidth\":0},\"model\":\"Modulo_1\",\"modulo_id\":\"1\",\"needsUpdate\":true},\"children\":[8,9]},{\"mesh\":6},{\"mesh\":7},{\"matrix\":[18,0,0,0,0,329.2,0,0,0,0,500,0,1428,199.6,322,1],\"extras\":{\"id\":\"Modulo_1-Lat. Der. Cajon 1020\",\"type\":\"piece\",\"index\":3,\"visible\":true,\"wireframe\":true,\"name\":\"Lat. Der. Cajon 1020\",\"material\":\"Blanco MDF\",\"l\":329.2,\"w\":500,\"h\":18,\"orientation\":1,\"color\":\"0xF5F5F5\",\"y\":35,\"x\":1419,\"z\":72,\"pattern\":{\"frontWidth\":0},\"model\":\"Modulo_1\",\"modulo_id\":\"1\",\"needsUpdate\":true},\"children\":[11,12]},{\"mesh\":8},{\"mesh\":9},{\"matrix\":[951,0,0,0,0,329.2,0,0,0,0,18,0,943,199.6,81,1],\"extras\":{\"id\":\"Modulo_1-C/F Cajon 1020\",\"type\":\"piece\",\"index\":4,\"visible\":true,\"wireframe\":true,\"name\":\"C/F Cajon 1020\",\"material\":\"Blanco MDF\",\"l\":951,\"w\":329.2,\"h\":18,\"orientation\":3,\"color\":\"0xF5F5F5\",\"y\":35,\"x\":467.5,\"z\":72,\"pattern\":{\"frontWidth\":0},\"model\":\"Modulo_1\",\"modulo_id\":\"1\",\"needsUpdate\":true},\"children\":[14,15]},{\"mesh\":10},{\"mesh\":11},{\"matrix\":[951,0,0,0,0,329.2,0,0,0,0,18,0,943,199.6,563,1],\"extras\":{\"id\":\"Modulo_1-C/F Cajon 1020 (2)\",\"type\":\"piece\",\"index\":5,\"visible\":true,\"wireframe\":true,\"name\":\"C/F Cajon 1020 (2)\",\"material\":\"Blanco MDF\",\"l\":951,\"w\":329.2,\"h\":18,\"orientation\":3,\"color\":\"0xF5F5F5\",\"y\":35,\"x\":467.5,\"z\":554,\"pattern\":{\"frontWidth\":0},\"model\":\"Modulo_1\",\"modulo_id\":\"1\",\"needsUpdate\":true},\"children\":[17,18]},{\"mesh\":12},{\"mesh\":13},{\"matrix\":[1008,0,0,0,0,389.2,0,0,0,0,18,0,943,607.8,581,1],\"extras\":{\"id\":\"Modulo_1-Frente Cajon 1022\",\"type\":\"piece\",\"index\":6,\"visible\":true,\"wireframe\":true,\"name\":\"Frente Cajon 1022\",\"material\":\"Blanco MDF\",\"l\":1008,\"w\":389.2,\"h\":18,\"orientation\":3,\"color\":\"0xF5F5F5\",\"y\":413.2,\"x\":439,\"z\":572,\"pattern\":{\"frontWidth\":0},\"model\":\"Modulo_1\",\"modulo_id\":\"1\",\"needsUpdate\":true},\"children\":[20,21]},{\"mesh\":14},{\"mesh\":15},{\"matrix\":[951,0,0,0,0,18,0,0,0,0,464,0,943,436.2,322,1],\"extras\":{\"id\":\"Modulo_1-Base Cajon 1022\",\"type\":\"piece\",\"index\":7,\"visible\":true,\"wireframe\":true,\"name\":\"Base Cajon 1022\",\"material\":\"NO VA 2\",\"l\":951,\"w\":464,\"h\":18,\"orientation\":2,\"color\":\"0xF5F5F5\",\"y\":427.2,\"x\":467.5,\"z\":90,\"pattern\":{\"frontWidth\":0},\"model\":\"Modulo_1\",\"modulo_id\":\"1\",\"needsUpdate\":true},\"children\":[23,24]},{\"mesh\":16},{\"mesh\":17},{\"matrix\":[18,0,0,0,0,329.2,0,0,0,0,500,0,458.5,591.8,322,1],\"extras\":{\"id\":\"Modulo_1-Lat. Izq. Cajon 1022\",\"type\":\"piece\",\"index\":8,\"visible\":true,\"wireframe\":true,\"name\":\"Lat. Izq. Cajon 1022\",\"material\":\"Blanco MDF\",\"l\":329.2,\"w\":500,\"h\":18,\"orientation\":1,\"color\":\"0xF5F5F5\",\"y\":427.2,\"x\":449.5,\"z\":72,\"pattern\":{\"frontWidth\":0},\"model\":\"Modulo_1\",\"modulo_id\":\"1\",\"needsUpdate\":true},\"children\":[26,27]},{\"mesh\":18},{\"mesh\":19},{\"matrix\":[18,0,0,0,0,329.2,0,0,0,0,500,0,1428,591.8,322,1],\"extras\":{\"id\":\"Modulo_1-Lat. Der. Cajon 1022\",\"type\":\"piece\",\"index\":9,\"visible\":true,\"wireframe\":true,\"name\":\"Lat. Der. Cajon 1022\",\"material\":\"Blanco MDF\",\"l\":329.2,\"w\":500,\"h\":18,\"orientation\":1,\"color\":\"0xF5F5F5\",\"y\":427.2,\"x\":1419,\"z\":72,\"pattern\":{\"frontWidth\":0},\"model\":\"Modulo_1\",\"modulo_id\":\"1\",\"needsUpdate\":true},\"children\":[29,30]},{\"mesh\":20},{\"mesh\":21},{\"matrix\":[951,0,0,0,0,329.2,0,0,0,0,18,0,943,591.8,81,1],\"extras\":{\"id\":\"Modulo_1-C/F Cajon 1022\",\"type\":\"piece\",\"index\":10,\"visible\":true,\"wireframe\":true,\"name\":\"C/F Cajon 1022\",\"material\":\"Blanco MDF\",\"l\":951,\"w\":329.2,\"h\":18,\"orientation\":3,\"color\":\"0xF5F5F5\",\"y\":427.2,\"x\":467.5,\"z\":72,\"pattern\":{\"frontWidth\":0},\"model\":\"Modulo_1\",\"modulo_id\":\"1\",\"needsUpdate\":true},\"children\":[32,33]},{\"mesh\":22},{\"mesh\":23},{\"matrix\":[951,0,0,0,0,329.2,0,0,0,0,18,0,943,591.8,563,1],\"extras\":{\"id\":\"Modulo_1-C/F Cajon 1022 (2)\",\"type\":\"piece\",\"index\":11,\"visible\":true,\"wireframe\":true,\"name\":\"C/F Cajon 1022 (2)\",\"material\":\"Blanco MDF\",\"l\":951,\"w\":329.2,\"h\":18,\"orientation\":3,\"color\":\"0xF5F5F5\",\"y\":427.2,\"x\":467.5,\"z\":554,\"pattern\":{\"frontWidth\":0},\"model\":\"Modulo_1\",\"modulo_id\":\"1\",\"needsUpdate\":true},\"children\":[35,36]},{\"mesh\":24},{\"mesh\":25},{\"matrix\":[1008,0,0,0,0,389.2,0,0,0,0,18,0,943,1000,581,1],\"extras\":{\"id\":\"Modulo_1-Frente Cajon 1024\",\"type\":\"piece\",\"index\":12,\"visible\":true,\"wireframe\":true,\"name\":\"Frente Cajon 1024\",\"material\":\"Blanco MDF\",\"l\":1008,\"w\":389.2,\"h\":18,\"orientation\":3,\"color\":\"0xF5F5F5\",\"y\":805.4,\"x\":439,\"z\":572,\"pattern\":{\"frontWidth\":0},\"model\":\"Modulo_1\",\"modulo_id\":\"1\",\"needsUpdate\":true},\"children\":[38,39]},{\"mesh\":26},{\"mesh\":27},{\"matrix\":[951,0,0,0,0,18,0,0,0,0,464,0,943,828.4,322,1],\"extras\":{\"id\":\"Modulo_1-Base Cajon 1024\",\"type\":\"piece\",\"index\":13,\"visible\":true,\"wireframe\":true,\"name\":\"Base Cajon 1024\",\"material\":\"NO VA 2\",\"l\":951,\"w\":464,\"h\":18,\"orientation\":2,\"color\":\"0xF5F5F5\",\"y\":819.4,\"x\":467.5,\"z\":90,\"pattern\":{\"frontWidth\":0},\"model\":\"Modulo_1\",\"modulo_id\":\"1\",\"needsUpdate\":true},\"children\":[41,42]},{\"mesh\":28},{\"mesh\":29},{\"matrix\":[18,0,0,0,0,329.2,0,0,0,0,500,0,458.5,984,322,1],\"extras\":{\"id\":\"Modulo_1-Lat. Izq. Cajon 1024\",\"type\":\"piece\",\"index\":14,\"visible\":true,\"wireframe\":true,\"name\":\"Lat. Izq. Cajon 1024\",\"material\":\"Blanco MDF\",\"l\":329.2,\"w\":500,\"h\":18,\"orientation\":1,\"color\":\"0xF5F5F5\",\"y\":819.4,\"x\":449.5,\"z\":72,\"pattern\":{\"frontWidth\":0},\"model\":\"Modulo_1\",\"modulo_id\":\"1\",\"needsUpdate\":true},\"children\":[44,45]},{\"mesh\":30},{\"mesh\":31},{\"matrix\":[18,0,0,0,0,329.2,0,0,0,0,500,0,1428,984,322,1],\"extras\":{\"id\":\"Modulo_1-Lat. Der. Cajon 1024\",\"type\":\"piece\",\"index\":15,\"visible\":true,\"wireframe\":true,\"name\":\"Lat. Der. Cajon 1024\",\"material\":\"Blanco MDF\",\"l\":329.2,\"w\":500,\"h\":18,\"orientation\":1,\"color\":\"0xF5F5F5\",\"y\":819.4,\"x\":1419,\"z\":72,\"pattern\":{\"frontWidth\":0},\"model\":\"Modulo_1\",\"modulo_id\":\"1\",\"needsUpdate\":true},\"children\":[47,48]},{\"mesh\":32},{\"mesh\":33},{\"matrix\":[951,0,0,0,0,329.2,0,0,0,0,18,0,943,984,81,1],\"extras\":{\"id\":\"Modulo_1-C/F Cajon 1024\",\"type\":\"piece\",\"index\":16,\"visible\":true,\"wireframe\":true,\"name\":\"C/F Cajon 1024\",\"material\":\"Blanco MDF\",\"l\":951,\"w\":329.2,\"h\":18,\"orientation\":3,\"color\":\"0xF5F5F5\",\"y\":819.4,\"x\":467.5,\"z\":72,\"pattern\":{\"frontWidth\":0},\"model\":\"Modulo_1\",\"modulo_id\":\"1\",\"needsUpdate\":true},\"children\":[50,51]},{\"mesh\":34},{\"mesh\":35},{\"matrix\":[951,0,0,0,0,329.2,0,0,0,0,18,0,943,984,563,1],\"extras\":{\"id\":\"Modulo_1-C/F Cajon 1024 (2)\",\"type\":\"piece\",\"index\":17,\"visible\":true,\"wireframe\":true,\"name\":\"C/F Cajon 1024 (2)\",\"material\":\"Blanco MDF\",\"l\":951,\"w\":329.2,\"h\":18,\"orientation\":3,\"color\":\"0xF5F5F5\",\"y\":819.4,\"x\":467.5,\"z\":554,\"pattern\":{\"frontWidth\":0},\"model\":\"Modulo_1\",\"modulo_id\":\"1\",\"needsUpdate\":true},\"children\":[53,54]},{\"mesh\":36},{\"mesh\":37},{\"matrix\":[1008,0,0,0,0,389.2,0,0,0,0,18,0,943,1392.1999999999998,581,1],\"extras\":{\"id\":\"Modulo_1-Frente Cajon 1026\",\"type\":\"piece\",\"index\":18,\"visible\":true,\"wireframe\":true,\"name\":\"Frente Cajon 1026\",\"material\":\"Blanco MDF\",\"l\":1008,\"w\":389.2,\"h\":18,\"orientation\":3,\"color\":\"0xF5F5F5\",\"y\":1197.6,\"x\":439,\"z\":572,\"pattern\":{\"frontWidth\":0},\"model\":\"Modulo_1\",\"modulo_id\":\"1\",\"needsUpdate\":true},\"children\":[56,57]},{\"mesh\":38},{\"mesh\":39},{\"matrix\":[951,0,0,0,0,18,0,0,0,0,464,0,943,1220.6,322,1],\"extras\":{\"id\":\"Modulo_1-Base Cajon 1026\",\"type\":\"piece\",\"index\":19,\"visible\":true,\"wireframe\":true,\"name\":\"Base Cajon 1026\",\"material\":\"NO VA 2\",\"l\":951,\"w\":464,\"h\":18,\"orientation\":2,\"color\":\"0xF5F5F5\",\"y\":1211.6,\"x\":467.5,\"z\":90,\"pattern\":{\"frontWidth\":0},\"model\":\"Modulo_1\",\"modulo_id\":\"1\",\"needsUpdate\":true},\"children\":[59,60]},{\"mesh\":40},{\"mesh\":41},{\"matrix\":[18,0,0,0,0,329.2,0,0,0,0,500,0,458.5,1376.1999999999998,322,1],\"extras\":{\"id\":\"Modulo_1-Lat. Izq. Cajon 1026\",\"type\":\"piece\",\"index\":20,\"visible\":true,\"wireframe\":true,\"name\":\"Lat. Izq. Cajon 1026\",\"material\":\"Blanco MDF\",\"l\":329.2,\"w\":500,\"h\":18,\"orientation\":1,\"color\":\"0xF5F5F5\",\"y\":1211.6,\"x\":449.5,\"z\":72,\"pattern\":{\"frontWidth\":0},\"model\":\"Modulo_1\",\"modulo_id\":\"1\",\"needsUpdate\":true},\"children\":[62,63]},{\"mesh\":42},{\"mesh\":43},{\"matrix\":[18,0,0,0,0,329.2,0,0,0,0,500,0,1428,1376.1999999999998,322,1],\"extras\":{\"id\":\"Modulo_1-Lat. Der. Cajon 1026\",\"type\":\"piece\",\"index\":21,\"visible\":true,\"wireframe\":true,\"name\":\"Lat. Der. Cajon 1026\",\"material\":\"Blanco MDF\",\"l\":329.2,\"w\":500,\"h\":18,\"orientation\":1,\"color\":\"0xF5F5F5\",\"y\":1211.6,\"x\":1419,\"z\":72,\"pattern\":{\"frontWidth\":0},\"model\":\"Modulo_1\",\"modulo_id\":\"1\",\"needsUpdate\":true},\"children\":[65,66]},{\"mesh\":44},{\"mesh\":45},{\"matrix\":[951,0,0,0,0,329.2,0,0,0,0,18,0,943,1376.1999999999998,81,1],\"extras\":{\"id\":\"Modulo_1-C/F Cajon 1026\",\"type\":\"piece\",\"index\":22,\"visible\":true,\"wireframe\":true,\"name\":\"C/F Cajon 1026\",\"material\":\"Blanco MDF\",\"l\":951,\"w\":329.2,\"h\":18,\"orientation\":3,\"color\":\"0xF5F5F5\",\"y\":1211.6,\"x\":467.5,\"z\":72,\"pattern\":{\"frontWidth\":0},\"model\":\"Modulo_1\",\"modulo_id\":\"1\",\"needsUpdate\":true},\"children\":[68,69]},{\"mesh\":46},{\"mesh\":47},{\"matrix\":[951,0,0,0,0,329.2,0,0,0,0,18,0,943,1376.1999999999998,563,1],\"extras\":{\"id\":\"Modulo_1-C/F Cajon 1026 (2)\",\"type\":\"piece\",\"index\":23,\"visible\":true,\"wireframe\":true,\"name\":\"C/F Cajon 1026 (2)\",\"material\":\"Blanco MDF\",\"l\":951,\"w\":329.2,\"h\":18,\"orientation\":3,\"color\":\"0xF5F5F5\",\"y\":1211.6,\"x\":467.5,\"z\":554,\"pattern\":{\"frontWidth\":0},\"model\":\"Modulo_1\",\"modulo_id\":\"1\",\"needsUpdate\":true},\"children\":[71,72]},{\"mesh\":48},{\"mesh\":49},{\"matrix\":[1008,0,0,0,0,389.2,0,0,0,0,18,0,943,1784.3999999999999,581,1],\"extras\":{\"id\":\"Modulo_1-Frente Cajon 1028\",\"type\":\"piece\",\"index\":24,\"visible\":true,\"wireframe\":true,\"name\":\"Frente Cajon 1028\",\"material\":\"Blanco MDF\",\"l\":1008,\"w\":389.2,\"h\":18,\"orientation\":3,\"color\":\"0xF5F5F5\",\"y\":1589.8,\"x\":439,\"z\":572,\"pattern\":{\"frontWidth\":0},\"model\":\"Modulo_1\",\"modulo_id\":\"1\",\"needsUpdate\":true},\"children\":[74,75]},{\"mesh\":50},{\"mesh\":51},{\"matrix\":[951,0,0,0,0,18,0,0,0,0,464,0,943,1612.8,322,1],\"extras\":{\"id\":\"Modulo_1-Base Cajon 1028\",\"type\":\"piece\",\"index\":25,\"visible\":true,\"wireframe\":true,\"name\":\"Base Cajon 1028\",\"material\":\"NO VA 2\",\"l\":951,\"w\":464,\"h\":18,\"orientation\":2,\"color\":\"0xF5F5F5\",\"y\":1603.8,\"x\":467.5,\"z\":90,\"pattern\":{\"frontWidth\":0},\"model\":\"Modulo_1\",\"modulo_id\":\"1\",\"needsUpdate\":true},\"children\":[77,78]},{\"mesh\":52},{\"mesh\":53},{\"matrix\":[18,0,0,0,0,329.2,0,0,0,0,500,0,458.5,1768.3999999999999,322,1],\"extras\":{\"id\":\"Modulo_1-Lat. Izq. Cajon 1028\",\"type\":\"piece\",\"index\":26,\"visible\":true,\"wireframe\":true,\"name\":\"Lat. Izq. Cajon 1028\",\"material\":\"Blanco MDF\",\"l\":329.2,\"w\":500,\"h\":18,\"orientation\":1,\"color\":\"0xF5F5F5\",\"y\":1603.8,\"x\":449.5,\"z\":72,\"pattern\":{\"frontWidth\":0},\"model\":\"Modulo_1\",\"modulo_id\":\"1\",\"needsUpdate\":true},\"children\":[80,81]},{\"mesh\":54},{\"mesh\":55},{\"matrix\":[18,0,0,0,0,329.2,0,0,0,0,500,0,1428,1768.3999999999999,322,1],\"extras\":{\"id\":\"Modulo_1-Lat. Der. Cajon 1028\",\"type\":\"piece\",\"index\":27,\"visible\":true,\"wireframe\":true,\"name\":\"Lat. Der. Cajon 1028\",\"material\":\"Blanco MDF\",\"l\":329.2,\"w\":500,\"h\":18,\"orientation\":1,\"color\":\"0xF5F5F5\",\"y\":1603.8,\"x\":1419,\"z\":72,\"pattern\":{\"frontWidth\":0},\"model\":\"Modulo_1\",\"modulo_id\":\"1\",\"needsUpdate\":true},\"children\":[83,84]},{\"mesh\":56},{\"mesh\":57},{\"matrix\":[951,0,0,0,0,329.2,0,0,0,0,18,0,943,1768.3999999999999,81,1],\"extras\":{\"id\":\"Modulo_1-C/F Cajon 1028\",\"type\":\"piece\",\"index\":28,\"visible\":true,\"wireframe\":true,\"name\":\"C/F Cajon 1028\",\"material\":\"Blanco MDF\",\"l\":951,\"w\":329.2,\"h\":18,\"orientation\":3,\"color\":\"0xF5F5F5\",\"y\":1603.8,\"x\":467.5,\"z\":72,\"pattern\":{\"frontWidth\":0},\"model\":\"Modulo_1\",\"modulo_id\":\"1\",\"needsUpdate\":true},\"children\":[86,87]},{\"mesh\":58},{\"mesh\":59},{\"matrix\":[951,0,0,0,0,329.2,0,0,0,0,18,0,943,1768.3999999999999,563,1],\"extras\":{\"id\":\"Modulo_1-C/F Cajon 1028 (2)\",\"type\":\"piece\",\"index\":29,\"visible\":true,\"wireframe\":true,\"name\":\"C/F Cajon 1028 (2)\",\"material\":\"Blanco MDF\",\"l\":951,\"w\":329.2,\"h\":18,\"orientation\":3,\"color\":\"0xF5F5F5\",\"y\":1603.8,\"x\":467.5,\"z\":554,\"pattern\":{\"frontWidth\":0},\"model\":\"Modulo_1\",\"modulo_id\":\"1\",\"needsUpdate\":true},\"children\":[89,90]},{\"mesh\":60},{\"mesh\":61},{\"matrix\":[18,0,0,0,0,2000,0,0,0,0,600,0,9,1000,300,1],\"extras\":{\"id\":\"Modulo_1-Lat. Izquierdo\",\"type\":\"piece\",\"index\":30,\"visible\":true,\"wireframe\":true,\"name\":\"Lat. Izquierdo\",\"material\":\"Blanco MDF\",\"l\":2000,\"w\":600,\"h\":18,\"orientation\":1,\"color\":\"0xF5F5F5\",\"y\":0,\"x\":0,\"z\":0,\"pattern\":{\"frontWidth\":0},\"model\":\"Modulo_1\",\"modulo_id\":\"1\",\"needsUpdate\":true},\"children\":[92,93]},{\"mesh\":62},{\"mesh\":63},{\"matrix\":[18,0,0,0,0,2000,0,0,0,0,600,0,2991,1000,300,1],\"extras\":{\"id\":\"Modulo_1-Lat. Derecho\",\"type\":\"piece\",\"index\":31,\"visible\":true,\"wireframe\":true,\"name\":\"Lat. Derecho\",\"material\":\"Blanco MDF\",\"l\":2000,\"w\":600,\"h\":18,\"orientation\":1,\"color\":\"0xF5F5F5\",\"y\":0,\"x\":2982,\"z\":0,\"pattern\":{\"frontWidth\":0},\"model\":\"Modulo_1\",\"modulo_id\":\"1\",\"needsUpdate\":true},\"children\":[95,96]},{\"mesh\":64},{\"mesh\":65},{\"matrix\":[2964,0,0,0,0,18,0,0,0,0,600,0,1500,1991,300,1],\"extras\":{\"id\":\"Modulo_1-Techo\",\"type\":\"piece\",\"index\":32,\"visible\":true,\"wireframe\":true,\"name\":\"Techo\",\"material\":\"Blanco MDF\",\"l\":2964,\"w\":600,\"h\":18,\"orientation\":2,\"color\":\"0xF5F5F5\",\"y\":1982,\"x\":18,\"z\":0,\"pattern\":{\"frontWidth\":0},\"model\":\"Modulo_1\",\"modulo_id\":\"1\",\"needsUpdate\":true},\"children\":[98,99]},{\"mesh\":66},{\"mesh\":67},{\"matrix\":[2964,0,0,0,0,18,0,0,0,0,600,0,1500,9,300,1],\"extras\":{\"id\":\"Modulo_1-Piso\",\"type\":\"piece\",\"index\":33,\"visible\":true,\"wireframe\":true,\"name\":\"Piso\",\"material\":\"Blanco MDF\",\"l\":2964,\"w\":600,\"h\":18,\"orientation\":2,\"color\":\"0xF5F5F5\",\"y\":0,\"x\":18,\"z\":0,\"pattern\":{\"frontWidth\":0},\"model\":\"Modulo_1\",\"modulo_id\":\"1\",\"needsUpdate\":true},\"children\":[101,102]},{\"mesh\":68},{\"mesh\":69},{\"matrix\":[18,0,0,0,0,1964,0,0,0,0,600,0,427,1000,300,1],\"extras\":{\"id\":\"Modulo_1-Sep. Vertical 1008\",\"type\":\"piece\",\"index\":34,\"visible\":true,\"wireframe\":true,\"name\":\"Sep. Vertical 1008\",\"material\":\"Blanco MDF\",\"l\":1964,\"w\":600,\"h\":18,\"orientation\":1,\"color\":\"0xF5F5F5\",\"y\":18,\"x\":418,\"z\":0,\"pattern\":{\"frontWidth\":0},\"model\":\"Modulo_1\",\"modulo_id\":\"1\",\"needsUpdate\":true},\"children\":[104,105]},{\"mesh\":70},{\"mesh\":71},{\"matrix\":[18,0,0,0,0,1964,0,0,0,0,600,0,1459,1000,300,1],\"extras\":{\"id\":\"Modulo_1-Sep. Vertical 1011\",\"type\":\"piece\",\"index\":35,\"visible\":true,\"wireframe\":true,\"name\":\"Sep. Vertical 1011\",\"material\":\"Blanco MDF\",\"l\":1964,\"w\":600,\"h\":18,\"orientation\":1,\"color\":\"0xF5F5F5\",\"y\":18,\"x\":1450,\"z\":0,\"pattern\":{\"frontWidth\":0},\"model\":\"Modulo_1\",\"modulo_id\":\"1\",\"needsUpdate\":true},\"children\":[107,108]},{\"mesh\":72},{\"mesh\":73},{\"matrix\":[1514,0,0,0,0,18,0,0,0,0,600,0,2225,1870.5,300,1],\"extras\":{\"id\":\"Modulo_1-Estante 1014\",\"type\":\"piece\",\"index\":36,\"visible\":true,\"wireframe\":true,\"name\":\"Estante 1014\",\"material\":\"Blanco MDF\",\"l\":1514,\"w\":600,\"h\":18,\"orientation\":2,\"color\":\"0xF5F5F5\",\"y\":1861.5,\"x\":1468,\"z\":0,\"pattern\":{\"frontWidth\":0},\"model\":\"Modulo_1\",\"modulo_id\":\"1\",\"needsUpdate\":true},\"children\":[110,111]},{\"mesh\":74},{\"mesh\":75},{\"matrix\":[1514,0,0,0,0,18,0,0,0,0,600,0,2225,1250,300,1],\"extras\":{\"id\":\"Modulo_1-Estante 1016\",\"type\":\"piece\",\"index\":37,\"visible\":true,\"wireframe\":true,\"name\":\"Estante 1016\",\"material\":\"Blanco MDF\",\"l\":1514,\"w\":600,\"h\":18,\"orientation\":2,\"color\":\"0xF5F5F5\",\"y\":1241,\"x\":1468,\"z\":0,\"pattern\":{\"frontWidth\":0},\"model\":\"Modulo_1\",\"modulo_id\":\"1\",\"needsUpdate\":true},\"children\":[113,114]},{\"mesh\":76},{\"mesh\":77},{\"matrix\":[1514,0,0,0,0,18,0,0,0,0,600,0,2225,629.5,300,1],\"extras\":{\"id\":\"Modulo_1-Estante 1018\",\"type\":\"piece\",\"index\":38,\"visible\":true,\"wireframe\":true,\"name\":\"Estante 1018\",\"material\":\"Blanco MDF\",\"l\":1514,\"w\":600,\"h\":18,\"orientation\":2,\"color\":\"0xF5F5F5\",\"y\":620.5,\"x\":1468,\"z\":0,\"pattern\":{\"frontWidth\":0},\"model\":\"Modulo_1\",\"modulo_id\":\"1\",\"needsUpdate\":true},\"children\":[116,117]},{\"name\":\"Modulo_1\",\"extras\":{\"id\":\"Modulo_1\",\"type\":\"module\",\"pieces\":[{\"id\":\"Modulo_1-Frente Cajon 1020\",\"type\":\"piece\",\"index\":0,\"visible\":true,\"wireframe\":true,\"name\":\"Frente Cajon 1020\",\"material\":\"Blanco MDF\",\"l\":1008,\"w\":389.2,\"h\":18,\"orientation\":3,\"color\":\"0xF5F5F5\",\"y\":21,\"x\":439,\"z\":572,\"pattern\":{\"frontWidth\":0},\"model\":\"Modulo_1\",\"modulo_id\":\"1\",\"needsUpdate\":true},{\"id\":\"Modulo_1-Base Cajon 1020\",\"type\":\"piece\",\"index\":1,\"visible\":true,\"wireframe\":true,\"name\":\"Base Cajon 1020\",\"material\":\"NO VA 2\",\"l\":951,\"w\":464,\"h\":18,\"orientation\":2,\"color\":\"0xF5F5F5\",\"y\":35,\"x\":467.5,\"z\":90,\"pattern\":{\"frontWidth\":0},\"model\":\"Modulo_1\",\"modulo_id\":\"1\",\"needsUpdate\":true},{\"id\":\"Modulo_1-Lat. Izq. Cajon 1020\",\"type\":\"piece\",\"index\":2,\"visible\":true,\"wireframe\":true,\"name\":\"Lat. Izq. Cajon 1020\",\"material\":\"Blanco MDF\",\"l\":329.2,\"w\":500,\"h\":18,\"orientation\":1,\"color\":\"0xF5F5F5\",\"y\":35,\"x\":449.5,\"z\":72,\"pattern\":{\"frontWidth\":0},\"model\":\"Modulo_1\",\"modulo_id\":\"1\",\"needsUpdate\":true},{\"id\":\"Modulo_1-Lat. Der. Cajon 1020\",\"type\":\"piece\",\"index\":3,\"visible\":true,\"wireframe\":true,\"name\":\"Lat. Der. Cajon 1020\",\"material\":\"Blanco MDF\",\"l\":329.2,\"w\":500,\"h\":18,\"orientation\":1,\"color\":\"0xF5F5F5\",\"y\":35,\"x\":1419,\"z\":72,\"pattern\":{\"frontWidth\":0},\"model\":\"Modulo_1\",\"modulo_id\":\"1\",\"needsUpdate\":true},{\"id\":\"Modulo_1-C/F Cajon 1020\",\"type\":\"piece\",\"index\":4,\"visible\":true,\"wireframe\":true,\"name\":\"C/F Cajon 1020\",\"material\":\"Blanco MDF\",\"l\":951,\"w\":329.2,\"h\":18,\"orientation\":3,\"color\":\"0xF5F5F5\",\"y\":35,\"x\":467.5,\"z\":72,\"pattern\":{\"frontWidth\":0},\"model\":\"Modulo_1\",\"modulo_id\":\"1\",\"needsUpdate\":true},{\"id\":\"Modulo_1-C/F Cajon 1020 (2)\",\"type\":\"piece\",\"index\":5,\"visible\":true,\"wireframe\":true,\"name\":\"C/F Cajon 1020 (2)\",\"material\":\"Blanco MDF\",\"l\":951,\"w\":329.2,\"h\":18,\"orientation\":3,\"color\":\"0xF5F5F5\",\"y\":35,\"x\":467.5,\"z\":554,\"pattern\":{\"frontWidth\":0},\"model\":\"Modulo_1\",\"modulo_id\":\"1\",\"needsUpdate\":true},{\"id\":\"Modulo_1-Frente Cajon 1022\",\"type\":\"piece\",\"index\":6,\"visible\":true,\"wireframe\":true,\"name\":\"Frente Cajon 1022\",\"material\":\"Blanco MDF\",\"l\":1008,\"w\":389.2,\"h\":18,\"orientation\":3,\"color\":\"0xF5F5F5\",\"y\":413.2,\"x\":439,\"z\":572,\"pattern\":{\"frontWidth\":0},\"model\":\"Modulo_1\",\"modulo_id\":\"1\",\"needsUpdate\":true},{\"id\":\"Modulo_1-Base Cajon 1022\",\"type\":\"piece\",\"index\":7,\"visible\":true,\"wireframe\":true,\"name\":\"Base Cajon 1022\",\"material\":\"NO VA 2\",\"l\":951,\"w\":464,\"h\":18,\"orientation\":2,\"color\":\"0xF5F5F5\",\"y\":427.2,\"x\":467.5,\"z\":90,\"pattern\":{\"frontWidth\":0},\"model\":\"Modulo_1\",\"modulo_id\":\"1\",\"needsUpdate\":true},{\"id\":\"Modulo_1-Lat. Izq. Cajon 1022\",\"type\":\"piece\",\"index\":8,\"visible\":true,\"wireframe\":true,\"name\":\"Lat. Izq. Cajon 1022\",\"material\":\"Blanco MDF\",\"l\":329.2,\"w\":500,\"h\":18,\"orientation\":1,\"color\":\"0xF5F5F5\",\"y\":427.2,\"x\":449.5,\"z\":72,\"pattern\":{\"frontWidth\":0},\"model\":\"Modulo_1\",\"modulo_id\":\"1\",\"needsUpdate\":true},{\"id\":\"Modulo_1-Lat. Der. Cajon 1022\",\"type\":\"piece\",\"index\":9,\"visible\":true,\"wireframe\":true,\"name\":\"Lat. Der. Cajon 1022\",\"material\":\"Blanco MDF\",\"l\":329.2,\"w\":500,\"h\":18,\"orientation\":1,\"color\":\"0xF5F5F5\",\"y\":427.2,\"x\":1419,\"z\":72,\"pattern\":{\"frontWidth\":0},\"model\":\"Modulo_1\",\"modulo_id\":\"1\",\"needsUpdate\":true},{\"id\":\"Modulo_1-C/F Cajon 1022\",\"type\":\"piece\",\"index\":10,\"visible\":true,\"wireframe\":true,\"name\":\"C/F Cajon 1022\",\"material\":\"Blanco MDF\",\"l\":951,\"w\":329.2,\"h\":18,\"orientation\":3,\"color\":\"0xF5F5F5\",\"y\":427.2,\"x\":467.5,\"z\":72,\"pattern\":{\"frontWidth\":0},\"model\":\"Modulo_1\",\"modulo_id\":\"1\",\"needsUpdate\":true},{\"id\":\"Modulo_1-C/F Cajon 1022 (2)\",\"type\":\"piece\",\"index\":11,\"visible\":true,\"wireframe\":true,\"name\":\"C/F Cajon 1022 (2)\",\"material\":\"Blanco MDF\",\"l\":951,\"w\":329.2,\"h\":18,\"orientation\":3,\"color\":\"0xF5F5F5\",\"y\":427.2,\"x\":467.5,\"z\":554,\"pattern\":{\"frontWidth\":0},\"model\":\"Modulo_1\",\"modulo_id\":\"1\",\"needsUpdate\":true},{\"id\":\"Modulo_1-Frente Cajon 1024\",\"type\":\"piece\",\"index\":12,\"visible\":true,\"wireframe\":true,\"name\":\"Frente Cajon 1024\",\"material\":\"Blanco MDF\",\"l\":1008,\"w\":389.2,\"h\":18,\"orientation\":3,\"color\":\"0xF5F5F5\",\"y\":805.4,\"x\":439,\"z\":572,\"pattern\":{\"frontWidth\":0},\"model\":\"Modulo_1\",\"modulo_id\":\"1\",\"needsUpdate\":true},{\"id\":\"Modulo_1-Base Cajon 1024\",\"type\":\"piece\",\"index\":13,\"visible\":true,\"wireframe\":true,\"name\":\"Base Cajon 1024\",\"material\":\"NO VA 2\",\"l\":951,\"w\":464,\"h\":18,\"orientation\":2,\"color\":\"0xF5F5F5\",\"y\":819.4,\"x\":467.5,\"z\":90,\"pattern\":{\"frontWidth\":0},\"model\":\"Modulo_1\",\"modulo_id\":\"1\",\"needsUpdate\":true},{\"id\":\"Modulo_1-Lat. Izq. Cajon 1024\",\"type\":\"piece\",\"index\":14,\"visible\":true,\"wireframe\":true,\"name\":\"Lat. Izq. Cajon 1024\",\"material\":\"Blanco MDF\",\"l\":329.2,\"w\":500,\"h\":18,\"orientation\":1,\"color\":\"0xF5F5F5\",\"y\":819.4,\"x\":449.5,\"z\":72,\"pattern\":{\"frontWidth\":0},\"model\":\"Modulo_1\",\"modulo_id\":\"1\",\"needsUpdate\":true},{\"id\":\"Modulo_1-Lat. Der. Cajon 1024\",\"type\":\"piece\",\"index\":15,\"visible\":true,\"wireframe\":true,\"name\":\"Lat. Der. Cajon 1024\",\"material\":\"Blanco MDF\",\"l\":329.2,\"w\":500,\"h\":18,\"orientation\":1,\"color\":\"0xF5F5F5\",\"y\":819.4,\"x\":1419,\"z\":72,\"pattern\":{\"frontWidth\":0},\"model\":\"Modulo_1\",\"modulo_id\":\"1\",\"needsUpdate\":true},{\"id\":\"Modulo_1-C/F Cajon 1024\",\"type\":\"piece\",\"index\":16,\"visible\":true,\"wireframe\":true,\"name\":\"C/F Cajon 1024\",\"material\":\"Blanco MDF\",\"l\":951,\"w\":329.2,\"h\":18,\"orientation\":3,\"color\":\"0xF5F5F5\",\"y\":819.4,\"x\":467.5,\"z\":72,\"pattern\":{\"frontWidth\":0},\"model\":\"Modulo_1\",\"modulo_id\":\"1\",\"needsUpdate\":true},{\"id\":\"Modulo_1-C/F Cajon 1024 (2)\",\"type\":\"piece\",\"index\":17,\"visible\":true,\"wireframe\":true,\"name\":\"C/F Cajon 1024 (2)\",\"material\":\"Blanco MDF\",\"l\":951,\"w\":329.2,\"h\":18,\"orientation\":3,\"color\":\"0xF5F5F5\",\"y\":819.4,\"x\":467.5,\"z\":554,\"pattern\":{\"frontWidth\":0},\"model\":\"Modulo_1\",\"modulo_id\":\"1\",\"needsUpdate\":true},{\"id\":\"Modulo_1-Frente Cajon 1026\",\"type\":\"piece\",\"index\":18,\"visible\":true,\"wireframe\":true,\"name\":\"Frente Cajon 1026\",\"material\":\"Blanco MDF\",\"l\":1008,\"w\":389.2,\"h\":18,\"orientation\":3,\"color\":\"0xF5F5F5\",\"y\":1197.6,\"x\":439,\"z\":572,\"pattern\":{\"frontWidth\":0},\"model\":\"Modulo_1\",\"modulo_id\":\"1\",\"needsUpdate\":true},{\"id\":\"Modulo_1-Base Cajon 1026\",\"type\":\"piece\",\"index\":19,\"visible\":true,\"wireframe\":true,\"name\":\"Base Cajon 1026\",\"material\":\"NO VA 2\",\"l\":951,\"w\":464,\"h\":18,\"orientation\":2,\"color\":\"0xF5F5F5\",\"y\":1211.6,\"x\":467.5,\"z\":90,\"pattern\":{\"frontWidth\":0},\"model\":\"Modulo_1\",\"modulo_id\":\"1\",\"needsUpdate\":true},{\"id\":\"Modulo_1-Lat. Izq. Cajon 1026\",\"type\":\"piece\",\"index\":20,\"visible\":true,\"wireframe\":true,\"name\":\"Lat. Izq. Cajon 1026\",\"material\":\"Blanco MDF\",\"l\":329.2,\"w\":500,\"h\":18,\"orientation\":1,\"color\":\"0xF5F5F5\",\"y\":1211.6,\"x\":449.5,\"z\":72,\"pattern\":{\"frontWidth\":0},\"model\":\"Modulo_1\",\"modulo_id\":\"1\",\"needsUpdate\":true},{\"id\":\"Modulo_1-Lat. Der. Cajon 1026\",\"type\":\"piece\",\"index\":21,\"visible\":true,\"wireframe\":true,\"name\":\"Lat. Der. Cajon 1026\",\"material\":\"Blanco MDF\",\"l\":329.2,\"w\":500,\"h\":18,\"orientation\":1,\"color\":\"0xF5F5F5\",\"y\":1211.6,\"x\":1419,\"z\":72,\"pattern\":{\"frontWidth\":0},\"model\":\"Modulo_1\",\"modulo_id\":\"1\",\"needsUpdate\":true},{\"id\":\"Modulo_1-C/F Cajon 1026\",\"type\":\"piece\",\"index\":22,\"visible\":true,\"wireframe\":true,\"name\":\"C/F Cajon 1026\",\"material\":\"Blanco MDF\",\"l\":951,\"w\":329.2,\"h\":18,\"orientation\":3,\"color\":\"0xF5F5F5\",\"y\":1211.6,\"x\":467.5,\"z\":72,\"pattern\":{\"frontWidth\":0},\"model\":\"Modulo_1\",\"modulo_id\":\"1\",\"needsUpdate\":true},{\"id\":\"Modulo_1-C/F Cajon 1026 (2)\",\"type\":\"piece\",\"index\":23,\"visible\":true,\"wireframe\":true,\"name\":\"C/F Cajon 1026 (2)\",\"material\":\"Blanco MDF\",\"l\":951,\"w\":329.2,\"h\":18,\"orientation\":3,\"color\":\"0xF5F5F5\",\"y\":1211.6,\"x\":467.5,\"z\":554,\"pattern\":{\"frontWidth\":0},\"model\":\"Modulo_1\",\"modulo_id\":\"1\",\"needsUpdate\":true},{\"id\":\"Modulo_1-Frente Cajon 1028\",\"type\":\"piece\",\"index\":24,\"visible\":true,\"wireframe\":true,\"name\":\"Frente Cajon 1028\",\"material\":\"Blanco MDF\",\"l\":1008,\"w\":389.2,\"h\":18,\"orientation\":3,\"color\":\"0xF5F5F5\",\"y\":1589.8,\"x\":439,\"z\":572,\"pattern\":{\"frontWidth\":0},\"model\":\"Modulo_1\",\"modulo_id\":\"1\",\"needsUpdate\":true},{\"id\":\"Modulo_1-Base Cajon 1028\",\"type\":\"piece\",\"index\":25,\"visible\":true,\"wireframe\":true,\"name\":\"Base Cajon 1028\",\"material\":\"NO VA 2\",\"l\":951,\"w\":464,\"h\":18,\"orientation\":2,\"color\":\"0xF5F5F5\",\"y\":1603.8,\"x\":467.5,\"z\":90,\"pattern\":{\"frontWidth\":0},\"model\":\"Modulo_1\",\"modulo_id\":\"1\",\"needsUpdate\":true},{\"id\":\"Modulo_1-Lat. Izq. Cajon 1028\",\"type\":\"piece\",\"index\":26,\"visible\":true,\"wireframe\":true,\"name\":\"Lat. Izq. Cajon 1028\",\"material\":\"Blanco MDF\",\"l\":329.2,\"w\":500,\"h\":18,\"orientation\":1,\"color\":\"0xF5F5F5\",\"y\":1603.8,\"x\":449.5,\"z\":72,\"pattern\":{\"frontWidth\":0},\"model\":\"Modulo_1\",\"modulo_id\":\"1\",\"needsUpdate\":true},{\"id\":\"Modulo_1-Lat. Der. Cajon 1028\",\"type\":\"piece\",\"index\":27,\"visible\":true,\"wireframe\":true,\"name\":\"Lat. Der. Cajon 1028\",\"material\":\"Blanco MDF\",\"l\":329.2,\"w\":500,\"h\":18,\"orientation\":1,\"color\":\"0xF5F5F5\",\"y\":1603.8,\"x\":1419,\"z\":72,\"pattern\":{\"frontWidth\":0},\"model\":\"Modulo_1\",\"modulo_id\":\"1\",\"needsUpdate\":true},{\"id\":\"Modulo_1-C/F Cajon 1028\",\"type\":\"piece\",\"index\":28,\"visible\":true,\"wireframe\":true,\"name\":\"C/F Cajon 1028\",\"material\":\"Blanco MDF\",\"l\":951,\"w\":329.2,\"h\":18,\"orientation\":3,\"color\":\"0xF5F5F5\",\"y\":1603.8,\"x\":467.5,\"z\":72,\"pattern\":{\"frontWidth\":0},\"model\":\"Modulo_1\",\"modulo_id\":\"1\",\"needsUpdate\":true},{\"id\":\"Modulo_1-C/F Cajon 1028 (2)\",\"type\":\"piece\",\"index\":29,\"visible\":true,\"wireframe\":true,\"name\":\"C/F Cajon 1028 (2)\",\"material\":\"Blanco MDF\",\"l\":951,\"w\":329.2,\"h\":18,\"orientation\":3,\"color\":\"0xF5F5F5\",\"y\":1603.8,\"x\":467.5,\"z\":554,\"pattern\":{\"frontWidth\":0},\"model\":\"Modulo_1\",\"modulo_id\":\"1\",\"needsUpdate\":true},{\"id\":\"Modulo_1-Lat. Izquierdo\",\"type\":\"piece\",\"index\":30,\"visible\":true,\"wireframe\":true,\"name\":\"Lat. Izquierdo\",\"material\":\"Blanco MDF\",\"l\":2000,\"w\":600,\"h\":18,\"orientation\":1,\"color\":\"0xF5F5F5\",\"y\":0,\"x\":0,\"z\":0,\"pattern\":{\"frontWidth\":0},\"model\":\"Modulo_1\",\"modulo_id\":\"1\",\"needsUpdate\":true},{\"id\":\"Modulo_1-Lat. Derecho\",\"type\":\"piece\",\"index\":31,\"visible\":true,\"wireframe\":true,\"name\":\"Lat. Derecho\",\"material\":\"Blanco MDF\",\"l\":2000,\"w\":600,\"h\":18,\"orientation\":1,\"color\":\"0xF5F5F5\",\"y\":0,\"x\":2982,\"z\":0,\"pattern\":{\"frontWidth\":0},\"model\":\"Modulo_1\",\"modulo_id\":\"1\",\"needsUpdate\":true},{\"id\":\"Modulo_1-Techo\",\"type\":\"piece\",\"index\":32,\"visible\":true,\"wireframe\":true,\"name\":\"Techo\",\"material\":\"Blanco MDF\",\"l\":2964,\"w\":600,\"h\":18,\"orientation\":2,\"color\":\"0xF5F5F5\",\"y\":1982,\"x\":18,\"z\":0,\"pattern\":{\"frontWidth\":0},\"model\":\"Modulo_1\",\"modulo_id\":\"1\",\"needsUpdate\":true},{\"id\":\"Modulo_1-Piso\",\"type\":\"piece\",\"index\":33,\"visible\":true,\"wireframe\":true,\"name\":\"Piso\",\"material\":\"Blanco MDF\",\"l\":2964,\"w\":600,\"h\":18,\"orientation\":2,\"color\":\"0xF5F5F5\",\"y\":0,\"x\":18,\"z\":0,\"pattern\":{\"frontWidth\":0},\"model\":\"Modulo_1\",\"modulo_id\":\"1\",\"needsUpdate\":true},{\"id\":\"Modulo_1-Sep. Vertical 1008\",\"type\":\"piece\",\"index\":34,\"visible\":true,\"wireframe\":true,\"name\":\"Sep. Vertical 1008\",\"material\":\"Blanco MDF\",\"l\":1964,\"w\":600,\"h\":18,\"orientation\":1,\"color\":\"0xF5F5F5\",\"y\":18,\"x\":418,\"z\":0,\"pattern\":{\"frontWidth\":0},\"model\":\"Modulo_1\",\"modulo_id\":\"1\",\"needsUpdate\":true},{\"id\":\"Modulo_1-Sep. Vertical 1011\",\"type\":\"piece\",\"index\":35,\"visible\":true,\"wireframe\":true,\"name\":\"Sep. Vertical 1011\",\"material\":\"Blanco MDF\",\"l\":1964,\"w\":600,\"h\":18,\"orientation\":1,\"color\":\"0xF5F5F5\",\"y\":18,\"x\":1450,\"z\":0,\"pattern\":{\"frontWidth\":0},\"model\":\"Modulo_1\",\"modulo_id\":\"1\",\"needsUpdate\":true},{\"id\":\"Modulo_1-Estante 1014\",\"type\":\"piece\",\"index\":36,\"visible\":true,\"wireframe\":true,\"name\":\"Estante 1014\",\"material\":\"Blanco MDF\",\"l\":1514,\"w\":600,\"h\":18,\"orientation\":2,\"color\":\"0xF5F5F5\",\"y\":1861.5,\"x\":1468,\"z\":0,\"pattern\":{\"frontWidth\":0},\"model\":\"Modulo_1\",\"modulo_id\":\"1\",\"needsUpdate\":true},{\"id\":\"Modulo_1-Estante 1016\",\"type\":\"piece\",\"index\":37,\"visible\":true,\"wireframe\":true,\"name\":\"Estante 1016\",\"material\":\"Blanco MDF\",\"l\":1514,\"w\":600,\"h\":18,\"orientation\":2,\"color\":\"0xF5F5F5\",\"y\":1241,\"x\":1468,\"z\":0,\"pattern\":{\"frontWidth\":0},\"model\":\"Modulo_1\",\"modulo_id\":\"1\",\"needsUpdate\":true},{\"id\":\"Modulo_1-Estante 1018\",\"type\":\"piece\",\"index\":38,\"visible\":true,\"wireframe\":true,\"name\":\"Estante 1018\",\"material\":\"Blanco MDF\",\"l\":1514,\"w\":600,\"h\":18,\"orientation\":2,\"color\":\"0xF5F5F5\",\"y\":620.5,\"x\":1468,\"z\":0,\"pattern\":{\"frontWidth\":0},\"model\":\"Modulo_1\",\"modulo_id\":\"1\",\"needsUpdate\":true}],\"guid\":\"Modulo_1\",\"tag\":\"Modulo_1\",\"x\":0,\"y\":0,\"z\":0,\"rx\":0,\"ry\":0,\"rz\":0,\"visible\":true,\"needsUpdate\":true,\"moduleId\":1,\"depthMaterial\":null,\"height\":2000,\"width\":3000,\"depth\":600,\"description\":\"\",\"comment\":\"\",\"defaultMaterial\":{\"id\":72,\"material\":\"Pvc\",\"espesor\":1,\"link_textura1\":null,\"link_textura2\":\"#faf9f9\",\"precio_mt2\":\"80.00\",\"precio_placa\":\"0.00\",\"veta\":0,\"ancho_veta\":0,\"largo_veta\":0,\"extra\":\"\",\"nombre\":\"Pvc\",\"alto\":\"18.00\",\"descuento_alto\":\"0.00\",\"descuento_ancho\":\"0.00\",\"tipo_material_id\":2,\"default\":1},\"defaultTapacantos\":\"Pvc\"},\"children\":[4,7,10,13,16,19,22,25,28,31,34,37,40,43,46,49,52,55,58,61,64,67,70,73,76,79,82,85,88,91,94,97,100,103,106,109,112,115,118]},{\"mesh\":78},{\"mesh\":79},{\"matrix\":[2500,0,0,0,0,18,0,0,0,0,500,0,3250,4491,250,1],\"extras\":{\"id\":\"Modulo_2-Techo\",\"type\":\"piece\",\"index\":0,\"visible\":true,\"wireframe\":true,\"name\":\"Techo\",\"material\":\"Rojo MDF 1\",\"l\":2500,\"w\":500,\"h\":18,\"orientation\":2,\"color\":\"0xF5F5F5\",\"y\":4482,\"x\":2000,\"z\":0,\"pattern\":{\"frontWidth\":0},\"model\":\"Modulo_2\",\"modulo_id\":\"2\",\"needsUpdate\":true},\"children\":[120,121]},{\"mesh\":80},{\"mesh\":81},{\"matrix\":[2500,0,0,0,0,18,0,0,0,0,500,0,3250,2009,250,1],\"extras\":{\"id\":\"Modulo_2-Piso\",\"type\":\"piece\",\"index\":1,\"visible\":true,\"wireframe\":true,\"name\":\"Piso\",\"material\":\"Rojo MDF 1\",\"l\":2500,\"w\":500,\"h\":18,\"orientation\":2,\"color\":\"0xF5F5F5\",\"y\":2000,\"x\":2000,\"z\":0,\"pattern\":{\"frontWidth\":0},\"model\":\"Modulo_2\",\"modulo_id\":\"2\",\"needsUpdate\":true},\"children\":[123,124]},{\"mesh\":82},{\"mesh\":83},{\"matrix\":[18,0,0,0,0,2464,0,0,0,0,500,0,2009,3250,250,1],\"extras\":{\"id\":\"Modulo_2-Lat. Izquierdo\",\"type\":\"piece\",\"index\":2,\"visible\":true,\"wireframe\":true,\"name\":\"Lat. Izquierdo\",\"material\":\"Rojo MDF 1\",\"l\":2464,\"w\":500,\"h\":18,\"orientation\":1,\"color\":\"0xF5F5F5\",\"y\":2018,\"x\":2000,\"z\":0,\"pattern\":{\"frontWidth\":0},\"model\":\"Modulo_2\",\"modulo_id\":\"2\",\"needsUpdate\":true},\"children\":[126,127]},{\"mesh\":84},{\"mesh\":85},{\"matrix\":[18,0,0,0,0,2464,0,0,0,0,500,0,4491,3250,250,1],\"extras\":{\"id\":\"Modulo_2-Lat. Derecho\",\"type\":\"piece\",\"index\":3,\"visible\":true,\"wireframe\":true,\"name\":\"Lat. Derecho\",\"material\":\"Rojo MDF 1\",\"l\":2464,\"w\":500,\"h\":18,\"orientation\":1,\"color\":\"0xF5F5F5\",\"y\":2018,\"x\":4482,\"z\":0,\"pattern\":{\"frontWidth\":0},\"model\":\"Modulo_2\",\"modulo_id\":\"2\",\"needsUpdate\":true},\"children\":[129,130]},{\"name\":\"Modulo_2\",\"extras\":{\"id\":\"Modulo_2\",\"type\":\"module\",\"pieces\":[{\"id\":\"Modulo_2-Techo\",\"type\":\"piece\",\"index\":0,\"visible\":true,\"wireframe\":true,\"name\":\"Techo\",\"material\":\"Rojo MDF 1\",\"l\":2500,\"w\":500,\"h\":18,\"orientation\":2,\"color\":\"0xF5F5F5\",\"y\":4482,\"x\":2000,\"z\":0,\"pattern\":{\"frontWidth\":0},\"model\":\"Modulo_2\",\"modulo_id\":\"2\",\"needsUpdate\":true},{\"id\":\"Modulo_2-Piso\",\"type\":\"piece\",\"index\":1,\"visible\":true,\"wireframe\":true,\"name\":\"Piso\",\"material\":\"Rojo MDF 1\",\"l\":2500,\"w\":500,\"h\":18,\"orientation\":2,\"color\":\"0xF5F5F5\",\"y\":2000,\"x\":2000,\"z\":0,\"pattern\":{\"frontWidth\":0},\"model\":\"Modulo_2\",\"modulo_id\":\"2\",\"needsUpdate\":true},{\"id\":\"Modulo_2-Lat. Izquierdo\",\"type\":\"piece\",\"index\":2,\"visible\":true,\"wireframe\":true,\"name\":\"Lat. Izquierdo\",\"material\":\"Rojo MDF 1\",\"l\":2464,\"w\":500,\"h\":18,\"orientation\":1,\"color\":\"0xF5F5F5\",\"y\":2018,\"x\":2000,\"z\":0,\"pattern\":{\"frontWidth\":0},\"model\":\"Modulo_2\",\"modulo_id\":\"2\",\"needsUpdate\":true},{\"id\":\"Modulo_2-Lat. Derecho\",\"type\":\"piece\",\"index\":3,\"visible\":true,\"wireframe\":true,\"name\":\"Lat. Derecho\",\"material\":\"Rojo MDF 1\",\"l\":2464,\"w\":500,\"h\":18,\"orientation\":1,\"color\":\"0xF5F5F5\",\"y\":2018,\"x\":4482,\"z\":0,\"pattern\":{\"frontWidth\":0},\"model\":\"Modulo_2\",\"modulo_id\":\"2\",\"needsUpdate\":true}],\"guid\":\"Modulo_2\",\"tag\":\"Modulo_2\",\"x\":\"2000\",\"y\":\"2000\",\"z\":\"0\",\"rx\":0,\"ry\":0,\"rz\":0,\"visible\":true,\"needsUpdate\":true,\"moduleId\":2,\"depthMaterial\":\"\",\"height\":2500,\"width\":2500,\"depth\":500,\"description\":\"\",\"comment\":\"\",\"defaultMaterial\":{\"id\":75,\"material\":\"pvc\",\"espesor\":22,\"link_textura1\":null,\"link_textura2\":\"\",\"precio_mt2\":\"80.00\",\"precio_placa\":\"0.00\",\"veta\":0,\"ancho_veta\":0,\"largo_veta\":0,\"extra\":\"\",\"nombre\":\"pvc espacio\",\"alto\":\"0.00\",\"descuento_alto\":\"0.00\",\"descuento_ancho\":\"0.00\",\"tipo_material_id\":2,\"default\":1},\"defaultTapacantos\":\"pvc espacio\"},\"children\":[122,125,128,131]},{\"matrix\":[0.1,0,0,0,0,0.1,0,0,0,0,0.1,0,0,0,0,1],\"name\":\"viewer-modelos\",\"children\":[119,132]},{\"name\":\"viewer-labels\"},{\"name\":\"viewer-lights\"},{\"name\":\"viewer-dimlabels\"},{},{}],\"cameras\":[{\"type\":\"perspective\",\"perspective\":{\"aspectRatio\":0.9705882352941176,\"yfov\":1.3089969389957472,\"zfar\":10000,\"znear\":1},\"name\":\"PerspectiveCamera\"}],\"bufferViews\":[{\"buffer\":0,\"byteOffset\":0,\"byteLength\":432,\"target\":34962,\"byteStride\":12},{\"buffer\":0,\"byteOffset\":432,\"byteLength\":432,\"target\":34962,\"byteStride\":12},{\"buffer\":0,\"byteOffset\":864,\"byteLength\":432,\"target\":34962,\"byteStride\":12},{\"buffer\":0,\"byteOffset\":1296,\"byteLength\":288,\"target\":34962,\"byteStride\":8},{\"buffer\":0,\"byteOffset\":1584,\"byteLength\":288,\"target\":34962,\"byteStride\":12},{\"buffer\":0,\"byteOffset\":1872,\"byteLength\":432,\"target\":34962,\"byteStride\":12},{\"buffer\":0,\"byteOffset\":2304,\"byteLength\":432,\"target\":34962,\"byteStride\":12},{\"buffer\":0,\"byteOffset\":2736,\"byteLength\":432,\"target\":34962,\"byteStride\":12},{\"buffer\":0,\"byteOffset\":3168,\"byteLength\":288,\"target\":34962,\"byteStride\":8},{\"buffer\":0,\"byteOffset\":3456,\"byteLength\":288,\"target\":34962,\"byteStride\":12},{\"buffer\":0,\"byteOffset\":3744,\"byteLength\":432,\"target\":34962,\"byteStride\":12},{\"buffer\":0,\"byteOffset\":4176,\"byteLength\":432,\"target\":34962,\"byteStride\":12},{\"buffer\":0,\"byteOffset\":4608,\"byteLength\":432,\"target\":34962,\"byteStride\":12},{\"buffer\":0,\"byteOffset\":5040,\"byteLength\":288,\"target\":34962,\"byteStride\":8},{\"buffer\":0,\"byteOffset\":5328,\"byteLength\":288,\"target\":34962,\"byteStride\":12},{\"buffer\":0,\"byteOffset\":5616,\"byteLength\":432,\"target\":34962,\"byteStride\":12},{\"buffer\":0,\"byteOffset\":6048,\"byteLength\":432,\"target\":34962,\"byteStride\":12},{\"buffer\":0,\"byteOffset\":6480,\"byteLength\":432,\"target\":34962,\"byteStride\":12},{\"buffer\":0,\"byteOffset\":6912,\"byteLength\":288,\"target\":34962,\"byteStride\":8},{\"buffer\":0,\"byteOffset\":7200,\"byteLength\":288,\"target\":34962,\"byteStride\":12},{\"buffer\":0,\"byteOffset\":7488,\"byteLength\":432,\"target\":34962,\"byteStride\":12},{\"buffer\":0,\"byteOffset\":7920,\"byteLength\":432,\"target\":34962,\"byteStride\":12},{\"buffer\":0,\"byteOffset\":8352,\"byteLength\":432,\"target\":34962,\"byteStride\":12},{\"buffer\":0,\"byteOffset\":8784,\"byteLength\":288,\"target\":34962,\"byteStride\":8},{\"buffer\":0,\"byteOffset\":9072,\"byteLength\":288,\"target\":34962,\"byteStride\":12},{\"buffer\":0,\"byteOffset\":9360,\"byteLength\":432,\"target\":34962,\"byteStride\":12},{\"buffer\":0,\"byteOffset\":9792,\"byteLength\":432,\"target\":34962,\"byteStride\":12},{\"buffer\":0,\"byteOffset\":10224,\"byteLength\":432,\"target\":34962,\"byteStride\":12},{\"buffer\":0,\"byteOffset\":10656,\"byteLength\":288,\"target\":34962,\"byteStride\":8},{\"buffer\":0,\"byteOffset\":10944,\"byteLength\":288,\"target\":34962,\"byteStride\":12},{\"buffer\":0,\"byteOffset\":11232,\"byteLength\":432,\"target\":34962,\"byteStride\":12},{\"buffer\":0,\"byteOffset\":11664,\"byteLength\":432,\"target\":34962,\"byteStride\":12},{\"buffer\":0,\"byteOffset\":12096,\"byteLength\":432,\"target\":34962,\"byteStride\":12},{\"buffer\":0,\"byteOffset\":12528,\"byteLength\":288,\"target\":34962,\"byteStride\":8},{\"buffer\":0,\"byteOffset\":12816,\"byteLength\":288,\"target\":34962,\"byteStride\":12},{\"buffer\":0,\"byteOffset\":13104,\"byteLength\":432,\"target\":34962,\"byteStride\":12},{\"buffer\":0,\"byteOffset\":13536,\"byteLength\":432,\"target\":34962,\"byteStride\":12},{\"buffer\":0,\"byteOffset\":13968,\"byteLength\":432,\"target\":34962,\"byteStride\":12},{\"buffer\":0,\"byteOffset\":14400,\"byteLength\":288,\"target\":34962,\"byteStride\":8},{\"buffer\":0,\"byteOffset\":14688,\"byteLength\":288,\"target\":34962,\"byteStride\":12},{\"buffer\":0,\"byteOffset\":14976,\"byteLength\":432,\"target\":34962,\"byteStride\":12},{\"buffer\":0,\"byteOffset\":15408,\"byteLength\":432,\"target\":34962,\"byteStride\":12},{\"buffer\":0,\"byteOffset\":15840,\"byteLength\":432,\"target\":34962,\"byteStride\":12},{\"buffer\":0,\"byteOffset\":16272,\"byteLength\":288,\"target\":34962,\"byteStride\":8},{\"buffer\":0,\"byteOffset\":16560,\"byteLength\":288,\"target\":34962,\"byteStride\":12},{\"buffer\":0,\"byteOffset\":16848,\"byteLength\":432,\"target\":34962,\"byteStride\":12},{\"buffer\":0,\"byteOffset\":17280,\"byteLength\":432,\"target\":34962,\"byteStride\":12},{\"buffer\":0,\"byteOffset\":17712,\"byteLength\":432,\"target\":34962,\"byteStride\":12},{\"buffer\":0,\"byteOffset\":18144,\"byteLength\":288,\"target\":34962,\"byteStride\":8},{\"buffer\":0,\"byteOffset\":18432,\"byteLength\":288,\"target\":34962,\"byteStride\":12},{\"buffer\":0,\"byteOffset\":18720,\"byteLength\":432,\"target\":34962,\"byteStride\":12},{\"buffer\":0,\"byteOffset\":19152,\"byteLength\":432,\"target\":34962,\"byteStride\":12},{\"buffer\":0,\"byteOffset\":19584,\"byteLength\":432,\"target\":34962,\"byteStride\":12},{\"buffer\":0,\"byteOffset\":20016,\"byteLength\":288,\"target\":34962,\"byteStride\":8},{\"buffer\":0,\"byteOffset\":20304,\"byteLength\":288,\"target\":34962,\"byteStride\":12},{\"buffer\":0,\"byteOffset\":20592,\"byteLength\":432,\"target\":34962,\"byteStride\":12},{\"buffer\":0,\"byteOffset\":21024,\"byteLength\":432,\"target\":34962,\"byteStride\":12},{\"buffer\":0,\"byteOffset\":21456,\"byteLength\":432,\"target\":34962,\"byteStride\":12},{\"buffer\":0,\"byteOffset\":21888,\"byteLength\":288,\"target\":34962,\"byteStride\":8},{\"buffer\":0,\"byteOffset\":22176,\"byteLength\":288,\"target\":34962,\"byteStride\":12},{\"buffer\":0,\"byteOffset\":22464,\"byteLength\":432,\"target\":34962,\"byteStride\":12},{\"buffer\":0,\"byteOffset\":22896,\"byteLength\":432,\"target\":34962,\"byteStride\":12},{\"buffer\":0,\"byteOffset\":23328,\"byteLength\":432,\"target\":34962,\"byteStride\":12},{\"buffer\":0,\"byteOffset\":23760,\"byteLength\":288,\"target\":34962,\"byteStride\":8},{\"buffer\":0,\"byteOffset\":24048,\"byteLength\":288,\"target\":34962,\"byteStride\":12},{\"buffer\":0,\"byteOffset\":24336,\"byteLength\":432,\"target\":34962,\"byteStride\":12},{\"buffer\":0,\"byteOffset\":24768,\"byteLength\":432,\"target\":34962,\"byteStride\":12},{\"buffer\":0,\"byteOffset\":25200,\"byteLength\":432,\"target\":34962,\"byteStride\":12},{\"buffer\":0,\"byteOffset\":25632,\"byteLength\":288,\"target\":34962,\"byteStride\":8},{\"buffer\":0,\"byteOffset\":25920,\"byteLength\":288,\"target\":34962,\"byteStride\":12},{\"buffer\":0,\"byteOffset\":26208,\"byteLength\":432,\"target\":34962,\"byteStride\":12},{\"buffer\":0,\"byteOffset\":26640,\"byteLength\":432,\"target\":34962,\"byteStride\":12},{\"buffer\":0,\"byteOffset\":27072,\"byteLength\":432,\"target\":34962,\"byteStride\":12},{\"buffer\":0,\"byteOffset\":27504,\"byteLength\":288,\"target\":34962,\"byteStride\":8},{\"buffer\":0,\"byteOffset\":27792,\"byteLength\":288,\"target\":34962,\"byteStride\":12},{\"buffer\":0,\"byteOffset\":28080,\"byteLength\":432,\"target\":34962,\"byteStride\":12},{\"buffer\":0,\"byteOffset\":28512,\"byteLength\":432,\"target\":34962,\"byteStride\":12},{\"buffer\":0,\"byteOffset\":28944,\"byteLength\":432,\"target\":34962,\"byteStride\":12},{\"buffer\":0,\"byteOffset\":29376,\"byteLength\":288,\"target\":34962,\"byteStride\":8},{\"buffer\":0,\"byteOffset\":29664,\"byteLength\":288,\"target\":34962,\"byteStride\":12},{\"buffer\":0,\"byteOffset\":29952,\"byteLength\":432,\"target\":34962,\"byteStride\":12},{\"buffer\":0,\"byteOffset\":30384,\"byteLength\":432,\"target\":34962,\"byteStride\":12},{\"buffer\":0,\"byteOffset\":30816,\"byteLength\":432,\"target\":34962,\"byteStride\":12},{\"buffer\":0,\"byteOffset\":31248,\"byteLength\":288,\"target\":34962,\"byteStride\":8},{\"buffer\":0,\"byteOffset\":31536,\"byteLength\":288,\"target\":34962,\"byteStride\":12},{\"buffer\":0,\"byteOffset\":31824,\"byteLength\":432,\"target\":34962,\"byteStride\":12},{\"buffer\":0,\"byteOffset\":32256,\"byteLength\":432,\"target\":34962,\"byteStride\":12},{\"buffer\":0,\"byteOffset\":32688,\"byteLength\":432,\"target\":34962,\"byteStride\":12},{\"buffer\":0,\"byteOffset\":33120,\"byteLength\":288,\"target\":34962,\"byteStride\":8},{\"buffer\":0,\"byteOffset\":33408,\"byteLength\":288,\"target\":34962,\"byteStride\":12},{\"buffer\":0,\"byteOffset\":33696,\"byteLength\":432,\"target\":34962,\"byteStride\":12},{\"buffer\":0,\"byteOffset\":34128,\"byteLength\":432,\"target\":34962,\"byteStride\":12},{\"buffer\":0,\"byteOffset\":34560,\"byteLength\":432,\"target\":34962,\"byteStride\":12},{\"buffer\":0,\"byteOffset\":34992,\"byteLength\":288,\"target\":34962,\"byteStride\":8},{\"buffer\":0,\"byteOffset\":35280,\"byteLength\":288,\"target\":34962,\"byteStride\":12},{\"buffer\":0,\"byteOffset\":35568,\"byteLength\":432,\"target\":34962,\"byteStride\":12},{\"buffer\":0,\"byteOffset\":36000,\"byteLength\":432,\"target\":34962,\"byteStride\":12},{\"buffer\":0,\"byteOffset\":36432,\"byteLength\":432,\"target\":34962,\"byteStride\":12},{\"buffer\":0,\"byteOffset\":36864,\"byteLength\":288,\"target\":34962,\"byteStride\":8},{\"buffer\":0,\"byteOffset\":37152,\"byteLength\":288,\"target\":34962,\"byteStride\":12},{\"buffer\":0,\"byteOffset\":37440,\"byteLength\":432,\"target\":34962,\"byteStride\":12},{\"buffer\":0,\"byteOffset\":37872,\"byteLength\":432,\"target\":34962,\"byteStride\":12},{\"buffer\":0,\"byteOffset\":38304,\"byteLength\":432,\"target\":34962,\"byteStride\":12},{\"buffer\":0,\"byteOffset\":38736,\"byteLength\":288,\"target\":34962,\"byteStride\":8},{\"buffer\":0,\"byteOffset\":39024,\"byteLength\":288,\"target\":34962,\"byteStride\":12},{\"buffer\":0,\"byteOffset\":39312,\"byteLength\":432,\"target\":34962,\"byteStride\":12},{\"buffer\":0,\"byteOffset\":39744,\"byteLength\":432,\"target\":34962,\"byteStride\":12},{\"buffer\":0,\"byteOffset\":40176,\"byteLength\":432,\"target\":34962,\"byteStride\":12},{\"buffer\":0,\"byteOffset\":40608,\"byteLength\":288,\"target\":34962,\"byteStride\":8},{\"buffer\":0,\"byteOffset\":40896,\"byteLength\":288,\"target\":34962,\"byteStride\":12},{\"buffer\":0,\"byteOffset\":41184,\"byteLength\":432,\"target\":34962,\"byteStride\":12},{\"buffer\":0,\"byteOffset\":41616,\"byteLength\":432,\"target\":34962,\"byteStride\":12},{\"buffer\":0,\"byteOffset\":42048,\"byteLength\":432,\"target\":34962,\"byteStride\":12},{\"buffer\":0,\"byteOffset\":42480,\"byteLength\":288,\"target\":34962,\"byteStride\":8},{\"buffer\":0,\"byteOffset\":42768,\"byteLength\":288,\"target\":34962,\"byteStride\":12},{\"buffer\":0,\"byteOffset\":43056,\"byteLength\":432,\"target\":34962,\"byteStride\":12},{\"buffer\":0,\"byteOffset\":43488,\"byteLength\":432,\"target\":34962,\"byteStride\":12},{\"buffer\":0,\"byteOffset\":43920,\"byteLength\":432,\"target\":34962,\"byteStride\":12},{\"buffer\":0,\"byteOffset\":44352,\"byteLength\":288,\"target\":34962,\"byteStride\":8},{\"buffer\":0,\"byteOffset\":44640,\"byteLength\":288,\"target\":34962,\"byteStride\":12},{\"buffer\":0,\"byteOffset\":44928,\"byteLength\":432,\"target\":34962,\"byteStride\":12},{\"buffer\":0,\"byteOffset\":45360,\"byteLength\":432,\"target\":34962,\"byteStride\":12},{\"buffer\":0,\"byteOffset\":45792,\"byteLength\":432,\"target\":34962,\"byteStride\":12},{\"buffer\":0,\"byteOffset\":46224,\"byteLength\":288,\"target\":34962,\"byteStride\":8},{\"buffer\":0,\"byteOffset\":46512,\"byteLength\":288,\"target\":34962,\"byteStride\":12},{\"buffer\":0,\"byteOffset\":46800,\"byteLength\":432,\"target\":34962,\"byteStride\":12},{\"buffer\":0,\"byteOffset\":47232,\"byteLength\":432,\"target\":34962,\"byteStride\":12},{\"buffer\":0,\"byteOffset\":47664,\"byteLength\":432,\"target\":34962,\"byteStride\":12},{\"buffer\":0,\"byteOffset\":48096,\"byteLength\":288,\"target\":34962,\"byteStride\":8},{\"buffer\":0,\"byteOffset\":48384,\"byteLength\":288,\"target\":34962,\"byteStride\":12},{\"buffer\":0,\"byteOffset\":48672,\"byteLength\":432,\"target\":34962,\"byteStride\":12},{\"buffer\":0,\"byteOffset\":49104,\"byteLength\":432,\"target\":34962,\"byteStride\":12},{\"buffer\":0,\"byteOffset\":49536,\"byteLength\":432,\"target\":34962,\"byteStride\":12},{\"buffer\":0,\"byteOffset\":49968,\"byteLength\":288,\"target\":34962,\"byteStride\":8},{\"buffer\":0,\"byteOffset\":50256,\"byteLength\":288,\"target\":34962,\"byteStride\":12},{\"buffer\":0,\"byteOffset\":50544,\"byteLength\":432,\"target\":34962,\"byteStride\":12},{\"buffer\":0,\"byteOffset\":50976,\"byteLength\":432,\"target\":34962,\"byteStride\":12},{\"buffer\":0,\"byteOffset\":51408,\"byteLength\":432,\"target\":34962,\"byteStride\":12},{\"buffer\":0,\"byteOffset\":51840,\"byteLength\":288,\"target\":34962,\"byteStride\":8},{\"buffer\":0,\"byteOffset\":52128,\"byteLength\":288,\"target\":34962,\"byteStride\":12},{\"buffer\":0,\"byteOffset\":52416,\"byteLength\":432,\"target\":34962,\"byteStride\":12},{\"buffer\":0,\"byteOffset\":52848,\"byteLength\":432,\"target\":34962,\"byteStride\":12},{\"buffer\":0,\"byteOffset\":53280,\"byteLength\":432,\"target\":34962,\"byteStride\":12},{\"buffer\":0,\"byteOffset\":53712,\"byteLength\":288,\"target\":34962,\"byteStride\":8},{\"buffer\":0,\"byteOffset\":54000,\"byteLength\":288,\"target\":34962,\"byteStride\":12},{\"buffer\":0,\"byteOffset\":54288,\"byteLength\":432,\"target\":34962,\"byteStride\":12},{\"buffer\":0,\"byteOffset\":54720,\"byteLength\":432,\"target\":34962,\"byteStride\":12},{\"buffer\":0,\"byteOffset\":55152,\"byteLength\":432,\"target\":34962,\"byteStride\":12},{\"buffer\":0,\"byteOffset\":55584,\"byteLength\":288,\"target\":34962,\"byteStride\":8},{\"buffer\":0,\"byteOffset\":55872,\"byteLength\":288,\"target\":34962,\"byteStride\":12},{\"buffer\":0,\"byteOffset\":56160,\"byteLength\":432,\"target\":34962,\"byteStride\":12},{\"buffer\":0,\"byteOffset\":56592,\"byteLength\":432,\"target\":34962,\"byteStride\":12},{\"buffer\":0,\"byteOffset\":57024,\"byteLength\":432,\"target\":34962,\"byteStride\":12},{\"buffer\":0,\"byteOffset\":57456,\"byteLength\":288,\"target\":34962,\"byteStride\":8},{\"buffer\":0,\"byteOffset\":57744,\"byteLength\":288,\"target\":34962,\"byteStride\":12},{\"buffer\":0,\"byteOffset\":58032,\"byteLength\":432,\"target\":34962,\"byteStride\":12},{\"buffer\":0,\"byteOffset\":58464,\"byteLength\":432,\"target\":34962,\"byteStride\":12},{\"buffer\":0,\"byteOffset\":58896,\"byteLength\":432,\"target\":34962,\"byteStride\":12},{\"buffer\":0,\"byteOffset\":59328,\"byteLength\":288,\"target\":34962,\"byteStride\":8},{\"buffer\":0,\"byteOffset\":59616,\"byteLength\":288,\"target\":34962,\"byteStride\":12},{\"buffer\":0,\"byteOffset\":59904,\"byteLength\":432,\"target\":34962,\"byteStride\":12},{\"buffer\":0,\"byteOffset\":60336,\"byteLength\":432,\"target\":34962,\"byteStride\":12},{\"buffer\":0,\"byteOffset\":60768,\"byteLength\":432,\"target\":34962,\"byteStride\":12},{\"buffer\":0,\"byteOffset\":61200,\"byteLength\":288,\"target\":34962,\"byteStride\":8},{\"buffer\":0,\"byteOffset\":61488,\"byteLength\":288,\"target\":34962,\"byteStride\":12},{\"buffer\":0,\"byteOffset\":61776,\"byteLength\":432,\"target\":34962,\"byteStride\":12},{\"buffer\":0,\"byteOffset\":62208,\"byteLength\":432,\"target\":34962,\"byteStride\":12},{\"buffer\":0,\"byteOffset\":62640,\"byteLength\":432,\"target\":34962,\"byteStride\":12},{\"buffer\":0,\"byteOffset\":63072,\"byteLength\":288,\"target\":34962,\"byteStride\":8},{\"buffer\":0,\"byteOffset\":63360,\"byteLength\":288,\"target\":34962,\"byteStride\":12},{\"buffer\":0,\"byteOffset\":63648,\"byteLength\":432,\"target\":34962,\"byteStride\":12},{\"buffer\":0,\"byteOffset\":64080,\"byteLength\":432,\"target\":34962,\"byteStride\":12},{\"buffer\":0,\"byteOffset\":64512,\"byteLength\":432,\"target\":34962,\"byteStride\":12},{\"buffer\":0,\"byteOffset\":64944,\"byteLength\":288,\"target\":34962,\"byteStride\":8},{\"buffer\":0,\"byteOffset\":65232,\"byteLength\":288,\"target\":34962,\"byteStride\":12},{\"buffer\":0,\"byteOffset\":65520,\"byteLength\":432,\"target\":34962,\"byteStride\":12},{\"buffer\":0,\"byteOffset\":65952,\"byteLength\":432,\"target\":34962,\"byteStride\":12},{\"buffer\":0,\"byteOffset\":66384,\"byteLength\":432,\"target\":34962,\"byteStride\":12},{\"buffer\":0,\"byteOffset\":66816,\"byteLength\":288,\"target\":34962,\"byteStride\":8},{\"buffer\":0,\"byteOffset\":67104,\"byteLength\":288,\"target\":34962,\"byteStride\":12},{\"buffer\":0,\"byteOffset\":67392,\"byteLength\":432,\"target\":34962,\"byteStride\":12},{\"buffer\":0,\"byteOffset\":67824,\"byteLength\":432,\"target\":34962,\"byteStride\":12},{\"buffer\":0,\"byteOffset\":68256,\"byteLength\":432,\"target\":34962,\"byteStride\":12},{\"buffer\":0,\"byteOffset\":68688,\"byteLength\":288,\"target\":34962,\"byteStride\":8},{\"buffer\":0,\"byteOffset\":68976,\"byteLength\":288,\"target\":34962,\"byteStride\":12},{\"buffer\":0,\"byteOffset\":69264,\"byteLength\":432,\"target\":34962,\"byteStride\":12},{\"buffer\":0,\"byteOffset\":69696,\"byteLength\":432,\"target\":34962,\"byteStride\":12},{\"buffer\":0,\"byteOffset\":70128,\"byteLength\":432,\"target\":34962,\"byteStride\":12},{\"buffer\":0,\"byteOffset\":70560,\"byteLength\":288,\"target\":34962,\"byteStride\":8},{\"buffer\":0,\"byteOffset\":70848,\"byteLength\":288,\"target\":34962,\"byteStride\":12},{\"buffer\":0,\"byteOffset\":71136,\"byteLength\":432,\"target\":34962,\"byteStride\":12},{\"buffer\":0,\"byteOffset\":71568,\"byteLength\":432,\"target\":34962,\"byteStride\":12},{\"buffer\":0,\"byteOffset\":72000,\"byteLength\":432,\"target\":34962,\"byteStride\":12},{\"buffer\":0,\"byteOffset\":72432,\"byteLength\":288,\"target\":34962,\"byteStride\":8},{\"buffer\":0,\"byteOffset\":72720,\"byteLength\":288,\"target\":34962,\"byteStride\":12},{\"buffer\":0,\"byteOffset\":73008,\"byteLength\":432,\"target\":34962,\"byteStride\":12},{\"buffer\":0,\"byteOffset\":73440,\"byteLength\":432,\"target\":34962,\"byteStride\":12},{\"buffer\":0,\"byteOffset\":73872,\"byteLength\":432,\"target\":34962,\"byteStride\":12},{\"buffer\":0,\"byteOffset\":74304,\"byteLength\":288,\"target\":34962,\"byteStride\":8},{\"buffer\":0,\"byteOffset\":74592,\"byteLength\":288,\"target\":34962,\"byteStride\":12},{\"buffer\":0,\"byteOffset\":74880,\"byteLength\":432,\"target\":34962,\"byteStride\":12},{\"buffer\":0,\"byteOffset\":75312,\"byteLength\":432,\"target\":34962,\"byteStride\":12},{\"buffer\":0,\"byteOffset\":75744,\"byteLength\":432,\"target\":34962,\"byteStride\":12},{\"buffer\":0,\"byteOffset\":76176,\"byteLength\":288,\"target\":34962,\"byteStride\":8},{\"buffer\":0,\"byteOffset\":76464,\"byteLength\":288,\"target\":34962,\"byteStride\":12},{\"buffer\":0,\"byteOffset\":76752,\"byteLength\":432,\"target\":34962,\"byteStride\":12},{\"buffer\":0,\"byteOffset\":77184,\"byteLength\":432,\"target\":34962,\"byteStride\":12},{\"buffer\":0,\"byteOffset\":77616,\"byteLength\":432,\"target\":34962,\"byteStride\":12},{\"buffer\":0,\"byteOffset\":78048,\"byteLength\":288,\"target\":34962,\"byteStride\":8},{\"buffer\":0,\"byteOffset\":78336,\"byteLength\":288,\"target\":34962,\"byteStride\":12},{\"buffer\":0,\"byteOffset\":78624,\"byteLength\":432,\"target\":34962,\"byteStride\":12},{\"buffer\":0,\"byteOffset\":79056,\"byteLength\":432,\"target\":34962,\"byteStride\":12},{\"buffer\":0,\"byteOffset\":79488,\"byteLength\":432,\"target\":34962,\"byteStride\":12},{\"buffer\":0,\"byteOffset\":79920,\"byteLength\":288,\"target\":34962,\"byteStride\":8},{\"buffer\":0,\"byteOffset\":80208,\"byteLength\":288,\"target\":34962,\"byteStride\":12}],\"buffers\":[{\"byteLength\":80496,\"uri\":\"data:application/octet-stream;base64,AAAAPwAAAD8AAAA/AAAAPwAAAL8AAAA/AAAAPwAAAD8AAAC/AAAAPwAAAL8AAAA/AAAAPwAAAL8AAAC/AAAAPwAAAD8AAAC/AAAAvwAAAD8AAAC/AAAAvwAAAL8AAAC/AAAAvwAAAD8AAAA/AAAAvwAAAL8AAAC/AAAAvwAAAL8AAAA/AAAAvwAAAD8AAAA/AAAAvwAAAD8AAAC/AAAAvwAAAD8AAAA/AAAAPwAAAD8AAAC/AAAAvwAAAD8AAAA/AAAAPwAAAD8AAAA/AAAAPwAAAD8AAAC/AAAAvwAAAL8AAAA/AAAAvwAAAL8AAAC/AAAAPwAAAL8AAAA/AAAAvwAAAL8AAAC/AAAAPwAAAL8AAAC/AAAAPwAAAL8AAAA/AAAAvwAAAD8AAAA/AAAAvwAAAL8AAAA/AAAAPwAAAD8AAAA/AAAAvwAAAL8AAAA/AAAAPwAAAL8AAAA/AAAAPwAAAD8AAAA/AAAAPwAAAD8AAAC/AAAAPwAAAL8AAAC/AAAAvwAAAD8AAAC/AAAAPwAAAL8AAAC/AAAAvwAAAL8AAAC/AAAAvwAAAD8AAAC/AACAPwAAAAAAAAAAAACAPwAAAAAAAAAAAACAPwAAAAAAAAAAAACAPwAAAAAAAAAAAACAPwAAAAAAAAAAAACAPwAAAAAAAAAAAACAvwAAAAAAAAAAAACAvwAAAAAAAAAAAACAvwAAAAAAAAAAAACAvwAAAAAAAAAAAACAvwAAAAAAAAAAAACAvwAAAAAAAAAAAAAAAAAAgD8AAAAAAAAAAAAAgD8AAAAAAAAAAAAAgD8AAAAAAAAAAAAAgD8AAAAAAAAAAAAAgD8AAAAAAAAAAAAAgD8AAAAAAAAAAAAAgL8AAAAAAAAAAAAAgL8AAAAAAAAAAAAAgL8AAAAAAAAAAAAAgL8AAAAAAAAAAAAAgL8AAAAAAAAAAAAAgL8AAAAAAAAAAAAAAAAAAIA/AAAAAAAAAAAAAIA/AAAAAAAAAAAAAIA/AAAAAAAAAAAAAIA/AAAAAAAAAAAAAIA/AAAAAAAAAAAAAIA/AAAAAAAAAAAAAIC/AAAAAAAAAAAAAIC/AAAAAAAAAAAAAIC/AAAAAAAAAAAAAIC/AAAAAAAAAAAAAIC/AAAAAAAAAAAAAIC/AACAPwAAgD8AAIA/AACAPwAAgD8AAIA/AACAPwAAgD8AAIA/AACAPwAAgD8AAIA/AACAPwAAgD8AAIA/AACAPwAAgD8AAIA/AACAPwAAgD8AAIA/AACAPwAAgD8AAIA/AACAPwAAgD8AAIA/AACAPwAAgD8AAIA/AACAPwAAgD8AAIA/AACAPwAAgD8AAIA/AACAPwAAgD8AAIA/AACAPwAAgD8AAIA/AACAPwAAgD8AAIA/AACAPwAAgD8AAIA/AACAPwAAgD8AAIA/AACAPwAAgD8AAIA/AACAPwAAgD8AAIA/AACAPwAAgD8AAIA/AACAPwAAgD8AAIA/AACAPwAAgD8AAIA/AACAPwAAgD8AAIA/AACAPwAAgD8AAIA/AACAPwAAgD8AAIA/AACAPwAAgD8AAIA/AACAPwAAgD8AAIA/AACAPwAAgD8AAIA/AACAPwAAgD8AAIA/AACAPwAAgD8AAIA/AACAPwAAgD8AAIA/AACAPwAAgD8AAIA/AACAPwAAgD8AAIA/AACAPwAAgD8AAIA/AACAPwAAgD8AAIA/AACAPwAAgD8AAIA/AAAAAPFIGT4AAAAAAAAAAHMnITzxSBk+AAAAAAAAAABzJyE8AAAAAHMnITzxSBk+AAAAAPFIGT4AAAAAAAAAAHMnITzxSBk+AAAAAAAAAABzJyE8AAAAAHMnITzxSBk+AAAAAPra4jsAAAAAAAAAAIUCDT/62uI7AAAAAAAAAACFAg0/AAAAAIUCDT/62uI7AAAAAPra4jsAAAAAAAAAAIUCDT/62uI7AAAAAAAAAACFAg0/AAAAAIUCDT/62uI7AAAAAPFIGT4AAAAAAAAAAIUCDT/xSBk+AAAAAAAAAACFAg0/AAAAAIUCDT/xSBk+AAAAAPFIGT4AAAAAAAAAAIUCDT/xSBk+AAAAAAAAAACFAg0/AAAAAIUCDT/xSBk+AAAAPwAAAD8AAAA/AAAAPwAAAL8AAAA/AAAAPwAAAD8AAAA/AAAAPwAAAD8AAAC/AAAAPwAAAL8AAAA/AAAAPwAAAL8AAAC/AAAAPwAAAD8AAAC/AAAAPwAAAL8AAAC/AAAAvwAAAD8AAAC/AAAAvwAAAL8AAAC/AAAAvwAAAD8AAAC/AAAAvwAAAD8AAAA/AAAAvwAAAL8AAAC/AAAAvwAAAL8AAAA/AAAAvwAAAD8AAAA/AAAAvwAAAL8AAAA/AAAAPwAAAD8AAAC/AAAAvwAAAD8AAAC/AAAAPwAAAD8AAAA/AAAAvwAAAD8AAAA/AAAAPwAAAL8AAAA/AAAAvwAAAL8AAAA/AAAAPwAAAL8AAAC/AAAAvwAAAL8AAAC/AAAAPwAAAD8AAAA/AAAAPwAAAL8AAAA/AAAAPwAAAD8AAAC/AAAAPwAAAL8AAAA/AAAAPwAAAL8AAAC/AAAAPwAAAD8AAAC/AAAAvwAAAD8AAAC/AAAAvwAAAL8AAAC/AAAAvwAAAD8AAAA/AAAAvwAAAL8AAAC/AAAAvwAAAL8AAAA/AAAAvwAAAD8AAAA/AAAAvwAAAD8AAAC/AAAAvwAAAD8AAAA/AAAAPwAAAD8AAAC/AAAAvwAAAD8AAAA/AAAAPwAAAD8AAAA/AAAAPwAAAD8AAAC/AAAAvwAAAL8AAAA/AAAAvwAAAL8AAAC/AAAAPwAAAL8AAAA/AAAAvwAAAL8AAAC/AAAAPwAAAL8AAAC/AAAAPwAAAL8AAAA/AAAAvwAAAD8AAAA/AAAAvwAAAL8AAAA/AAAAPwAAAD8AAAA/AAAAvwAAAL8AAAA/AAAAPwAAAL8AAAA/AAAAPwAAAD8AAAA/AAAAPwAAAD8AAAC/AAAAPwAAAL8AAAC/AAAAvwAAAD8AAAC/AAAAPwAAAL8AAAC/AAAAvwAAAL8AAAC/AAAAvwAAAD8AAAC/AACAPwAAAAAAAAAAAACAPwAAAAAAAAAAAACAPwAAAAAAAAAAAACAPwAAAAAAAAAAAACAPwAAAAAAAAAAAACAPwAAAAAAAAAAAACAvwAAAAAAAAAAAACAvwAAAAAAAAAAAACAvwAAAAAAAAAAAACAvwAAAAAAAAAAAACAvwAAAAAAAAAAAACAvwAAAAAAAAAAAAAAAAAAgD8AAAAAAAAAAAAAgD8AAAAAAAAAAAAAgD8AAAAAAAAAAAAAgD8AAAAAAAAAAAAAgD8AAAAAAAAAAAAAgD8AAAAAAAAAAAAAgL8AAAAAAAAAAAAAgL8AAAAAAAAAAAAAgL8AAAAAAAAAAAAAgL8AAAAAAAAAAAAAgL8AAAAAAAAAAAAAgL8AAAAAAAAAAAAAAAAAAIA/AAAAAAAAAAAAAIA/AAAAAAAAAAAAAIA/AAAAAAAAAAAAAIA/AAAAAAAAAAAAAIA/AAAAAAAAAAAAAIA/AAAAAAAAAAAAAIC/AAAAAAAAAAAAAIC/AAAAAAAAAAAAAIC/AAAAAAAAAAAAAIC/AAAAAAAAAAAAAIC/AAAAAAAAAAAAAIC/AACAPwAAgD8AAIA/AACAPwAAgD8AAIA/AACAPwAAgD8AAIA/AACAPwAAgD8AAIA/AACAPwAAgD8AAIA/AACAPwAAgD8AAIA/AACAPwAAgD8AAIA/AACAPwAAgD8AAIA/AACAPwAAgD8AAIA/AACAPwAAgD8AAIA/AACAPwAAgD8AAIA/AACAPwAAgD8AAIA/AACAPwAAgD8AAIA/AACAPwAAgD8AAIA/AACAPwAAgD8AAIA/AACAPwAAgD8AAIA/AACAPwAAgD8AAIA/AACAPwAAgD8AAIA/AACAPwAAgD8AAIA/AACAPwAAgD8AAIA/AACAPwAAgD8AAIA/AACAPwAAgD8AAIA/AACAPwAAgD8AAIA/AACAPwAAgD8AAIA/AACAPwAAgD8AAIA/AACAPwAAgD8AAIA/AACAPwAAgD8AAIA/AACAPwAAgD8AAIA/AACAPwAAgD8AAIA/AACAPwAAgD8AAIA/AACAPwAAgD8AAIA/AACAPwAAgD8AAIA/AACAPwAAgD8AAIA/AACAPwAAgD8AAIA/AACAPwAAgD8AAIA/AACAPwAAgD8AAIA/AAAAAPra4jsAAAAAAAAAAI7RgT762uI7AAAAAAAAAACO0YE+AAAAAI7RgT762uI7AAAAAPra4jsAAAAAAAAAAI7RgT762uI7AAAAAAAAAACO0YE+AAAAAI7RgT762uI7AAAAAJ++Nj4AAAAAAAAAADwJBT+fvjY+AAAAAAAAAAA8CQU/AAAAADwJBT+fvjY+AAAAAJ++Nj4AAAAAAAAAADwJBT+fvjY+AAAAAAAAAAA8CQU/AAAAADwJBT+fvjY+AAAAAPra4jsAAAAAAAAAADwJBT/62uI7AAAAAAAAAAA8CQU/AAAAADwJBT/62uI7AAAAAPra4jsAAAAAAAAAADwJBT/62uI7AAAAAAAAAAA8CQU/AAAAADwJBT/62uI7AAAAPwAAAD8AAAA/AAAAPwAAAL8AAAA/AAAAPwAAAD8AAAA/AAAAPwAAAD8AAAC/AAAAPwAAAL8AAAA/AAAAPwAAAL8AAAC/AAAAPwAAAD8AAAC/AAAAPwAAAL8AAAC/AAAAvwAAAD8AAAC/AAAAvwAAAL8AAAC/AAAAvwAAAD8AAAC/AAAAvwAAAD8AAAA/AAAAvwAAAL8AAAC/AAAAvwAAAL8AAAA/AAAAvwAAAD8AAAA/AAAAvwAAAL8AAAA/AAAAPwAAAD8AAAC/AAAAvwAAAD8AAAC/AAAAPwAAAD8AAAA/AAAAvwAAAD8AAAA/AAAAPwAAAL8AAAA/AAAAvwAAAL8AAAA/AAAAPwAAAL8AAAC/AAAAvwAAAL8AAAC/AAAAPwAAAD8AAAA/AAAAPwAAAL8AAAA/AAAAPwAAAD8AAAC/AAAAPwAAAL8AAAA/AAAAPwAAAL8AAAC/AAAAPwAAAD8AAAC/AAAAvwAAAD8AAAC/AAAAvwAAAL8AAAC/AAAAvwAAAD8AAAA/AAAAvwAAAL8AAAC/AAAAvwAAAL8AAAA/AAAAvwAAAD8AAAA/AAAAvwAAAD8AAAC/AAAAvwAAAD8AAAA/AAAAPwAAAD8AAAC/AAAAvwAAAD8AAAA/AAAAPwAAAD8AAAA/AAAAPwAAAD8AAAC/AAAAvwAAAL8AAAA/AAAAvwAAAL8AAAC/AAAAPwAAAL8AAAA/AAAAvwAAAL8AAAC/AAAAPwAAAL8AAAC/AAAAPwAAAL8AAAA/AAAAvwAAAD8AAAA/AAAAvwAAAL8AAAA/AAAAPwAAAD8AAAA/AAAAvwAAAL8AAAA/AAAAPwAAAL8AAAA/AAAAPwAAAD8AAAA/AAAAPwAAAD8AAAC/AAAAPwAAAL8AAAC/AAAAvwAAAD8AAAC/AAAAPwAAAL8AAAC/AAAAvwAAAL8AAAC/AAAAvwAAAD8AAAC/AACAPwAAAAAAAAAAAACAPwAAAAAAAAAAAACAPwAAAAAAAAAAAACAPwAAAAAAAAAAAACAPwAAAAAAAAAAAACAPwAAAAAAAAAAAACAvwAAAAAAAAAAAACAvwAAAAAAAAAAAACAvwAAAAAAAAAAAACAvwAAAAAAAAAAAACAvwAAAAAAAAAAAACAvwAAAAAAAAAAAAAAAAAAgD8AAAAAAAAAAAAAgD8AAAAAAAAAAAAAgD8AAAAAAAAAAAAAgD8AAAAAAAAAAAAAgD8AAAAAAAAAAAAAgD8AAAAAAAAAAAAAgL8AAAAAAAAAAAAAgL8AAAAAAAAAAAAAgL8AAAAAAAAAAAAAgL8AAAAAAAAAAAAAgL8AAAAAAAAAAAAAgL8AAAAAAAAAAAAAAAAAAIA/AAAAAAAAAAAAAIA/AAAAAAAAAAAAAIA/AAAAAAAAAAAAAIA/AAAAAAAAAAAAAIA/AAAAAAAAAAAAAIA/AAAAAAAAAAAAAIC/AAAAAAAAAAAAAIC/AAAAAAAAAAAAAIC/AAAAAAAAAAAAAIC/AAAAAAAAAAAAAIC/AAAAAAAAAAAAAIC/AACAPwAAgD8AAIA/AACAPwAAgD8AAIA/AACAPwAAgD8AAIA/AACAPwAAgD8AAIA/AACAPwAAgD8AAIA/AACAPwAAgD8AAIA/AACAPwAAgD8AAIA/AACAPwAAgD8AAIA/AACAPwAAgD8AAIA/AACAPwAAgD8AAIA/AACAPwAAgD8AAIA/AACAPwAAgD8AAIA/AACAPwAAgD8AAIA/AACAPwAAgD8AAIA/AACAPwAAgD8AAIA/AACAPwAAgD8AAIA/AACAPwAAgD8AAIA/AACAPwAAgD8AAIA/AACAPwAAgD8AAIA/AACAPwAAgD8AAIA/AACAPwAAgD8AAIA/AACAPwAAgD8AAIA/AACAPwAAgD8AAIA/AACAPwAAgD8AAIA/AACAPwAAgD8AAIA/AACAPwAAgD8AAIA/AACAPwAAgD8AAIA/AACAPwAAgD8AAIA/AACAPwAAgD8AAIA/AACAPwAAgD8AAIA/AACAPwAAgD8AAIA/AACAPwAAgD8AAIA/AACAPwAAgD8AAIA/AACAPwAAgD8AAIA/AACAPwAAgD8AAIA/AACAPwAAgD8AAIA/AAAAAHenAT4AAAAAAAAAAAbkiz53pwE+AAAAAAAAAAAG5Is+AAAAAAbkiz53pwE+AAAAAHenAT4AAAAAAAAAAAbkiz53pwE+AAAAAAAAAAAG5Is+AAAAAAbkiz53pwE+AAAAAE/sRD4AAAAAAAAAAHMnITxP7EQ+AAAAAAAAAABzJyE8AAAAAHMnITxP7EQ+AAAAAE/sRD4AAAAAAAAAAHMnITxP7EQ+AAAAAAAAAABzJyE8AAAAAHMnITxP7EQ+AAAAAHenAT4AAAAAAAAAAHMnITx3pwE+AAAAAAAAAABzJyE8AAAAAHMnITx3pwE+AAAAAHenAT4AAAAAAAAAAHMnITx3pwE+AAAAAAAAAABzJyE8AAAAAHMnITx3pwE+AAAAPwAAAD8AAAA/AAAAPwAAAL8AAAA/AAAAPwAAAD8AAAA/AAAAPwAAAD8AAAC/AAAAPwAAAL8AAAA/AAAAPwAAAL8AAAC/AAAAPwAAAD8AAAC/AAAAPwAAAL8AAAC/AAAAvwAAAD8AAAC/AAAAvwAAAL8AAAC/AAAAvwAAAD8AAAC/AAAAvwAAAD8AAAA/AAAAvwAAAL8AAAC/AAAAvwAAAL8AAAA/AAAAvwAAAD8AAAA/AAAAvwAAAL8AAAA/AAAAPwAAAD8AAAC/AAAAvwAAAD8AAAC/AAAAPwAAAD8AAAA/AAAAvwAAAD8AAAA/AAAAPwAAAL8AAAA/AAAAvwAAAL8AAAA/AAAAPwAAAL8AAAC/AAAAvwAAAL8AAAC/AAAAPwAAAD8AAAA/AAAAPwAAAL8AAAA/AAAAPwAAAD8AAAC/AAAAPwAAAL8AAAA/AAAAPwAAAL8AAAC/AAAAPwAAAD8AAAC/AAAAvwAAAD8AAAC/AAAAvwAAAL8AAAC/AAAAvwAAAD8AAAA/AAAAvwAAAL8AAAC/AAAAvwAAAL8AAAA/AAAAvwAAAD8AAAA/AAAAvwAAAD8AAAC/AAAAvwAAAD8AAAA/AAAAPwAAAD8AAAC/AAAAvwAAAD8AAAA/AAAAPwAAAD8AAAA/AAAAPwAAAD8AAAC/AAAAvwAAAL8AAAA/AAAAvwAAAL8AAAC/AAAAPwAAAL8AAAA/AAAAvwAAAL8AAAC/AAAAPwAAAL8AAAC/AAAAPwAAAL8AAAA/AAAAvwAAAD8AAAA/AAAAvwAAAL8AAAA/AAAAPwAAAD8AAAA/AAAAvwAAAL8AAAA/AAAAPwAAAL8AAAA/AAAAPwAAAD8AAAA/AAAAPwAAAD8AAAC/AAAAPwAAAL8AAAC/AAAAvwAAAD8AAAC/AAAAPwAAAL8AAAC/AAAAvwAAAL8AAAC/AAAAvwAAAD8AAAC/AACAPwAAAAAAAAAAAACAPwAAAAAAAAAAAACAPwAAAAAAAAAAAACAPwAAAAAAAAAAAACAPwAAAAAAAAAAAACAPwAAAAAAAAAAAACAvwAAAAAAAAAAAACAvwAAAAAAAAAAAACAvwAAAAAAAAAAAACAvwAAAAAAAAAAAACAvwAAAAAAAAAAAACAvwAAAAAAAAAAAAAAAAAAgD8AAAAAAAAAAAAAgD8AAAAAAAAAAAAAgD8AAAAAAAAAAAAAgD8AAAAAAAAAAAAAgD8AAAAAAAAAAAAAgD8AAAAAAAAAAAAAgL8AAAAAAAAAAAAAgL8AAAAAAAAAAAAAgL8AAAAAAAAAAAAAgL8AAAAAAAAAAAAAgL8AAAAAAAAAAAAAgL8AAAAAAAAAAAAAAAAAAIA/AAAAAAAAAAAAAIA/AAAAAAAAAAAAAIA/AAAAAAAAAAAAAIA/AAAAAAAAAAAAAIA/AAAAAAAAAAAAAIA/AAAAAAAAAAAAAIC/AAAAAAAAAAAAAIC/AAAAAAAAAAAAAIC/AAAAAAAAAAAAAIC/AAAAAAAAAAAAAIC/AAAAAAAAAAAAAIC/AACAPwAAgD8AAIA/AACAPwAAgD8AAIA/AACAPwAAgD8AAIA/AACAPwAAgD8AAIA/AACAPwAAgD8AAIA/AACAPwAAgD8AAIA/AACAPwAAgD8AAIA/AACAPwAAgD8AAIA/AACAPwAAgD8AAIA/AACAPwAAgD8AAIA/AACAPwAAgD8AAIA/AACAPwAAgD8AAIA/AACAPwAAgD8AAIA/AACAPwAAgD8AAIA/AACAPwAAgD8AAIA/AACAPwAAgD8AAIA/AACAPwAAgD8AAIA/AACAPwAAgD8AAIA/AACAPwAAgD8AAIA/AACAPwAAgD8AAIA/AACAPwAAgD8AAIA/AACAPwAAgD8AAIA/AACAPwAAgD8AAIA/AACAPwAAgD8AAIA/AACAPwAAgD8AAIA/AACAPwAAgD8AAIA/AACAPwAAgD8AAIA/AACAPwAAgD8AAIA/AACAPwAAgD8AAIA/AACAPwAAgD8AAIA/AACAPwAAgD8AAIA/AACAPwAAgD8AAIA/AACAPwAAgD8AAIA/AACAPwAAgD8AAIA/AACAPwAAgD8AAIA/AACAPwAAgD8AAIA/AAAAAHenAT4AAAAAAAAAAAbkiz53pwE+AAAAAAAAAAAG5Is+AAAAAAbkiz53pwE+AAAAAHenAT4AAAAAAAAAAAbkiz53pwE+AAAAAAAAAAAG5Is+AAAAAAbkiz53pwE+AAAAAE/sRD4AAAAAAAAAAHMnITxP7EQ+AAAAAAAAAABzJyE8AAAAAHMnITxP7EQ+AAAAAE/sRD4AAAAAAAAAAHMnITxP7EQ+AAAAAAAAAABzJyE8AAAAAHMnITxP7EQ+AAAAAHenAT4AAAAAAAAAAHMnITx3pwE+AAAAAAAAAABzJyE8AAAAAHMnITx3pwE+AAAAAHenAT4AAAAAAAAAAHMnITx3pwE+AAAAAAAAAABzJyE8AAAAAHMnITx3pwE+AAAAPwAAAD8AAAA/AAAAPwAAAL8AAAA/AAAAPwAAAD8AAAA/AAAAPwAAAD8AAAC/AAAAPwAAAL8AAAA/AAAAPwAAAL8AAAC/AAAAPwAAAD8AAAC/AAAAPwAAAL8AAAC/AAAAvwAAAD8AAAC/AAAAvwAAAL8AAAC/AAAAvwAAAD8AAAC/AAAAvwAAAD8AAAA/AAAAvwAAAL8AAAC/AAAAvwAAAL8AAAA/AAAAvwAAAD8AAAA/AAAAvwAAAL8AAAA/AAAAPwAAAD8AAAC/AAAAvwAAAD8AAAC/AAAAPwAAAD8AAAA/AAAAvwAAAD8AAAA/AAAAPwAAAL8AAAA/AAAAvwAAAL8AAAA/AAAAPwAAAL8AAAC/AAAAvwAAAL8AAAC/AAAAPwAAAD8AAAA/AAAAPwAAAL8AAAA/AAAAPwAAAD8AAAC/AAAAPwAAAL8AAAA/AAAAPwAAAL8AAAC/AAAAPwAAAD8AAAC/AAAAvwAAAD8AAAC/AAAAvwAAAL8AAAC/AAAAvwAAAD8AAAA/AAAAvwAAAL8AAAC/AAAAvwAAAL8AAAA/AAAAvwAAAD8AAAA/AAAAvwAAAD8AAAC/AAAAvwAAAD8AAAA/AAAAPwAAAD8AAAC/AAAAvwAAAD8AAAA/AAAAPwAAAD8AAAA/AAAAPwAAAD8AAAC/AAAAvwAAAL8AAAA/AAAAvwAAAL8AAAC/AAAAPwAAAL8AAAA/AAAAvwAAAL8AAAC/AAAAPwAAAL8AAAC/AAAAPwAAAL8AAAA/AAAAvwAAAD8AAAA/AAAAvwAAAL8AAAA/AAAAPwAAAD8AAAA/AAAAvwAAAL8AAAA/AAAAPwAAAL8AAAA/AAAAPwAAAD8AAAA/AAAAPwAAAD8AAAC/AAAAPwAAAL8AAAC/AAAAvwAAAD8AAAC/AAAAPwAAAL8AAAC/AAAAvwAAAL8AAAC/AAAAvwAAAD8AAAC/AACAPwAAAAAAAAAAAACAPwAAAAAAAAAAAACAPwAAAAAAAAAAAACAPwAAAAAAAAAAAACAPwAAAAAAAAAAAACAPwAAAAAAAAAAAACAvwAAAAAAAAAAAACAvwAAAAAAAAAAAACAvwAAAAAAAAAAAACAvwAAAAAAAAAAAACAvwAAAAAAAAAAAACAvwAAAAAAAAAAAAAAAAAAgD8AAAAAAAAAAAAAgD8AAAAAAAAAAAAAgD8AAAAAAAAAAAAAgD8AAAAAAAAAAAAAgD8AAAAAAAAAAAAAgD8AAAAAAAAAAAAAgL8AAAAAAAAAAAAAgL8AAAAAAAAAAAAAgL8AAAAAAAAAAAAAgL8AAAAAAAAAAAAAgL8AAAAAAAAAAAAAgL8AAAAAAAAAAAAAAAAAAIA/AAAAAAAAAAAAAIA/AAAAAAAAAAAAAIA/AAAAAAAAAAAAAIA/AAAAAAAAAAAAAIA/AAAAAAAAAAAAAIA/AAAAAAAAAAAAAIC/AAAAAAAAAAAAAIC/AAAAAAAAAAAAAIC/AAAAAAAAAAAAAIC/AAAAAAAAAAAAAIC/AAAAAAAAAAAAAIC/AACAPwAAgD8AAIA/AACAPwAAgD8AAIA/AACAPwAAgD8AAIA/AACAPwAAgD8AAIA/AACAPwAAgD8AAIA/AACAPwAAgD8AAIA/AACAPwAAgD8AAIA/AACAPwAAgD8AAIA/AACAPwAAgD8AAIA/AACAPwAAgD8AAIA/AACAPwAAgD8AAIA/AACAPwAAgD8AAIA/AACAPwAAgD8AAIA/AACAPwAAgD8AAIA/AACAPwAAgD8AAIA/AACAPwAAgD8AAIA/AACAPwAAgD8AAIA/AACAPwAAgD8AAIA/AACAPwAAgD8AAIA/AACAPwAAgD8AAIA/AACAPwAAgD8AAIA/AACAPwAAgD8AAIA/AACAPwAAgD8AAIA/AACAPwAAgD8AAIA/AACAPwAAgD8AAIA/AACAPwAAgD8AAIA/AACAPwAAgD8AAIA/AACAPwAAgD8AAIA/AACAPwAAgD8AAIA/AACAPwAAgD8AAIA/AACAPwAAgD8AAIA/AACAPwAAgD8AAIA/AACAPwAAgD8AAIA/AACAPwAAgD8AAIA/AACAPwAAgD8AAIA/AACAPwAAgD8AAIA/AAAAAHenAT4AAAAAAAAAAHMnITx3pwE+AAAAAAAAAABzJyE8AAAAAHMnITx3pwE+AAAAAHenAT4AAAAAAAAAAHMnITx3pwE+AAAAAAAAAABzJyE8AAAAAHMnITx3pwE+AAAAAPra4jsAAAAAAAAAADwJBT/62uI7AAAAAAAAAAA8CQU/AAAAADwJBT/62uI7AAAAAPra4jsAAAAAAAAAADwJBT/62uI7AAAAAAAAAAA8CQU/AAAAADwJBT/62uI7AAAAAHenAT4AAAAAAAAAADwJBT93pwE+AAAAAAAAAAA8CQU/AAAAADwJBT93pwE+AAAAAHenAT4AAAAAAAAAADwJBT93pwE+AAAAAAAAAAA8CQU/AAAAADwJBT93pwE+AAAAPwAAAD8AAAA/AAAAPwAAAL8AAAA/AAAAPwAAAD8AAAA/AAAAPwAAAD8AAAC/AAAAPwAAAL8AAAA/AAAAPwAAAL8AAAC/AAAAPwAAAD8AAAC/AAAAPwAAAL8AAAC/AAAAvwAAAD8AAAC/AAAAvwAAAL8AAAC/AAAAvwAAAD8AAAC/AAAAvwAAAD8AAAA/AAAAvwAAAL8AAAC/AAAAvwAAAL8AAAA/AAAAvwAAAD8AAAA/AAAAvwAAAL8AAAA/AAAAPwAAAD8AAAC/AAAAvwAAAD8AAAC/AAAAPwAAAD8AAAA/AAAAvwAAAD8AAAA/AAAAPwAAAL8AAAA/AAAAvwAAAL8AAAA/AAAAPwAAAL8AAAC/AAAAvwAAAL8AAAC/AAAAPwAAAD8AAAA/AAAAPwAAAL8AAAA/AAAAPwAAAD8AAAC/AAAAPwAAAL8AAAA/AAAAPwAAAL8AAAC/AAAAPwAAAD8AAAC/AAAAvwAAAD8AAAC/AAAAvwAAAL8AAAC/AAAAvwAAAD8AAAA/AAAAvwAAAL8AAAC/AAAAvwAAAL8AAAA/AAAAvwAAAD8AAAA/AAAAvwAAAD8AAAC/AAAAvwAAAD8AAAA/AAAAPwAAAD8AAAC/AAAAvwAAAD8AAAA/AAAAPwAAAD8AAAA/AAAAPwAAAD8AAAC/AAAAvwAAAL8AAAA/AAAAvwAAAL8AAAC/AAAAPwAAAL8AAAA/AAAAvwAAAL8AAAC/AAAAPwAAAL8AAAC/AAAAPwAAAL8AAAA/AAAAvwAAAD8AAAA/AAAAvwAAAL8AAAA/AAAAPwAAAD8AAAA/AAAAvwAAAL8AAAA/AAAAPwAAAL8AAAA/AAAAPwAAAD8AAAA/AAAAPwAAAD8AAAC/AAAAPwAAAL8AAAC/AAAAvwAAAD8AAAC/AAAAPwAAAL8AAAC/AAAAvwAAAL8AAAC/AAAAvwAAAD8AAAC/AACAPwAAAAAAAAAAAACAPwAAAAAAAAAAAACAPwAAAAAAAAAAAACAPwAAAAAAAAAAAACAPwAAAAAAAAAAAACAPwAAAAAAAAAAAACAvwAAAAAAAAAAAACAvwAAAAAAAAAAAACAvwAAAAAAAAAAAACAvwAAAAAAAAAAAACAvwAAAAAAAAAAAACAvwAAAAAAAAAAAAAAAAAAgD8AAAAAAAAAAAAAgD8AAAAAAAAAAAAAgD8AAAAAAAAAAAAAgD8AAAAAAAAAAAAAgD8AAAAAAAAAAAAAgD8AAAAAAAAAAAAAgL8AAAAAAAAAAAAAgL8AAAAAAAAAAAAAgL8AAAAAAAAAAAAAgL8AAAAAAAAAAAAAgL8AAAAAAAAAAAAAgL8AAAAAAAAAAAAAAAAAAIA/AAAAAAAAAAAAAIA/AAAAAAAAAAAAAIA/AAAAAAAAAAAAAIA/AAAAAAAAAAAAAIA/AAAAAAAAAAAAAIA/AAAAAAAAAAAAAIC/AAAAAAAAAAAAAIC/AAAAAAAAAAAAAIC/AAAAAAAAAAAAAIC/AAAAAAAAAAAAAIC/AAAAAAAAAAAAAIC/AACAPwAAgD8AAIA/AACAPwAAgD8AAIA/AACAPwAAgD8AAIA/AACAPwAAgD8AAIA/AACAPwAAgD8AAIA/AACAPwAAgD8AAIA/AACAPwAAgD8AAIA/AACAPwAAgD8AAIA/AACAPwAAgD8AAIA/AACAPwAAgD8AAIA/AACAPwAAgD8AAIA/AACAPwAAgD8AAIA/AACAPwAAgD8AAIA/AACAPwAAgD8AAIA/AACAPwAAgD8AAIA/AACAPwAAgD8AAIA/AACAPwAAgD8AAIA/AACAPwAAgD8AAIA/AACAPwAAgD8AAIA/AACAPwAAgD8AAIA/AACAPwAAgD8AAIA/AACAPwAAgD8AAIA/AACAPwAAgD8AAIA/AACAPwAAgD8AAIA/AACAPwAAgD8AAIA/AACAPwAAgD8AAIA/AACAPwAAgD8AAIA/AACAPwAAgD8AAIA/AACAPwAAgD8AAIA/AACAPwAAgD8AAIA/AACAPwAAgD8AAIA/AACAPwAAgD8AAIA/AACAPwAAgD8AAIA/AACAPwAAgD8AAIA/AACAPwAAgD8AAIA/AACAPwAAgD8AAIA/AAAAAHenAT4AAAAAAAAAAHMnITx3pwE+AAAAAAAAAABzJyE8AAAAAHMnITx3pwE+AAAAAHenAT4AAAAAAAAAAHMnITx3pwE+AAAAAAAAAABzJyE8AAAAAHMnITx3pwE+AAAAAPra4jsAAAAAAAAAADwJBT/62uI7AAAAAAAAAAA8CQU/AAAAADwJBT/62uI7AAAAAPra4jsAAAAAAAAAADwJBT/62uI7AAAAAAAAAAA8CQU/AAAAADwJBT/62uI7AAAAAHenAT4AAAAAAAAAADwJBT93pwE+AAAAAAAAAAA8CQU/AAAAADwJBT93pwE+AAAAAHenAT4AAAAAAAAAADwJBT93pwE+AAAAAAAAAAA8CQU/AAAAADwJBT93pwE+AAAAPwAAAD8AAAA/AAAAPwAAAL8AAAA/AAAAPwAAAD8AAAA/AAAAPwAAAD8AAAC/AAAAPwAAAL8AAAA/AAAAPwAAAL8AAAC/AAAAPwAAAD8AAAC/AAAAPwAAAL8AAAC/AAAAvwAAAD8AAAC/AAAAvwAAAL8AAAC/AAAAvwAAAD8AAAC/AAAAvwAAAD8AAAA/AAAAvwAAAL8AAAC/AAAAvwAAAL8AAAA/AAAAvwAAAD8AAAA/AAAAvwAAAL8AAAA/AAAAPwAAAD8AAAC/AAAAvwAAAD8AAAC/AAAAPwAAAD8AAAA/AAAAvwAAAD8AAAA/AAAAPwAAAL8AAAA/AAAAvwAAAL8AAAA/AAAAPwAAAL8AAAC/AAAAvwAAAL8AAAC/AAAAPwAAAD8AAAA/AAAAPwAAAL8AAAA/AAAAPwAAAD8AAAC/AAAAPwAAAL8AAAA/AAAAPwAAAL8AAAC/AAAAPwAAAD8AAAC/AAAAvwAAAD8AAAC/AAAAvwAAAL8AAAC/AAAAvwAAAD8AAAA/AAAAvwAAAL8AAAC/AAAAvwAAAL8AAAA/AAAAvwAAAD8AAAA/AAAAvwAAAD8AAAC/AAAAvwAAAD8AAAA/AAAAPwAAAD8AAAC/AAAAvwAAAD8AAAA/AAAAPwAAAD8AAAA/AAAAPwAAAD8AAAC/AAAAvwAAAL8AAAA/AAAAvwAAAL8AAAC/AAAAPwAAAL8AAAA/AAAAvwAAAL8AAAC/AAAAPwAAAL8AAAC/AAAAPwAAAL8AAAA/AAAAvwAAAD8AAAA/AAAAvwAAAL8AAAA/AAAAPwAAAD8AAAA/AAAAvwAAAL8AAAA/AAAAPwAAAL8AAAA/AAAAPwAAAD8AAAA/AAAAPwAAAD8AAAC/AAAAPwAAAL8AAAC/AAAAvwAAAD8AAAC/AAAAPwAAAL8AAAC/AAAAvwAAAL8AAAC/AAAAvwAAAD8AAAC/AACAPwAAAAAAAAAAAACAPwAAAAAAAAAAAACAPwAAAAAAAAAAAACAPwAAAAAAAAAAAACAPwAAAAAAAAAAAACAPwAAAAAAAAAAAACAvwAAAAAAAAAAAACAvwAAAAAAAAAAAACAvwAAAAAAAAAAAACAvwAAAAAAAAAAAACAvwAAAAAAAAAAAACAvwAAAAAAAAAAAAAAAAAAgD8AAAAAAAAAAAAAgD8AAAAAAAAAAAAAgD8AAAAAAAAAAAAAgD8AAAAAAAAAAAAAgD8AAAAAAAAAAAAAgD8AAAAAAAAAAAAAgL8AAAAAAAAAAAAAgL8AAAAAAAAAAAAAgL8AAAAAAAAAAAAAgL8AAAAAAAAAAAAAgL8AAAAAAAAAAAAAgL8AAAAAAAAAAAAAAAAAAIA/AAAAAAAAAAAAAIA/AAAAAAAAAAAAAIA/AAAAAAAAAAAAAIA/AAAAAAAAAAAAAIA/AAAAAAAAAAAAAIA/AAAAAAAAAAAAAIC/AAAAAAAAAAAAAIC/AAAAAAAAAAAAAIC/AAAAAAAAAAAAAIC/AAAAAAAAAAAAAIC/AAAAAAAAAAAAAIC/AACAPwAAgD8AAIA/AACAPwAAgD8AAIA/AACAPwAAgD8AAIA/AACAPwAAgD8AAIA/AACAPwAAgD8AAIA/AACAPwAAgD8AAIA/AACAPwAAgD8AAIA/AACAPwAAgD8AAIA/AACAPwAAgD8AAIA/AACAPwAAgD8AAIA/AACAPwAAgD8AAIA/AACAPwAAgD8AAIA/AACAPwAAgD8AAIA/AACAPwAAgD8AAIA/AACAPwAAgD8AAIA/AACAPwAAgD8AAIA/AACAPwAAgD8AAIA/AACAPwAAgD8AAIA/AACAPwAAgD8AAIA/AACAPwAAgD8AAIA/AACAPwAAgD8AAIA/AACAPwAAgD8AAIA/AACAPwAAgD8AAIA/AACAPwAAgD8AAIA/AACAPwAAgD8AAIA/AACAPwAAgD8AAIA/AACAPwAAgD8AAIA/AACAPwAAgD8AAIA/AACAPwAAgD8AAIA/AACAPwAAgD8AAIA/AACAPwAAgD8AAIA/AACAPwAAgD8AAIA/AACAPwAAgD8AAIA/AACAPwAAgD8AAIA/AACAPwAAgD8AAIA/AACAPwAAgD8AAIA/AAAAAPFIGT4AAAAAAAAAAHMnITzxSBk+AAAAAAAAAABzJyE8AAAAAHMnITzxSBk+AAAAAPFIGT4AAAAAAAAAAHMnITzxSBk+AAAAAAAAAABzJyE8AAAAAHMnITzxSBk+AAAAAPra4jsAAAAAAAAAAIUCDT/62uI7AAAAAAAAAACFAg0/AAAAAIUCDT/62uI7AAAAAPra4jsAAAAAAAAAAIUCDT/62uI7AAAAAAAAAACFAg0/AAAAAIUCDT/62uI7AAAAAPFIGT4AAAAAAAAAAIUCDT/xSBk+AAAAAAAAAACFAg0/AAAAAIUCDT/xSBk+AAAAAPFIGT4AAAAAAAAAAIUCDT/xSBk+AAAAAAAAAACFAg0/AAAAAIUCDT/xSBk+AAAAPwAAAD8AAAA/AAAAPwAAAL8AAAA/AAAAPwAAAD8AAAA/AAAAPwAAAD8AAAC/AAAAPwAAAL8AAAA/AAAAPwAAAL8AAAC/AAAAPwAAAD8AAAC/AAAAPwAAAL8AAAC/AAAAvwAAAD8AAAC/AAAAvwAAAL8AAAC/AAAAvwAAAD8AAAC/AAAAvwAAAD8AAAA/AAAAvwAAAL8AAAC/AAAAvwAAAL8AAAA/AAAAvwAAAD8AAAA/AAAAvwAAAL8AAAA/AAAAPwAAAD8AAAC/AAAAvwAAAD8AAAC/AAAAPwAAAD8AAAA/AAAAvwAAAD8AAAA/AAAAPwAAAL8AAAA/AAAAvwAAAL8AAAA/AAAAPwAAAL8AAAC/AAAAvwAAAL8AAAC/AAAAPwAAAD8AAAA/AAAAPwAAAL8AAAA/AAAAPwAAAD8AAAC/AAAAPwAAAL8AAAA/AAAAPwAAAL8AAAC/AAAAPwAAAD8AAAC/AAAAvwAAAD8AAAC/AAAAvwAAAL8AAAC/AAAAvwAAAD8AAAA/AAAAvwAAAL8AAAC/AAAAvwAAAL8AAAA/AAAAvwAAAD8AAAA/AAAAvwAAAD8AAAC/AAAAvwAAAD8AAAA/AAAAPwAAAD8AAAC/AAAAvwAAAD8AAAA/AAAAPwAAAD8AAAA/AAAAPwAAAD8AAAC/AAAAvwAAAL8AAAA/AAAAvwAAAL8AAAC/AAAAPwAAAL8AAAA/AAAAvwAAAL8AAAC/AAAAPwAAAL8AAAC/AAAAPwAAAL8AAAA/AAAAvwAAAD8AAAA/AAAAvwAAAL8AAAA/AAAAPwAAAD8AAAA/AAAAvwAAAL8AAAA/AAAAPwAAAL8AAAA/AAAAPwAAAD8AAAA/AAAAPwAAAD8AAAC/AAAAPwAAAL8AAAC/AAAAvwAAAD8AAAC/AAAAPwAAAL8AAAC/AAAAvwAAAL8AAAC/AAAAvwAAAD8AAAC/AACAPwAAAAAAAAAAAACAPwAAAAAAAAAAAACAPwAAAAAAAAAAAACAPwAAAAAAAAAAAACAPwAAAAAAAAAAAACAPwAAAAAAAAAAAACAvwAAAAAAAAAAAACAvwAAAAAAAAAAAACAvwAAAAAAAAAAAACAvwAAAAAAAAAAAACAvwAAAAAAAAAAAACAvwAAAAAAAAAAAAAAAAAAgD8AAAAAAAAAAAAAgD8AAAAAAAAAAAAAgD8AAAAAAAAAAAAAgD8AAAAAAAAAAAAAgD8AAAAAAAAAAAAAgD8AAAAAAAAAAAAAgL8AAAAAAAAAAAAAgL8AAAAAAAAAAAAAgL8AAAAAAAAAAAAAgL8AAAAAAAAAAAAAgL8AAAAAAAAAAAAAgL8AAAAAAAAAAAAAAAAAAIA/AAAAAAAAAAAAAIA/AAAAAAAAAAAAAIA/AAAAAAAAAAAAAIA/AAAAAAAAAAAAAIA/AAAAAAAAAAAAAIA/AAAAAAAAAAAAAIC/AAAAAAAAAAAAAIC/AAAAAAAAAAAAAIC/AAAAAAAAAAAAAIC/AAAAAAAAAAAAAIC/AAAAAAAAAAAAAIC/AACAPwAAgD8AAIA/AACAPwAAgD8AAIA/AACAPwAAgD8AAIA/AACAPwAAgD8AAIA/AACAPwAAgD8AAIA/AACAPwAAgD8AAIA/AACAPwAAgD8AAIA/AACAPwAAgD8AAIA/AACAPwAAgD8AAIA/AACAPwAAgD8AAIA/AACAPwAAgD8AAIA/AACAPwAAgD8AAIA/AACAPwAAgD8AAIA/AACAPwAAgD8AAIA/AACAPwAAgD8AAIA/AACAPwAAgD8AAIA/AACAPwAAgD8AAIA/AACAPwAAgD8AAIA/AACAPwAAgD8AAIA/AACAPwAAgD8AAIA/AACAPwAAgD8AAIA/AACAPwAAgD8AAIA/AACAPwAAgD8AAIA/AACAPwAAgD8AAIA/AACAPwAAgD8AAIA/AACAPwAAgD8AAIA/AACAPwAAgD8AAIA/AACAPwAAgD8AAIA/AACAPwAAgD8AAIA/AACAPwAAgD8AAIA/AACAPwAAgD8AAIA/AACAPwAAgD8AAIA/AACAPwAAgD8AAIA/AACAPwAAgD8AAIA/AACAPwAAgD8AAIA/AACAPwAAgD8AAIA/AAAAAPra4jsAAAAAAAAAAI7RgT762uI7AAAAAAAAAACO0YE+AAAAAI7RgT762uI7AAAAAPra4jsAAAAAAAAAAI7RgT762uI7AAAAAAAAAACO0YE+AAAAAI7RgT762uI7AAAAAJ++Nj4AAAAAAAAAADwJBT+fvjY+AAAAAAAAAAA8CQU/AAAAADwJBT+fvjY+AAAAAJ++Nj4AAAAAAAAAADwJBT+fvjY+AAAAAAAAAAA8CQU/AAAAADwJBT+fvjY+AAAAAPra4jsAAAAAAAAAADwJBT/62uI7AAAAAAAAAAA8CQU/AAAAADwJBT/62uI7AAAAAPra4jsAAAAAAAAAADwJBT/62uI7AAAAAAAAAAA8CQU/AAAAADwJBT/62uI7AAAAPwAAAD8AAAA/AAAAPwAAAL8AAAA/AAAAPwAAAD8AAAA/AAAAPwAAAD8AAAC/AAAAPwAAAL8AAAA/AAAAPwAAAL8AAAC/AAAAPwAAAD8AAAC/AAAAPwAAAL8AAAC/AAAAvwAAAD8AAAC/AAAAvwAAAL8AAAC/AAAAvwAAAD8AAAC/AAAAvwAAAD8AAAA/AAAAvwAAAL8AAAC/AAAAvwAAAL8AAAA/AAAAvwAAAD8AAAA/AAAAvwAAAL8AAAA/AAAAPwAAAD8AAAC/AAAAvwAAAD8AAAC/AAAAPwAAAD8AAAA/AAAAvwAAAD8AAAA/AAAAPwAAAL8AAAA/AAAAvwAAAL8AAAA/AAAAPwAAAL8AAAC/AAAAvwAAAL8AAAC/AAAAPwAAAD8AAAA/AAAAPwAAAL8AAAA/AAAAPwAAAD8AAAC/AAAAPwAAAL8AAAA/AAAAPwAAAL8AAAC/AAAAPwAAAD8AAAC/AAAAvwAAAD8AAAC/AAAAvwAAAL8AAAC/AAAAvwAAAD8AAAA/AAAAvwAAAL8AAAC/AAAAvwAAAL8AAAA/AAAAvwAAAD8AAAA/AAAAvwAAAD8AAAC/AAAAvwAAAD8AAAA/AAAAPwAAAD8AAAC/AAAAvwAAAD8AAAA/AAAAPwAAAD8AAAA/AAAAPwAAAD8AAAC/AAAAvwAAAL8AAAA/AAAAvwAAAL8AAAC/AAAAPwAAAL8AAAA/AAAAvwAAAL8AAAC/AAAAPwAAAL8AAAC/AAAAPwAAAL8AAAA/AAAAvwAAAD8AAAA/AAAAvwAAAL8AAAA/AAAAPwAAAD8AAAA/AAAAvwAAAL8AAAA/AAAAPwAAAL8AAAA/AAAAPwAAAD8AAAA/AAAAPwAAAD8AAAC/AAAAPwAAAL8AAAC/AAAAvwAAAD8AAAC/AAAAPwAAAL8AAAC/AAAAvwAAAL8AAAC/AAAAvwAAAD8AAAC/AACAPwAAAAAAAAAAAACAPwAAAAAAAAAAAACAPwAAAAAAAAAAAACAPwAAAAAAAAAAAACAPwAAAAAAAAAAAACAPwAAAAAAAAAAAACAvwAAAAAAAAAAAACAvwAAAAAAAAAAAACAvwAAAAAAAAAAAACAvwAAAAAAAAAAAACAvwAAAAAAAAAAAACAvwAAAAAAAAAAAAAAAAAAgD8AAAAAAAAAAAAAgD8AAAAAAAAAAAAAgD8AAAAAAAAAAAAAgD8AAAAAAAAAAAAAgD8AAAAAAAAAAAAAgD8AAAAAAAAAAAAAgL8AAAAAAAAAAAAAgL8AAAAAAAAAAAAAgL8AAAAAAAAAAAAAgL8AAAAAAAAAAAAAgL8AAAAAAAAAAAAAgL8AAAAAAAAAAAAAAAAAAIA/AAAAAAAAAAAAAIA/AAAAAAAAAAAAAIA/AAAAAAAAAAAAAIA/AAAAAAAAAAAAAIA/AAAAAAAAAAAAAIA/AAAAAAAAAAAAAIC/AAAAAAAAAAAAAIC/AAAAAAAAAAAAAIC/AAAAAAAAAAAAAIC/AAAAAAAAAAAAAIC/AAAAAAAAAAAAAIC/AACAPwAAgD8AAIA/AACAPwAAgD8AAIA/AACAPwAAgD8AAIA/AACAPwAAgD8AAIA/AACAPwAAgD8AAIA/AACAPwAAgD8AAIA/AACAPwAAgD8AAIA/AACAPwAAgD8AAIA/AACAPwAAgD8AAIA/AACAPwAAgD8AAIA/AACAPwAAgD8AAIA/AACAPwAAgD8AAIA/AACAPwAAgD8AAIA/AACAPwAAgD8AAIA/AACAPwAAgD8AAIA/AACAPwAAgD8AAIA/AACAPwAAgD8AAIA/AACAPwAAgD8AAIA/AACAPwAAgD8AAIA/AACAPwAAgD8AAIA/AACAPwAAgD8AAIA/AACAPwAAgD8AAIA/AACAPwAAgD8AAIA/AACAPwAAgD8AAIA/AACAPwAAgD8AAIA/AACAPwAAgD8AAIA/AACAPwAAgD8AAIA/AACAPwAAgD8AAIA/AACAPwAAgD8AAIA/AACAPwAAgD8AAIA/AACAPwAAgD8AAIA/AACAPwAAgD8AAIA/AACAPwAAgD8AAIA/AACAPwAAgD8AAIA/AACAPwAAgD8AAIA/AACAPwAAgD8AAIA/AAAAAHenAT4AAAAAAAAAAAbkiz53pwE+AAAAAAAAAAAG5Is+AAAAAAbkiz53pwE+AAAAAHenAT4AAAAAAAAAAAbkiz53pwE+AAAAAAAAAAAG5Is+AAAAAAbkiz53pwE+AAAAAE/sRD4AAAAAAAAAAHMnITxP7EQ+AAAAAAAAAABzJyE8AAAAAHMnITxP7EQ+AAAAAE/sRD4AAAAAAAAAAHMnITxP7EQ+AAAAAAAAAABzJyE8AAAAAHMnITxP7EQ+AAAAAHenAT4AAAAAAAAAAHMnITx3pwE+AAAAAAAAAABzJyE8AAAAAHMnITx3pwE+AAAAAHenAT4AAAAAAAAAAHMnITx3pwE+AAAAAAAAAABzJyE8AAAAAHMnITx3pwE+AAAAPwAAAD8AAAA/AAAAPwAAAL8AAAA/AAAAPwAAAD8AAAA/AAAAPwAAAD8AAAC/AAAAPwAAAL8AAAA/AAAAPwAAAL8AAAC/AAAAPwAAAD8AAAC/AAAAPwAAAL8AAAC/AAAAvwAAAD8AAAC/AAAAvwAAAL8AAAC/AAAAvwAAAD8AAAC/AAAAvwAAAD8AAAA/AAAAvwAAAL8AAAC/AAAAvwAAAL8AAAA/AAAAvwAAAD8AAAA/AAAAvwAAAL8AAAA/AAAAPwAAAD8AAAC/AAAAvwAAAD8AAAC/AAAAPwAAAD8AAAA/AAAAvwAAAD8AAAA/AAAAPwAAAL8AAAA/AAAAvwAAAL8AAAA/AAAAPwAAAL8AAAC/AAAAvwAAAL8AAAC/AAAAPwAAAD8AAAA/AAAAPwAAAL8AAAA/AAAAPwAAAD8AAAC/AAAAPwAAAL8AAAA/AAAAPwAAAL8AAAC/AAAAPwAAAD8AAAC/AAAAvwAAAD8AAAC/AAAAvwAAAL8AAAC/AAAAvwAAAD8AAAA/AAAAvwAAAL8AAAC/AAAAvwAAAL8AAAA/AAAAvwAAAD8AAAA/AAAAvwAAAD8AAAC/AAAAvwAAAD8AAAA/AAAAPwAAAD8AAAC/AAAAvwAAAD8AAAA/AAAAPwAAAD8AAAA/AAAAPwAAAD8AAAC/AAAAvwAAAL8AAAA/AAAAvwAAAL8AAAC/AAAAPwAAAL8AAAA/AAAAvwAAAL8AAAC/AAAAPwAAAL8AAAC/AAAAPwAAAL8AAAA/AAAAvwAAAD8AAAA/AAAAvwAAAL8AAAA/AAAAPwAAAD8AAAA/AAAAvwAAAL8AAAA/AAAAPwAAAL8AAAA/AAAAPwAAAD8AAAA/AAAAPwAAAD8AAAC/AAAAPwAAAL8AAAC/AAAAvwAAAD8AAAC/AAAAPwAAAL8AAAC/AAAAvwAAAL8AAAC/AAAAvwAAAD8AAAC/AACAPwAAAAAAAAAAAACAPwAAAAAAAAAAAACAPwAAAAAAAAAAAACAPwAAAAAAAAAAAACAPwAAAAAAAAAAAACAPwAAAAAAAAAAAACAvwAAAAAAAAAAAACAvwAAAAAAAAAAAACAvwAAAAAAAAAAAACAvwAAAAAAAAAAAACAvwAAAAAAAAAAAACAvwAAAAAAAAAAAAAAAAAAgD8AAAAAAAAAAAAAgD8AAAAAAAAAAAAAgD8AAAAAAAAAAAAAgD8AAAAAAAAAAAAAgD8AAAAAAAAAAAAAgD8AAAAAAAAAAAAAgL8AAAAAAAAAAAAAgL8AAAAAAAAAAAAAgL8AAAAAAAAAAAAAgL8AAAAAAAAAAAAAgL8AAAAAAAAAAAAAgL8AAAAAAAAAAAAAAAAAAIA/AAAAAAAAAAAAAIA/AAAAAAAAAAAAAIA/AAAAAAAAAAAAAIA/AAAAAAAAAAAAAIA/AAAAAAAAAAAAAIA/AAAAAAAAAAAAAIC/AAAAAAAAAAAAAIC/AAAAAAAAAAAAAIC/AAAAAAAAAAAAAIC/AAAAAAAAAAAAAIC/AAAAAAAAAAAAAIC/AACAPwAAgD8AAIA/AACAPwAAgD8AAIA/AACAPwAAgD8AAIA/AACAPwAAgD8AAIA/AACAPwAAgD8AAIA/AACAPwAAgD8AAIA/AACAPwAAgD8AAIA/AACAPwAAgD8AAIA/AACAPwAAgD8AAIA/AACAPwAAgD8AAIA/AACAPwAAgD8AAIA/AACAPwAAgD8AAIA/AACAPwAAgD8AAIA/AACAPwAAgD8AAIA/AACAPwAAgD8AAIA/AACAPwAAgD8AAIA/AACAPwAAgD8AAIA/AACAPwAAgD8AAIA/AACAPwAAgD8AAIA/AACAPwAAgD8AAIA/AACAPwAAgD8AAIA/AACAPwAAgD8AAIA/AACAPwAAgD8AAIA/AACAPwAAgD8AAIA/AACAPwAAgD8AAIA/AACAPwAAgD8AAIA/AACAPwAAgD8AAIA/AACAPwAAgD8AAIA/AACAPwAAgD8AAIA/AACAPwAAgD8AAIA/AACAPwAAgD8AAIA/AACAPwAAgD8AAIA/AACAPwAAgD8AAIA/AACAPwAAgD8AAIA/AACAPwAAgD8AAIA/AACAPwAAgD8AAIA/AAAAAHenAT4AAAAAAAAAAAbkiz53pwE+AAAAAAAAAAAG5Is+AAAAAAbkiz53pwE+AAAAAHenAT4AAAAAAAAAAAbkiz53pwE+AAAAAAAAAAAG5Is+AAAAAAbkiz53pwE+AAAAAE/sRD4AAAAAAAAAAHMnITxP7EQ+AAAAAAAAAABzJyE8AAAAAHMnITxP7EQ+AAAAAE/sRD4AAAAAAAAAAHMnITxP7EQ+AAAAAAAAAABzJyE8AAAAAHMnITxP7EQ+AAAAAHenAT4AAAAAAAAAAHMnITx3pwE+AAAAAAAAAABzJyE8AAAAAHMnITx3pwE+AAAAAHenAT4AAAAAAAAAAHMnITx3pwE+AAAAAAAAAABzJyE8AAAAAHMnITx3pwE+AAAAPwAAAD8AAAA/AAAAPwAAAL8AAAA/AAAAPwAAAD8AAAA/AAAAPwAAAD8AAAC/AAAAPwAAAL8AAAA/AAAAPwAAAL8AAAC/AAAAPwAAAD8AAAC/AAAAPwAAAL8AAAC/AAAAvwAAAD8AAAC/AAAAvwAAAL8AAAC/AAAAvwAAAD8AAAC/AAAAvwAAAD8AAAA/AAAAvwAAAL8AAAC/AAAAvwAAAL8AAAA/AAAAvwAAAD8AAAA/AAAAvwAAAL8AAAA/AAAAPwAAAD8AAAC/AAAAvwAAAD8AAAC/AAAAPwAAAD8AAAA/AAAAvwAAAD8AAAA/AAAAPwAAAL8AAAA/AAAAvwAAAL8AAAA/AAAAPwAAAL8AAAC/AAAAvwAAAL8AAAC/AAAAPwAAAD8AAAA/AAAAPwAAAL8AAAA/AAAAPwAAAD8AAAC/AAAAPwAAAL8AAAA/AAAAPwAAAL8AAAC/AAAAPwAAAD8AAAC/AAAAvwAAAD8AAAC/AAAAvwAAAL8AAAC/AAAAvwAAAD8AAAA/AAAAvwAAAL8AAAC/AAAAvwAAAL8AAAA/AAAAvwAAAD8AAAA/AAAAvwAAAD8AAAC/AAAAvwAAAD8AAAA/AAAAPwAAAD8AAAC/AAAAvwAAAD8AAAA/AAAAPwAAAD8AAAA/AAAAPwAAAD8AAAC/AAAAvwAAAL8AAAA/AAAAvwAAAL8AAAC/AAAAPwAAAL8AAAA/AAAAvwAAAL8AAAC/AAAAPwAAAL8AAAC/AAAAPwAAAL8AAAA/AAAAvwAAAD8AAAA/AAAAvwAAAL8AAAA/AAAAPwAAAD8AAAA/AAAAvwAAAL8AAAA/AAAAPwAAAL8AAAA/AAAAPwAAAD8AAAA/AAAAPwAAAD8AAAC/AAAAPwAAAL8AAAC/AAAAvwAAAD8AAAC/AAAAPwAAAL8AAAC/AAAAvwAAAL8AAAC/AAAAvwAAAD8AAAC/AACAPwAAAAAAAAAAAACAPwAAAAAAAAAAAACAPwAAAAAAAAAAAACAPwAAAAAAAAAAAACAPwAAAAAAAAAAAACAPwAAAAAAAAAAAACAvwAAAAAAAAAAAACAvwAAAAAAAAAAAACAvwAAAAAAAAAAAACAvwAAAAAAAAAAAACAvwAAAAAAAAAAAACAvwAAAAAAAAAAAAAAAAAAgD8AAAAAAAAAAAAAgD8AAAAAAAAAAAAAgD8AAAAAAAAAAAAAgD8AAAAAAAAAAAAAgD8AAAAAAAAAAAAAgD8AAAAAAAAAAAAAgL8AAAAAAAAAAAAAgL8AAAAAAAAAAAAAgL8AAAAAAAAAAAAAgL8AAAAAAAAAAAAAgL8AAAAAAAAAAAAAgL8AAAAAAAAAAAAAAAAAAIA/AAAAAAAAAAAAAIA/AAAAAAAAAAAAAIA/AAAAAAAAAAAAAIA/AAAAAAAAAAAAAIA/AAAAAAAAAAAAAIA/AAAAAAAAAAAAAIC/AAAAAAAAAAAAAIC/AAAAAAAAAAAAAIC/AAAAAAAAAAAAAIC/AAAAAAAAAAAAAIC/AAAAAAAAAAAAAIC/AACAPwAAgD8AAIA/AACAPwAAgD8AAIA/AACAPwAAgD8AAIA/AACAPwAAgD8AAIA/AACAPwAAgD8AAIA/AACAPwAAgD8AAIA/AACAPwAAgD8AAIA/AACAPwAAgD8AAIA/AACAPwAAgD8AAIA/AACAPwAAgD8AAIA/AACAPwAAgD8AAIA/AACAPwAAgD8AAIA/AACAPwAAgD8AAIA/AACAPwAAgD8AAIA/AACAPwAAgD8AAIA/AACAPwAAgD8AAIA/AACAPwAAgD8AAIA/AACAPwAAgD8AAIA/AACAPwAAgD8AAIA/AACAPwAAgD8AAIA/AACAPwAAgD8AAIA/AACAPwAAgD8AAIA/AACAPwAAgD8AAIA/AACAPwAAgD8AAIA/AACAPwAAgD8AAIA/AACAPwAAgD8AAIA/AACAPwAAgD8AAIA/AACAPwAAgD8AAIA/AACAPwAAgD8AAIA/AACAPwAAgD8AAIA/AACAPwAAgD8AAIA/AACAPwAAgD8AAIA/AACAPwAAgD8AAIA/AACAPwAAgD8AAIA/AACAPwAAgD8AAIA/AACAPwAAgD8AAIA/AAAAAHenAT4AAAAAAAAAAHMnITx3pwE+AAAAAAAAAABzJyE8AAAAAHMnITx3pwE+AAAAAHenAT4AAAAAAAAAAHMnITx3pwE+AAAAAAAAAABzJyE8AAAAAHMnITx3pwE+AAAAAPra4jsAAAAAAAAAADwJBT/62uI7AAAAAAAAAAA8CQU/AAAAADwJBT/62uI7AAAAAPra4jsAAAAAAAAAADwJBT/62uI7AAAAAAAAAAA8CQU/AAAAADwJBT/62uI7AAAAAHenAT4AAAAAAAAAADwJBT93pwE+AAAAAAAAAAA8CQU/AAAAADwJBT93pwE+AAAAAHenAT4AAAAAAAAAADwJBT93pwE+AAAAAAAAAAA8CQU/AAAAADwJBT93pwE+AAAAPwAAAD8AAAA/AAAAPwAAAL8AAAA/AAAAPwAAAD8AAAA/AAAAPwAAAD8AAAC/AAAAPwAAAL8AAAA/AAAAPwAAAL8AAAC/AAAAPwAAAD8AAAC/AAAAPwAAAL8AAAC/AAAAvwAAAD8AAAC/AAAAvwAAAL8AAAC/AAAAvwAAAD8AAAC/AAAAvwAAAD8AAAA/AAAAvwAAAL8AAAC/AAAAvwAAAL8AAAA/AAAAvwAAAD8AAAA/AAAAvwAAAL8AAAA/AAAAPwAAAD8AAAC/AAAAvwAAAD8AAAC/AAAAPwAAAD8AAAA/AAAAvwAAAD8AAAA/AAAAPwAAAL8AAAA/AAAAvwAAAL8AAAA/AAAAPwAAAL8AAAC/AAAAvwAAAL8AAAC/AAAAPwAAAD8AAAA/AAAAPwAAAL8AAAA/AAAAPwAAAD8AAAC/AAAAPwAAAL8AAAA/AAAAPwAAAL8AAAC/AAAAPwAAAD8AAAC/AAAAvwAAAD8AAAC/AAAAvwAAAL8AAAC/AAAAvwAAAD8AAAA/AAAAvwAAAL8AAAC/AAAAvwAAAL8AAAA/AAAAvwAAAD8AAAA/AAAAvwAAAD8AAAC/AAAAvwAAAD8AAAA/AAAAPwAAAD8AAAC/AAAAvwAAAD8AAAA/AAAAPwAAAD8AAAA/AAAAPwAAAD8AAAC/AAAAvwAAAL8AAAA/AAAAvwAAAL8AAAC/AAAAPwAAAL8AAAA/AAAAvwAAAL8AAAC/AAAAPwAAAL8AAAC/AAAAPwAAAL8AAAA/AAAAvwAAAD8AAAA/AAAAvwAAAL8AAAA/AAAAPwAAAD8AAAA/AAAAvwAAAL8AAAA/AAAAPwAAAL8AAAA/AAAAPwAAAD8AAAA/AAAAPwAAAD8AAAC/AAAAPwAAAL8AAAC/AAAAvwAAAD8AAAC/AAAAPwAAAL8AAAC/AAAAvwAAAL8AAAC/AAAAvwAAAD8AAAC/AACAPwAAAAAAAAAAAACAPwAAAAAAAAAAAACAPwAAAAAAAAAAAACAPwAAAAAAAAAAAACAPwAAAAAAAAAAAACAPwAAAAAAAAAAAACAvwAAAAAAAAAAAACAvwAAAAAAAAAAAACAvwAAAAAAAAAAAACAvwAAAAAAAAAAAACAvwAAAAAAAAAAAACAvwAAAAAAAAAAAAAAAAAAgD8AAAAAAAAAAAAAgD8AAAAAAAAAAAAAgD8AAAAAAAAAAAAAgD8AAAAAAAAAAAAAgD8AAAAAAAAAAAAAgD8AAAAAAAAAAAAAgL8AAAAAAAAAAAAAgL8AAAAAAAAAAAAAgL8AAAAAAAAAAAAAgL8AAAAAAAAAAAAAgL8AAAAAAAAAAAAAgL8AAAAAAAAAAAAAAAAAAIA/AAAAAAAAAAAAAIA/AAAAAAAAAAAAAIA/AAAAAAAAAAAAAIA/AAAAAAAAAAAAAIA/AAAAAAAAAAAAAIA/AAAAAAAAAAAAAIC/AAAAAAAAAAAAAIC/AAAAAAAAAAAAAIC/AAAAAAAAAAAAAIC/AAAAAAAAAAAAAIC/AAAAAAAAAAAAAIC/AACAPwAAgD8AAIA/AACAPwAAgD8AAIA/AACAPwAAgD8AAIA/AACAPwAAgD8AAIA/AACAPwAAgD8AAIA/AACAPwAAgD8AAIA/AACAPwAAgD8AAIA/AACAPwAAgD8AAIA/AACAPwAAgD8AAIA/AACAPwAAgD8AAIA/AACAPwAAgD8AAIA/AACAPwAAgD8AAIA/AACAPwAAgD8AAIA/AACAPwAAgD8AAIA/AACAPwAAgD8AAIA/AACAPwAAgD8AAIA/AACAPwAAgD8AAIA/AACAPwAAgD8AAIA/AACAPwAAgD8AAIA/AACAPwAAgD8AAIA/AACAPwAAgD8AAIA/AACAPwAAgD8AAIA/AACAPwAAgD8AAIA/AACAPwAAgD8AAIA/AACAPwAAgD8AAIA/AACAPwAAgD8AAIA/AACAPwAAgD8AAIA/AACAPwAAgD8AAIA/AACAPwAAgD8AAIA/AACAPwAAgD8AAIA/AACAPwAAgD8AAIA/AACAPwAAgD8AAIA/AACAPwAAgD8AAIA/AACAPwAAgD8AAIA/AACAPwAAgD8AAIA/AACAPwAAgD8AAIA/AAAAAHenAT4AAAAAAAAAAHMnITx3pwE+AAAAAAAAAABzJyE8AAAAAHMnITx3pwE+AAAAAHenAT4AAAAAAAAAAHMnITx3pwE+AAAAAAAAAABzJyE8AAAAAHMnITx3pwE+AAAAAPra4jsAAAAAAAAAADwJBT/62uI7AAAAAAAAAAA8CQU/AAAAADwJBT/62uI7AAAAAPra4jsAAAAAAAAAADwJBT/62uI7AAAAAAAAAAA8CQU/AAAAADwJBT/62uI7AAAAAHenAT4AAAAAAAAAADwJBT93pwE+AAAAAAAAAAA8CQU/AAAAADwJBT93pwE+AAAAAHenAT4AAAAAAAAAADwJBT93pwE+AAAAAAAAAAA8CQU/AAAAADwJBT93pwE+AAAAPwAAAD8AAAA/AAAAPwAAAL8AAAA/AAAAPwAAAD8AAAA/AAAAPwAAAD8AAAC/AAAAPwAAAL8AAAA/AAAAPwAAAL8AAAC/AAAAPwAAAD8AAAC/AAAAPwAAAL8AAAC/AAAAvwAAAD8AAAC/AAAAvwAAAL8AAAC/AAAAvwAAAD8AAAC/AAAAvwAAAD8AAAA/AAAAvwAAAL8AAAC/AAAAvwAAAL8AAAA/AAAAvwAAAD8AAAA/AAAAvwAAAL8AAAA/AAAAPwAAAD8AAAC/AAAAvwAAAD8AAAC/AAAAPwAAAD8AAAA/AAAAvwAAAD8AAAA/AAAAPwAAAL8AAAA/AAAAvwAAAL8AAAA/AAAAPwAAAL8AAAC/AAAAvwAAAL8AAAC/AAAAPwAAAD8AAAA/AAAAPwAAAL8AAAA/AAAAPwAAAD8AAAC/AAAAPwAAAL8AAAA/AAAAPwAAAL8AAAC/AAAAPwAAAD8AAAC/AAAAvwAAAD8AAAC/AAAAvwAAAL8AAAC/AAAAvwAAAD8AAAA/AAAAvwAAAL8AAAC/AAAAvwAAAL8AAAA/AAAAvwAAAD8AAAA/AAAAvwAAAD8AAAC/AAAAvwAAAD8AAAA/AAAAPwAAAD8AAAC/AAAAvwAAAD8AAAA/AAAAPwAAAD8AAAA/AAAAPwAAAD8AAAC/AAAAvwAAAL8AAAA/AAAAvwAAAL8AAAC/AAAAPwAAAL8AAAA/AAAAvwAAAL8AAAC/AAAAPwAAAL8AAAC/AAAAPwAAAL8AAAA/AAAAvwAAAD8AAAA/AAAAvwAAAL8AAAA/AAAAPwAAAD8AAAA/AAAAvwAAAL8AAAA/AAAAPwAAAL8AAAA/AAAAPwAAAD8AAAA/AAAAPwAAAD8AAAC/AAAAPwAAAL8AAAC/AAAAvwAAAD8AAAC/AAAAPwAAAL8AAAC/AAAAvwAAAL8AAAC/AAAAvwAAAD8AAAC/AACAPwAAAAAAAAAAAACAPwAAAAAAAAAAAACAPwAAAAAAAAAAAACAPwAAAAAAAAAAAACAPwAAAAAAAAAAAACAPwAAAAAAAAAAAACAvwAAAAAAAAAAAACAvwAAAAAAAAAAAACAvwAAAAAAAAAAAACAvwAAAAAAAAAAAACAvwAAAAAAAAAAAACAvwAAAAAAAAAAAAAAAAAAgD8AAAAAAAAAAAAAgD8AAAAAAAAAAAAAgD8AAAAAAAAAAAAAgD8AAAAAAAAAAAAAgD8AAAAAAAAAAAAAgD8AAAAAAAAAAAAAgL8AAAAAAAAAAAAAgL8AAAAAAAAAAAAAgL8AAAAAAAAAAAAAgL8AAAAAAAAAAAAAgL8AAAAAAAAAAAAAgL8AAAAAAAAAAAAAAAAAAIA/AAAAAAAAAAAAAIA/AAAAAAAAAAAAAIA/AAAAAAAAAAAAAIA/AAAAAAAAAAAAAIA/AAAAAAAAAAAAAIA/AAAAAAAAAAAAAIC/AAAAAAAAAAAAAIC/AAAAAAAAAAAAAIC/AAAAAAAAAAAAAIC/AAAAAAAAAAAAAIC/AAAAAAAAAAAAAIC/AACAPwAAgD8AAIA/AACAPwAAgD8AAIA/AACAPwAAgD8AAIA/AACAPwAAgD8AAIA/AACAPwAAgD8AAIA/AACAPwAAgD8AAIA/AACAPwAAgD8AAIA/AACAPwAAgD8AAIA/AACAPwAAgD8AAIA/AACAPwAAgD8AAIA/AACAPwAAgD8AAIA/AACAPwAAgD8AAIA/AACAPwAAgD8AAIA/AACAPwAAgD8AAIA/AACAPwAAgD8AAIA/AACAPwAAgD8AAIA/AACAPwAAgD8AAIA/AACAPwAAgD8AAIA/AACAPwAAgD8AAIA/AACAPwAAgD8AAIA/AACAPwAAgD8AAIA/AACAPwAAgD8AAIA/AACAPwAAgD8AAIA/AACAPwAAgD8AAIA/AACAPwAAgD8AAIA/AACAPwAAgD8AAIA/AACAPwAAgD8AAIA/AACAPwAAgD8AAIA/AACAPwAAgD8AAIA/AACAPwAAgD8AAIA/AACAPwAAgD8AAIA/AACAPwAAgD8AAIA/AACAPwAAgD8AAIA/AACAPwAAgD8AAIA/AACAPwAAgD8AAIA/AACAPwAAgD8AAIA/AAAAAPFIGT4AAAAAAAAAAHMnITzxSBk+AAAAAAAAAABzJyE8AAAAAHMnITzxSBk+AAAAAPFIGT4AAAAAAAAAAHMnITzxSBk+AAAAAAAAAABzJyE8AAAAAHMnITzxSBk+AAAAAPra4jsAAAAAAAAAAIUCDT/62uI7AAAAAAAAAACFAg0/AAAAAIUCDT/62uI7AAAAAPra4jsAAAAAAAAAAIUCDT/62uI7AAAAAAAAAACFAg0/AAAAAIUCDT/62uI7AAAAAPFIGT4AAAAAAAAAAIUCDT/xSBk+AAAAAAAAAACFAg0/AAAAAIUCDT/xSBk+AAAAAPFIGT4AAAAAAAAAAIUCDT/xSBk+AAAAAAAAAACFAg0/AAAAAIUCDT/xSBk+AAAAPwAAAD8AAAA/AAAAPwAAAL8AAAA/AAAAPwAAAD8AAAA/AAAAPwAAAD8AAAC/AAAAPwAAAL8AAAA/AAAAPwAAAL8AAAC/AAAAPwAAAD8AAAC/AAAAPwAAAL8AAAC/AAAAvwAAAD8AAAC/AAAAvwAAAL8AAAC/AAAAvwAAAD8AAAC/AAAAvwAAAD8AAAA/AAAAvwAAAL8AAAC/AAAAvwAAAL8AAAA/AAAAvwAAAD8AAAA/AAAAvwAAAL8AAAA/AAAAPwAAAD8AAAC/AAAAvwAAAD8AAAC/AAAAPwAAAD8AAAA/AAAAvwAAAD8AAAA/AAAAPwAAAL8AAAA/AAAAvwAAAL8AAAA/AAAAPwAAAL8AAAC/AAAAvwAAAL8AAAC/AAAAPwAAAD8AAAA/AAAAPwAAAL8AAAA/AAAAPwAAAD8AAAC/AAAAPwAAAL8AAAA/AAAAPwAAAL8AAAC/AAAAPwAAAD8AAAC/AAAAvwAAAD8AAAC/AAAAvwAAAL8AAAC/AAAAvwAAAD8AAAA/AAAAvwAAAL8AAAC/AAAAvwAAAL8AAAA/AAAAvwAAAD8AAAA/AAAAvwAAAD8AAAC/AAAAvwAAAD8AAAA/AAAAPwAAAD8AAAC/AAAAvwAAAD8AAAA/AAAAPwAAAD8AAAA/AAAAPwAAAD8AAAC/AAAAvwAAAL8AAAA/AAAAvwAAAL8AAAC/AAAAPwAAAL8AAAA/AAAAvwAAAL8AAAC/AAAAPwAAAL8AAAC/AAAAPwAAAL8AAAA/AAAAvwAAAD8AAAA/AAAAvwAAAL8AAAA/AAAAPwAAAD8AAAA/AAAAvwAAAL8AAAA/AAAAPwAAAL8AAAA/AAAAPwAAAD8AAAA/AAAAPwAAAD8AAAC/AAAAPwAAAL8AAAC/AAAAvwAAAD8AAAC/AAAAPwAAAL8AAAC/AAAAvwAAAL8AAAC/AAAAvwAAAD8AAAC/AACAPwAAAAAAAAAAAACAPwAAAAAAAAAAAACAPwAAAAAAAAAAAACAPwAAAAAAAAAAAACAPwAAAAAAAAAAAACAPwAAAAAAAAAAAACAvwAAAAAAAAAAAACAvwAAAAAAAAAAAACAvwAAAAAAAAAAAACAvwAAAAAAAAAAAACAvwAAAAAAAAAAAACAvwAAAAAAAAAAAAAAAAAAgD8AAAAAAAAAAAAAgD8AAAAAAAAAAAAAgD8AAAAAAAAAAAAAgD8AAAAAAAAAAAAAgD8AAAAAAAAAAAAAgD8AAAAAAAAAAAAAgL8AAAAAAAAAAAAAgL8AAAAAAAAAAAAAgL8AAAAAAAAAAAAAgL8AAAAAAAAAAAAAgL8AAAAAAAAAAAAAgL8AAAAAAAAAAAAAAAAAAIA/AAAAAAAAAAAAAIA/AAAAAAAAAAAAAIA/AAAAAAAAAAAAAIA/AAAAAAAAAAAAAIA/AAAAAAAAAAAAAIA/AAAAAAAAAAAAAIC/AAAAAAAAAAAAAIC/AAAAAAAAAAAAAIC/AAAAAAAAAAAAAIC/AAAAAAAAAAAAAIC/AAAAAAAAAAAAAIC/AACAPwAAgD8AAIA/AACAPwAAgD8AAIA/AACAPwAAgD8AAIA/AACAPwAAgD8AAIA/AACAPwAAgD8AAIA/AACAPwAAgD8AAIA/AACAPwAAgD8AAIA/AACAPwAAgD8AAIA/AACAPwAAgD8AAIA/AACAPwAAgD8AAIA/AACAPwAAgD8AAIA/AACAPwAAgD8AAIA/AACAPwAAgD8AAIA/AACAPwAAgD8AAIA/AACAPwAAgD8AAIA/AACAPwAAgD8AAIA/AACAPwAAgD8AAIA/AACAPwAAgD8AAIA/AACAPwAAgD8AAIA/AACAPwAAgD8AAIA/AACAPwAAgD8AAIA/AACAPwAAgD8AAIA/AACAPwAAgD8AAIA/AACAPwAAgD8AAIA/AACAPwAAgD8AAIA/AACAPwAAgD8AAIA/AACAPwAAgD8AAIA/AACAPwAAgD8AAIA/AACAPwAAgD8AAIA/AACAPwAAgD8AAIA/AACAPwAAgD8AAIA/AACAPwAAgD8AAIA/AACAPwAAgD8AAIA/AACAPwAAgD8AAIA/AACAPwAAgD8AAIA/AACAPwAAgD8AAIA/AAAAAPra4jsAAAAAAAAAAI7RgT762uI7AAAAAAAAAACO0YE+AAAAAI7RgT762uI7AAAAAPra4jsAAAAAAAAAAI7RgT762uI7AAAAAAAAAACO0YE+AAAAAI7RgT762uI7AAAAAJ++Nj4AAAAAAAAAADwJBT+fvjY+AAAAAAAAAAA8CQU/AAAAADwJBT+fvjY+AAAAAJ++Nj4AAAAAAAAAADwJBT+fvjY+AAAAAAAAAAA8CQU/AAAAADwJBT+fvjY+AAAAAPra4jsAAAAAAAAAADwJBT/62uI7AAAAAAAAAAA8CQU/AAAAADwJBT/62uI7AAAAAPra4jsAAAAAAAAAADwJBT/62uI7AAAAAAAAAAA8CQU/AAAAADwJBT/62uI7AAAAPwAAAD8AAAA/AAAAPwAAAL8AAAA/AAAAPwAAAD8AAAA/AAAAPwAAAD8AAAC/AAAAPwAAAL8AAAA/AAAAPwAAAL8AAAC/AAAAPwAAAD8AAAC/AAAAPwAAAL8AAAC/AAAAvwAAAD8AAAC/AAAAvwAAAL8AAAC/AAAAvwAAAD8AAAC/AAAAvwAAAD8AAAA/AAAAvwAAAL8AAAC/AAAAvwAAAL8AAAA/AAAAvwAAAD8AAAA/AAAAvwAAAL8AAAA/AAAAPwAAAD8AAAC/AAAAvwAAAD8AAAC/AAAAPwAAAD8AAAA/AAAAvwAAAD8AAAA/AAAAPwAAAL8AAAA/AAAAvwAAAL8AAAA/AAAAPwAAAL8AAAC/AAAAvwAAAL8AAAC/AAAAPwAAAD8AAAA/AAAAPwAAAL8AAAA/AAAAPwAAAD8AAAC/AAAAPwAAAL8AAAA/AAAAPwAAAL8AAAC/AAAAPwAAAD8AAAC/AAAAvwAAAD8AAAC/AAAAvwAAAL8AAAC/AAAAvwAAAD8AAAA/AAAAvwAAAL8AAAC/AAAAvwAAAL8AAAA/AAAAvwAAAD8AAAA/AAAAvwAAAD8AAAC/AAAAvwAAAD8AAAA/AAAAPwAAAD8AAAC/AAAAvwAAAD8AAAA/AAAAPwAAAD8AAAA/AAAAPwAAAD8AAAC/AAAAvwAAAL8AAAA/AAAAvwAAAL8AAAC/AAAAPwAAAL8AAAA/AAAAvwAAAL8AAAC/AAAAPwAAAL8AAAC/AAAAPwAAAL8AAAA/AAAAvwAAAD8AAAA/AAAAvwAAAL8AAAA/AAAAPwAAAD8AAAA/AAAAvwAAAL8AAAA/AAAAPwAAAL8AAAA/AAAAPwAAAD8AAAA/AAAAPwAAAD8AAAC/AAAAPwAAAL8AAAC/AAAAvwAAAD8AAAC/AAAAPwAAAL8AAAC/AAAAvwAAAL8AAAC/AAAAvwAAAD8AAAC/AACAPwAAAAAAAAAAAACAPwAAAAAAAAAAAACAPwAAAAAAAAAAAACAPwAAAAAAAAAAAACAPwAAAAAAAAAAAACAPwAAAAAAAAAAAACAvwAAAAAAAAAAAACAvwAAAAAAAAAAAACAvwAAAAAAAAAAAACAvwAAAAAAAAAAAACAvwAAAAAAAAAAAACAvwAAAAAAAAAAAAAAAAAAgD8AAAAAAAAAAAAAgD8AAAAAAAAAAAAAgD8AAAAAAAAAAAAAgD8AAAAAAAAAAAAAgD8AAAAAAAAAAAAAgD8AAAAAAAAAAAAAgL8AAAAAAAAAAAAAgL8AAAAAAAAAAAAAgL8AAAAAAAAAAAAAgL8AAAAAAAAAAAAAgL8AAAAAAAAAAAAAgL8AAAAAAAAAAAAAAAAAAIA/AAAAAAAAAAAAAIA/AAAAAAAAAAAAAIA/AAAAAAAAAAAAAIA/AAAAAAAAAAAAAIA/AAAAAAAAAAAAAIA/AAAAAAAAAAAAAIC/AAAAAAAAAAAAAIC/AAAAAAAAAAAAAIC/AAAAAAAAAAAAAIC/AAAAAAAAAAAAAIC/AAAAAAAAAAAAAIC/AACAPwAAgD8AAIA/AACAPwAAgD8AAIA/AACAPwAAgD8AAIA/AACAPwAAgD8AAIA/AACAPwAAgD8AAIA/AACAPwAAgD8AAIA/AACAPwAAgD8AAIA/AACAPwAAgD8AAIA/AACAPwAAgD8AAIA/AACAPwAAgD8AAIA/AACAPwAAgD8AAIA/AACAPwAAgD8AAIA/AACAPwAAgD8AAIA/AACAPwAAgD8AAIA/AACAPwAAgD8AAIA/AACAPwAAgD8AAIA/AACAPwAAgD8AAIA/AACAPwAAgD8AAIA/AACAPwAAgD8AAIA/AACAPwAAgD8AAIA/AACAPwAAgD8AAIA/AACAPwAAgD8AAIA/AACAPwAAgD8AAIA/AACAPwAAgD8AAIA/AACAPwAAgD8AAIA/AACAPwAAgD8AAIA/AACAPwAAgD8AAIA/AACAPwAAgD8AAIA/AACAPwAAgD8AAIA/AACAPwAAgD8AAIA/AACAPwAAgD8AAIA/AACAPwAAgD8AAIA/AACAPwAAgD8AAIA/AACAPwAAgD8AAIA/AACAPwAAgD8AAIA/AACAPwAAgD8AAIA/AAAAAHenAT4AAAAAAAAAAAbkiz53pwE+AAAAAAAAAAAG5Is+AAAAAAbkiz53pwE+AAAAAHenAT4AAAAAAAAAAAbkiz53pwE+AAAAAAAAAAAG5Is+AAAAAAbkiz53pwE+AAAAAE/sRD4AAAAAAAAAAHMnITxP7EQ+AAAAAAAAAABzJyE8AAAAAHMnITxP7EQ+AAAAAE/sRD4AAAAAAAAAAHMnITxP7EQ+AAAAAAAAAABzJyE8AAAAAHMnITxP7EQ+AAAAAHenAT4AAAAAAAAAAHMnITx3pwE+AAAAAAAAAABzJyE8AAAAAHMnITx3pwE+AAAAAHenAT4AAAAAAAAAAHMnITx3pwE+AAAAAAAAAABzJyE8AAAAAHMnITx3pwE+AAAAPwAAAD8AAAA/AAAAPwAAAL8AAAA/AAAAPwAAAD8AAAA/AAAAPwAAAD8AAAC/AAAAPwAAAL8AAAA/AAAAPwAAAL8AAAC/AAAAPwAAAD8AAAC/AAAAPwAAAL8AAAC/AAAAvwAAAD8AAAC/AAAAvwAAAL8AAAC/AAAAvwAAAD8AAAC/AAAAvwAAAD8AAAA/AAAAvwAAAL8AAAC/AAAAvwAAAL8AAAA/AAAAvwAAAD8AAAA/AAAAvwAAAL8AAAA/AAAAPwAAAD8AAAC/AAAAvwAAAD8AAAC/AAAAPwAAAD8AAAA/AAAAvwAAAD8AAAA/AAAAPwAAAL8AAAA/AAAAvwAAAL8AAAA/AAAAPwAAAL8AAAC/AAAAvwAAAL8AAAC/AAAAPwAAAD8AAAA/AAAAPwAAAL8AAAA/AAAAPwAAAD8AAAC/AAAAPwAAAL8AAAA/AAAAPwAAAL8AAAC/AAAAPwAAAD8AAAC/AAAAvwAAAD8AAAC/AAAAvwAAAL8AAAC/AAAAvwAAAD8AAAA/AAAAvwAAAL8AAAC/AAAAvwAAAL8AAAA/AAAAvwAAAD8AAAA/AAAAvwAAAD8AAAC/AAAAvwAAAD8AAAA/AAAAPwAAAD8AAAC/AAAAvwAAAD8AAAA/AAAAPwAAAD8AAAA/AAAAPwAAAD8AAAC/AAAAvwAAAL8AAAA/AAAAvwAAAL8AAAC/AAAAPwAAAL8AAAA/AAAAvwAAAL8AAAC/AAAAPwAAAL8AAAC/AAAAPwAAAL8AAAA/AAAAvwAAAD8AAAA/AAAAvwAAAL8AAAA/AAAAPwAAAD8AAAA/AAAAvwAAAL8AAAA/AAAAPwAAAL8AAAA/AAAAPwAAAD8AAAA/AAAAPwAAAD8AAAC/AAAAPwAAAL8AAAC/AAAAvwAAAD8AAAC/AAAAPwAAAL8AAAC/AAAAvwAAAL8AAAC/AAAAvwAAAD8AAAC/AACAPwAAAAAAAAAAAACAPwAAAAAAAAAAAACAPwAAAAAAAAAAAACAPwAAAAAAAAAAAACAPwAAAAAAAAAAAACAPwAAAAAAAAAAAACAvwAAAAAAAAAAAACAvwAAAAAAAAAAAACAvwAAAAAAAAAAAACAvwAAAAAAAAAAAACAvwAAAAAAAAAAAACAvwAAAAAAAAAAAAAAAAAAgD8AAAAAAAAAAAAAgD8AAAAAAAAAAAAAgD8AAAAAAAAAAAAAgD8AAAAAAAAAAAAAgD8AAAAAAAAAAAAAgD8AAAAAAAAAAAAAgL8AAAAAAAAAAAAAgL8AAAAAAAAAAAAAgL8AAAAAAAAAAAAAgL8AAAAAAAAAAAAAgL8AAAAAAAAAAAAAgL8AAAAAAAAAAAAAAAAAAIA/AAAAAAAAAAAAAIA/AAAAAAAAAAAAAIA/AAAAAAAAAAAAAIA/AAAAAAAAAAAAAIA/AAAAAAAAAAAAAIA/AAAAAAAAAAAAAIC/AAAAAAAAAAAAAIC/AAAAAAAAAAAAAIC/AAAAAAAAAAAAAIC/AAAAAAAAAAAAAIC/AAAAAAAAAAAAAIC/AACAPwAAgD8AAIA/AACAPwAAgD8AAIA/AACAPwAAgD8AAIA/AACAPwAAgD8AAIA/AACAPwAAgD8AAIA/AACAPwAAgD8AAIA/AACAPwAAgD8AAIA/AACAPwAAgD8AAIA/AACAPwAAgD8AAIA/AACAPwAAgD8AAIA/AACAPwAAgD8AAIA/AACAPwAAgD8AAIA/AACAPwAAgD8AAIA/AACAPwAAgD8AAIA/AACAPwAAgD8AAIA/AACAPwAAgD8AAIA/AACAPwAAgD8AAIA/AACAPwAAgD8AAIA/AACAPwAAgD8AAIA/AACAPwAAgD8AAIA/AACAPwAAgD8AAIA/AACAPwAAgD8AAIA/AACAPwAAgD8AAIA/AACAPwAAgD8AAIA/AACAPwAAgD8AAIA/AACAPwAAgD8AAIA/AACAPwAAgD8AAIA/AACAPwAAgD8AAIA/AACAPwAAgD8AAIA/AACAPwAAgD8AAIA/AACAPwAAgD8AAIA/AACAPwAAgD8AAIA/AACAPwAAgD8AAIA/AACAPwAAgD8AAIA/AACAPwAAgD8AAIA/AACAPwAAgD8AAIA/AAAAAHenAT4AAAAAAAAAAAbkiz53pwE+AAAAAAAAAAAG5Is+AAAAAAbkiz53pwE+AAAAAHenAT4AAAAAAAAAAAbkiz53pwE+AAAAAAAAAAAG5Is+AAAAAAbkiz53pwE+AAAAAE/sRD4AAAAAAAAAAHMnITxP7EQ+AAAAAAAAAABzJyE8AAAAAHMnITxP7EQ+AAAAAE/sRD4AAAAAAAAAAHMnITxP7EQ+AAAAAAAAAABzJyE8AAAAAHMnITxP7EQ+AAAAAHenAT4AAAAAAAAAAHMnITx3pwE+AAAAAAAAAABzJyE8AAAAAHMnITx3pwE+AAAAAHenAT4AAAAAAAAAAHMnITx3pwE+AAAAAAAAAABzJyE8AAAAAHMnITx3pwE+AAAAPwAAAD8AAAA/AAAAPwAAAL8AAAA/AAAAPwAAAD8AAAA/AAAAPwAAAD8AAAC/AAAAPwAAAL8AAAA/AAAAPwAAAL8AAAC/AAAAPwAAAD8AAAC/AAAAPwAAAL8AAAC/AAAAvwAAAD8AAAC/AAAAvwAAAL8AAAC/AAAAvwAAAD8AAAC/AAAAvwAAAD8AAAA/AAAAvwAAAL8AAAC/AAAAvwAAAL8AAAA/AAAAvwAAAD8AAAA/AAAAvwAAAL8AAAA/AAAAPwAAAD8AAAC/AAAAvwAAAD8AAAC/AAAAPwAAAD8AAAA/AAAAvwAAAD8AAAA/AAAAPwAAAL8AAAA/AAAAvwAAAL8AAAA/AAAAPwAAAL8AAAC/AAAAvwAAAL8AAAC/AAAAPwAAAD8AAAA/AAAAPwAAAL8AAAA/AAAAPwAAAD8AAAC/AAAAPwAAAL8AAAA/AAAAPwAAAL8AAAC/AAAAPwAAAD8AAAC/AAAAvwAAAD8AAAC/AAAAvwAAAL8AAAC/AAAAvwAAAD8AAAA/AAAAvwAAAL8AAAC/AAAAvwAAAL8AAAA/AAAAvwAAAD8AAAA/AAAAvwAAAD8AAAC/AAAAvwAAAD8AAAA/AAAAPwAAAD8AAAC/AAAAvwAAAD8AAAA/AAAAPwAAAD8AAAA/AAAAPwAAAD8AAAC/AAAAvwAAAL8AAAA/AAAAvwAAAL8AAAC/AAAAPwAAAL8AAAA/AAAAvwAAAL8AAAC/AAAAPwAAAL8AAAC/AAAAPwAAAL8AAAA/AAAAvwAAAD8AAAA/AAAAvwAAAL8AAAA/AAAAPwAAAD8AAAA/AAAAvwAAAL8AAAA/AAAAPwAAAL8AAAA/AAAAPwAAAD8AAAA/AAAAPwAAAD8AAAC/AAAAPwAAAL8AAAC/AAAAvwAAAD8AAAC/AAAAPwAAAL8AAAC/AAAAvwAAAL8AAAC/AAAAvwAAAD8AAAC/AACAPwAAAAAAAAAAAACAPwAAAAAAAAAAAACAPwAAAAAAAAAAAACAPwAAAAAAAAAAAACAPwAAAAAAAAAAAACAPwAAAAAAAAAAAACAvwAAAAAAAAAAAACAvwAAAAAAAAAAAACAvwAAAAAAAAAAAACAvwAAAAAAAAAAAACAvwAAAAAAAAAAAACAvwAAAAAAAAAAAAAAAAAAgD8AAAAAAAAAAAAAgD8AAAAAAAAAAAAAgD8AAAAAAAAAAAAAgD8AAAAAAAAAAAAAgD8AAAAAAAAAAAAAgD8AAAAAAAAAAAAAgL8AAAAAAAAAAAAAgL8AAAAAAAAAAAAAgL8AAAAAAAAAAAAAgL8AAAAAAAAAAAAAgL8AAAAAAAAAAAAAgL8AAAAAAAAAAAAAAAAAAIA/AAAAAAAAAAAAAIA/AAAAAAAAAAAAAIA/AAAAAAAAAAAAAIA/AAAAAAAAAAAAAIA/AAAAAAAAAAAAAIA/AAAAAAAAAAAAAIC/AAAAAAAAAAAAAIC/AAAAAAAAAAAAAIC/AAAAAAAAAAAAAIC/AAAAAAAAAAAAAIC/AAAAAAAAAAAAAIC/AACAPwAAgD8AAIA/AACAPwAAgD8AAIA/AACAPwAAgD8AAIA/AACAPwAAgD8AAIA/AACAPwAAgD8AAIA/AACAPwAAgD8AAIA/AACAPwAAgD8AAIA/AACAPwAAgD8AAIA/AACAPwAAgD8AAIA/AACAPwAAgD8AAIA/AACAPwAAgD8AAIA/AACAPwAAgD8AAIA/AACAPwAAgD8AAIA/AACAPwAAgD8AAIA/AACAPwAAgD8AAIA/AACAPwAAgD8AAIA/AACAPwAAgD8AAIA/AACAPwAAgD8AAIA/AACAPwAAgD8AAIA/AACAPwAAgD8AAIA/AACAPwAAgD8AAIA/AACAPwAAgD8AAIA/AACAPwAAgD8AAIA/AACAPwAAgD8AAIA/AACAPwAAgD8AAIA/AACAPwAAgD8AAIA/AACAPwAAgD8AAIA/AACAPwAAgD8AAIA/AACAPwAAgD8AAIA/AACAPwAAgD8AAIA/AACAPwAAgD8AAIA/AACAPwAAgD8AAIA/AACAPwAAgD8AAIA/AACAPwAAgD8AAIA/AACAPwAAgD8AAIA/AACAPwAAgD8AAIA/AAAAAHenAT4AAAAAAAAAAHMnITx3pwE+AAAAAAAAAABzJyE8AAAAAHMnITx3pwE+AAAAAHenAT4AAAAAAAAAAHMnITx3pwE+AAAAAAAAAABzJyE8AAAAAHMnITx3pwE+AAAAAPra4jsAAAAAAAAAADwJBT/62uI7AAAAAAAAAAA8CQU/AAAAADwJBT/62uI7AAAAAPra4jsAAAAAAAAAADwJBT/62uI7AAAAAAAAAAA8CQU/AAAAADwJBT/62uI7AAAAAHenAT4AAAAAAAAAADwJBT93pwE+AAAAAAAAAAA8CQU/AAAAADwJBT93pwE+AAAAAHenAT4AAAAAAAAAADwJBT93pwE+AAAAAAAAAAA8CQU/AAAAADwJBT93pwE+AAAAPwAAAD8AAAA/AAAAPwAAAL8AAAA/AAAAPwAAAD8AAAA/AAAAPwAAAD8AAAC/AAAAPwAAAL8AAAA/AAAAPwAAAL8AAAC/AAAAPwAAAD8AAAC/AAAAPwAAAL8AAAC/AAAAvwAAAD8AAAC/AAAAvwAAAL8AAAC/AAAAvwAAAD8AAAC/AAAAvwAAAD8AAAA/AAAAvwAAAL8AAAC/AAAAvwAAAL8AAAA/AAAAvwAAAD8AAAA/AAAAvwAAAL8AAAA/AAAAPwAAAD8AAAC/AAAAvwAAAD8AAAC/AAAAPwAAAD8AAAA/AAAAvwAAAD8AAAA/AAAAPwAAAL8AAAA/AAAAvwAAAL8AAAA/AAAAPwAAAL8AAAC/AAAAvwAAAL8AAAC/AAAAPwAAAD8AAAA/AAAAPwAAAL8AAAA/AAAAPwAAAD8AAAC/AAAAPwAAAL8AAAA/AAAAPwAAAL8AAAC/AAAAPwAAAD8AAAC/AAAAvwAAAD8AAAC/AAAAvwAAAL8AAAC/AAAAvwAAAD8AAAA/AAAAvwAAAL8AAAC/AAAAvwAAAL8AAAA/AAAAvwAAAD8AAAA/AAAAvwAAAD8AAAC/AAAAvwAAAD8AAAA/AAAAPwAAAD8AAAC/AAAAvwAAAD8AAAA/AAAAPwAAAD8AAAA/AAAAPwAAAD8AAAC/AAAAvwAAAL8AAAA/AAAAvwAAAL8AAAC/AAAAPwAAAL8AAAA/AAAAvwAAAL8AAAC/AAAAPwAAAL8AAAC/AAAAPwAAAL8AAAA/AAAAvwAAAD8AAAA/AAAAvwAAAL8AAAA/AAAAPwAAAD8AAAA/AAAAvwAAAL8AAAA/AAAAPwAAAL8AAAA/AAAAPwAAAD8AAAA/AAAAPwAAAD8AAAC/AAAAPwAAAL8AAAC/AAAAvwAAAD8AAAC/AAAAPwAAAL8AAAC/AAAAvwAAAL8AAAC/AAAAvwAAAD8AAAC/AACAPwAAAAAAAAAAAACAPwAAAAAAAAAAAACAPwAAAAAAAAAAAACAPwAAAAAAAAAAAACAPwAAAAAAAAAAAACAPwAAAAAAAAAAAACAvwAAAAAAAAAAAACAvwAAAAAAAAAAAACAvwAAAAAAAAAAAACAvwAAAAAAAAAAAACAvwAAAAAAAAAAAACAvwAAAAAAAAAAAAAAAAAAgD8AAAAAAAAAAAAAgD8AAAAAAAAAAAAAgD8AAAAAAAAAAAAAgD8AAAAAAAAAAAAAgD8AAAAAAAAAAAAAgD8AAAAAAAAAAAAAgL8AAAAAAAAAAAAAgL8AAAAAAAAAAAAAgL8AAAAAAAAAAAAAgL8AAAAAAAAAAAAAgL8AAAAAAAAAAAAAgL8AAAAAAAAAAAAAAAAAAIA/AAAAAAAAAAAAAIA/AAAAAAAAAAAAAIA/AAAAAAAAAAAAAIA/AAAAAAAAAAAAAIA/AAAAAAAAAAAAAIA/AAAAAAAAAAAAAIC/AAAAAAAAAAAAAIC/AAAAAAAAAAAAAIC/AAAAAAAAAAAAAIC/AAAAAAAAAAAAAIC/AAAAAAAAAAAAAIC/AACAPwAAgD8AAIA/AACAPwAAgD8AAIA/AACAPwAAgD8AAIA/AACAPwAAgD8AAIA/AACAPwAAgD8AAIA/AACAPwAAgD8AAIA/AACAPwAAgD8AAIA/AACAPwAAgD8AAIA/AACAPwAAgD8AAIA/AACAPwAAgD8AAIA/AACAPwAAgD8AAIA/AACAPwAAgD8AAIA/AACAPwAAgD8AAIA/AACAPwAAgD8AAIA/AACAPwAAgD8AAIA/AACAPwAAgD8AAIA/AACAPwAAgD8AAIA/AACAPwAAgD8AAIA/AACAPwAAgD8AAIA/AACAPwAAgD8AAIA/AACAPwAAgD8AAIA/AACAPwAAgD8AAIA/AACAPwAAgD8AAIA/AACAPwAAgD8AAIA/AACAPwAAgD8AAIA/AACAPwAAgD8AAIA/AACAPwAAgD8AAIA/AACAPwAAgD8AAIA/AACAPwAAgD8AAIA/AACAPwAAgD8AAIA/AACAPwAAgD8AAIA/AACAPwAAgD8AAIA/AACAPwAAgD8AAIA/AACAPwAAgD8AAIA/AACAPwAAgD8AAIA/AACAPwAAgD8AAIA/AAAAAHenAT4AAAAAAAAAAHMnITx3pwE+AAAAAAAAAABzJyE8AAAAAHMnITx3pwE+AAAAAHenAT4AAAAAAAAAAHMnITx3pwE+AAAAAAAAAABzJyE8AAAAAHMnITx3pwE+AAAAAPra4jsAAAAAAAAAADwJBT/62uI7AAAAAAAAAAA8CQU/AAAAADwJBT/62uI7AAAAAPra4jsAAAAAAAAAADwJBT/62uI7AAAAAAAAAAA8CQU/AAAAADwJBT/62uI7AAAAAHenAT4AAAAAAAAAADwJBT93pwE+AAAAAAAAAAA8CQU/AAAAADwJBT93pwE+AAAAAHenAT4AAAAAAAAAADwJBT93pwE+AAAAAAAAAAA8CQU/AAAAADwJBT93pwE+AAAAPwAAAD8AAAA/AAAAPwAAAL8AAAA/AAAAPwAAAD8AAAA/AAAAPwAAAD8AAAC/AAAAPwAAAL8AAAA/AAAAPwAAAL8AAAC/AAAAPwAAAD8AAAC/AAAAPwAAAL8AAAC/AAAAvwAAAD8AAAC/AAAAvwAAAL8AAAC/AAAAvwAAAD8AAAC/AAAAvwAAAD8AAAA/AAAAvwAAAL8AAAC/AAAAvwAAAL8AAAA/AAAAvwAAAD8AAAA/AAAAvwAAAL8AAAA/AAAAPwAAAD8AAAC/AAAAvwAAAD8AAAC/AAAAPwAAAD8AAAA/AAAAvwAAAD8AAAA/AAAAPwAAAL8AAAA/AAAAvwAAAL8AAAA/AAAAPwAAAL8AAAC/AAAAvwAAAL8AAAC/AAAAPwAAAD8AAAA/AAAAPwAAAL8AAAA/AAAAPwAAAD8AAAC/AAAAPwAAAL8AAAA/AAAAPwAAAL8AAAC/AAAAPwAAAD8AAAC/AAAAvwAAAD8AAAC/AAAAvwAAAL8AAAC/AAAAvwAAAD8AAAA/AAAAvwAAAL8AAAC/AAAAvwAAAL8AAAA/AAAAvwAAAD8AAAA/AAAAvwAAAD8AAAC/AAAAvwAAAD8AAAA/AAAAPwAAAD8AAAC/AAAAvwAAAD8AAAA/AAAAPwAAAD8AAAA/AAAAPwAAAD8AAAC/AAAAvwAAAL8AAAA/AAAAvwAAAL8AAAC/AAAAPwAAAL8AAAA/AAAAvwAAAL8AAAC/AAAAPwAAAL8AAAC/AAAAPwAAAL8AAAA/AAAAvwAAAD8AAAA/AAAAvwAAAL8AAAA/AAAAPwAAAD8AAAA/AAAAvwAAAL8AAAA/AAAAPwAAAL8AAAA/AAAAPwAAAD8AAAA/AAAAPwAAAD8AAAC/AAAAPwAAAL8AAAC/AAAAvwAAAD8AAAC/AAAAPwAAAL8AAAC/AAAAvwAAAL8AAAC/AAAAvwAAAD8AAAC/AACAPwAAAAAAAAAAAACAPwAAAAAAAAAAAACAPwAAAAAAAAAAAACAPwAAAAAAAAAAAACAPwAAAAAAAAAAAACAPwAAAAAAAAAAAACAvwAAAAAAAAAAAACAvwAAAAAAAAAAAACAvwAAAAAAAAAAAACAvwAAAAAAAAAAAACAvwAAAAAAAAAAAACAvwAAAAAAAAAAAAAAAAAAgD8AAAAAAAAAAAAAgD8AAAAAAAAAAAAAgD8AAAAAAAAAAAAAgD8AAAAAAAAAAAAAgD8AAAAAAAAAAAAAgD8AAAAAAAAAAAAAgL8AAAAAAAAAAAAAgL8AAAAAAAAAAAAAgL8AAAAAAAAAAAAAgL8AAAAAAAAAAAAAgL8AAAAAAAAAAAAAgL8AAAAAAAAAAAAAAAAAAIA/AAAAAAAAAAAAAIA/AAAAAAAAAAAAAIA/AAAAAAAAAAAAAIA/AAAAAAAAAAAAAIA/AAAAAAAAAAAAAIA/AAAAAAAAAAAAAIC/AAAAAAAAAAAAAIC/AAAAAAAAAAAAAIC/AAAAAAAAAAAAAIC/AAAAAAAAAAAAAIC/AAAAAAAAAAAAAIC/AACAPwAAgD8AAIA/AACAPwAAgD8AAIA/AACAPwAAgD8AAIA/AACAPwAAgD8AAIA/AACAPwAAgD8AAIA/AACAPwAAgD8AAIA/AACAPwAAgD8AAIA/AACAPwAAgD8AAIA/AACAPwAAgD8AAIA/AACAPwAAgD8AAIA/AACAPwAAgD8AAIA/AACAPwAAgD8AAIA/AACAPwAAgD8AAIA/AACAPwAAgD8AAIA/AACAPwAAgD8AAIA/AACAPwAAgD8AAIA/AACAPwAAgD8AAIA/AACAPwAAgD8AAIA/AACAPwAAgD8AAIA/AACAPwAAgD8AAIA/AACAPwAAgD8AAIA/AACAPwAAgD8AAIA/AACAPwAAgD8AAIA/AACAPwAAgD8AAIA/AACAPwAAgD8AAIA/AACAPwAAgD8AAIA/AACAPwAAgD8AAIA/AACAPwAAgD8AAIA/AACAPwAAgD8AAIA/AACAPwAAgD8AAIA/AACAPwAAgD8AAIA/AACAPwAAgD8AAIA/AACAPwAAgD8AAIA/AACAPwAAgD8AAIA/AACAPwAAgD8AAIA/AACAPwAAgD8AAIA/AAAAAPFIGT4AAAAAAAAAAHMnITzxSBk+AAAAAAAAAABzJyE8AAAAAHMnITzxSBk+AAAAAPFIGT4AAAAAAAAAAHMnITzxSBk+AAAAAAAAAABzJyE8AAAAAHMnITzxSBk+AAAAAPra4jsAAAAAAAAAAIUCDT/62uI7AAAAAAAAAACFAg0/AAAAAIUCDT/62uI7AAAAAPra4jsAAAAAAAAAAIUCDT/62uI7AAAAAAAAAACFAg0/AAAAAIUCDT/62uI7AAAAAPFIGT4AAAAAAAAAAIUCDT/xSBk+AAAAAAAAAACFAg0/AAAAAIUCDT/xSBk+AAAAAPFIGT4AAAAAAAAAAIUCDT/xSBk+AAAAAAAAAACFAg0/AAAAAIUCDT/xSBk+AAAAPwAAAD8AAAA/AAAAPwAAAL8AAAA/AAAAPwAAAD8AAAA/AAAAPwAAAD8AAAC/AAAAPwAAAL8AAAA/AAAAPwAAAL8AAAC/AAAAPwAAAD8AAAC/AAAAPwAAAL8AAAC/AAAAvwAAAD8AAAC/AAAAvwAAAL8AAAC/AAAAvwAAAD8AAAC/AAAAvwAAAD8AAAA/AAAAvwAAAL8AAAC/AAAAvwAAAL8AAAA/AAAAvwAAAD8AAAA/AAAAvwAAAL8AAAA/AAAAPwAAAD8AAAC/AAAAvwAAAD8AAAC/AAAAPwAAAD8AAAA/AAAAvwAAAD8AAAA/AAAAPwAAAL8AAAA/AAAAvwAAAL8AAAA/AAAAPwAAAL8AAAC/AAAAvwAAAL8AAAC/AAAAPwAAAD8AAAA/AAAAPwAAAL8AAAA/AAAAPwAAAD8AAAC/AAAAPwAAAL8AAAA/AAAAPwAAAL8AAAC/AAAAPwAAAD8AAAC/AAAAvwAAAD8AAAC/AAAAvwAAAL8AAAC/AAAAvwAAAD8AAAA/AAAAvwAAAL8AAAC/AAAAvwAAAL8AAAA/AAAAvwAAAD8AAAA/AAAAvwAAAD8AAAC/AAAAvwAAAD8AAAA/AAAAPwAAAD8AAAC/AAAAvwAAAD8AAAA/AAAAPwAAAD8AAAA/AAAAPwAAAD8AAAC/AAAAvwAAAL8AAAA/AAAAvwAAAL8AAAC/AAAAPwAAAL8AAAA/AAAAvwAAAL8AAAC/AAAAPwAAAL8AAAC/AAAAPwAAAL8AAAA/AAAAvwAAAD8AAAA/AAAAvwAAAL8AAAA/AAAAPwAAAD8AAAA/AAAAvwAAAL8AAAA/AAAAPwAAAL8AAAA/AAAAPwAAAD8AAAA/AAAAPwAAAD8AAAC/AAAAPwAAAL8AAAC/AAAAvwAAAD8AAAC/AAAAPwAAAL8AAAC/AAAAvwAAAL8AAAC/AAAAvwAAAD8AAAC/AACAPwAAAAAAAAAAAACAPwAAAAAAAAAAAACAPwAAAAAAAAAAAACAPwAAAAAAAAAAAACAPwAAAAAAAAAAAACAPwAAAAAAAAAAAACAvwAAAAAAAAAAAACAvwAAAAAAAAAAAACAvwAAAAAAAAAAAACAvwAAAAAAAAAAAACAvwAAAAAAAAAAAACAvwAAAAAAAAAAAAAAAAAAgD8AAAAAAAAAAAAAgD8AAAAAAAAAAAAAgD8AAAAAAAAAAAAAgD8AAAAAAAAAAAAAgD8AAAAAAAAAAAAAgD8AAAAAAAAAAAAAgL8AAAAAAAAAAAAAgL8AAAAAAAAAAAAAgL8AAAAAAAAAAAAAgL8AAAAAAAAAAAAAgL8AAAAAAAAAAAAAgL8AAAAAAAAAAAAAAAAAAIA/AAAAAAAAAAAAAIA/AAAAAAAAAAAAAIA/AAAAAAAAAAAAAIA/AAAAAAAAAAAAAIA/AAAAAAAAAAAAAIA/AAAAAAAAAAAAAIC/AAAAAAAAAAAAAIC/AAAAAAAAAAAAAIC/AAAAAAAAAAAAAIC/AAAAAAAAAAAAAIC/AAAAAAAAAAAAAIC/AACAPwAAgD8AAIA/AACAPwAAgD8AAIA/AACAPwAAgD8AAIA/AACAPwAAgD8AAIA/AACAPwAAgD8AAIA/AACAPwAAgD8AAIA/AACAPwAAgD8AAIA/AACAPwAAgD8AAIA/AACAPwAAgD8AAIA/AACAPwAAgD8AAIA/AACAPwAAgD8AAIA/AACAPwAAgD8AAIA/AACAPwAAgD8AAIA/AACAPwAAgD8AAIA/AACAPwAAgD8AAIA/AACAPwAAgD8AAIA/AACAPwAAgD8AAIA/AACAPwAAgD8AAIA/AACAPwAAgD8AAIA/AACAPwAAgD8AAIA/AACAPwAAgD8AAIA/AACAPwAAgD8AAIA/AACAPwAAgD8AAIA/AACAPwAAgD8AAIA/AACAPwAAgD8AAIA/AACAPwAAgD8AAIA/AACAPwAAgD8AAIA/AACAPwAAgD8AAIA/AACAPwAAgD8AAIA/AACAPwAAgD8AAIA/AACAPwAAgD8AAIA/AACAPwAAgD8AAIA/AACAPwAAgD8AAIA/AACAPwAAgD8AAIA/AACAPwAAgD8AAIA/AACAPwAAgD8AAIA/AAAAAPra4jsAAAAAAAAAAI7RgT762uI7AAAAAAAAAACO0YE+AAAAAI7RgT762uI7AAAAAPra4jsAAAAAAAAAAI7RgT762uI7AAAAAAAAAACO0YE+AAAAAI7RgT762uI7AAAAAJ++Nj4AAAAAAAAAADwJBT+fvjY+AAAAAAAAAAA8CQU/AAAAADwJBT+fvjY+AAAAAJ++Nj4AAAAAAAAAADwJBT+fvjY+AAAAAAAAAAA8CQU/AAAAADwJBT+fvjY+AAAAAPra4jsAAAAAAAAAADwJBT/62uI7AAAAAAAAAAA8CQU/AAAAADwJBT/62uI7AAAAAPra4jsAAAAAAAAAADwJBT/62uI7AAAAAAAAAAA8CQU/AAAAADwJBT/62uI7AAAAPwAAAD8AAAA/AAAAPwAAAL8AAAA/AAAAPwAAAD8AAAA/AAAAPwAAAD8AAAC/AAAAPwAAAL8AAAA/AAAAPwAAAL8AAAC/AAAAPwAAAD8AAAC/AAAAPwAAAL8AAAC/AAAAvwAAAD8AAAC/AAAAvwAAAL8AAAC/AAAAvwAAAD8AAAC/AAAAvwAAAD8AAAA/AAAAvwAAAL8AAAC/AAAAvwAAAL8AAAA/AAAAvwAAAD8AAAA/AAAAvwAAAL8AAAA/AAAAPwAAAD8AAAC/AAAAvwAAAD8AAAC/AAAAPwAAAD8AAAA/AAAAvwAAAD8AAAA/AAAAPwAAAL8AAAA/AAAAvwAAAL8AAAA/AAAAPwAAAL8AAAC/AAAAvwAAAL8AAAC/AAAAPwAAAD8AAAA/AAAAPwAAAL8AAAA/AAAAPwAAAD8AAAC/AAAAPwAAAL8AAAA/AAAAPwAAAL8AAAC/AAAAPwAAAD8AAAC/AAAAvwAAAD8AAAC/AAAAvwAAAL8AAAC/AAAAvwAAAD8AAAA/AAAAvwAAAL8AAAC/AAAAvwAAAL8AAAA/AAAAvwAAAD8AAAA/AAAAvwAAAD8AAAC/AAAAvwAAAD8AAAA/AAAAPwAAAD8AAAC/AAAAvwAAAD8AAAA/AAAAPwAAAD8AAAA/AAAAPwAAAD8AAAC/AAAAvwAAAL8AAAA/AAAAvwAAAL8AAAC/AAAAPwAAAL8AAAA/AAAAvwAAAL8AAAC/AAAAPwAAAL8AAAC/AAAAPwAAAL8AAAA/AAAAvwAAAD8AAAA/AAAAvwAAAL8AAAA/AAAAPwAAAD8AAAA/AAAAvwAAAL8AAAA/AAAAPwAAAL8AAAA/AAAAPwAAAD8AAAA/AAAAPwAAAD8AAAC/AAAAPwAAAL8AAAC/AAAAvwAAAD8AAAC/AAAAPwAAAL8AAAC/AAAAvwAAAL8AAAC/AAAAvwAAAD8AAAC/AACAPwAAAAAAAAAAAACAPwAAAAAAAAAAAACAPwAAAAAAAAAAAACAPwAAAAAAAAAAAACAPwAAAAAAAAAAAACAPwAAAAAAAAAAAACAvwAAAAAAAAAAAACAvwAAAAAAAAAAAACAvwAAAAAAAAAAAACAvwAAAAAAAAAAAACAvwAAAAAAAAAAAACAvwAAAAAAAAAAAAAAAAAAgD8AAAAAAAAAAAAAgD8AAAAAAAAAAAAAgD8AAAAAAAAAAAAAgD8AAAAAAAAAAAAAgD8AAAAAAAAAAAAAgD8AAAAAAAAAAAAAgL8AAAAAAAAAAAAAgL8AAAAAAAAAAAAAgL8AAAAAAAAAAAAAgL8AAAAAAAAAAAAAgL8AAAAAAAAAAAAAgL8AAAAAAAAAAAAAAAAAAIA/AAAAAAAAAAAAAIA/AAAAAAAAAAAAAIA/AAAAAAAAAAAAAIA/AAAAAAAAAAAAAIA/AAAAAAAAAAAAAIA/AAAAAAAAAAAAAIC/AAAAAAAAAAAAAIC/AAAAAAAAAAAAAIC/AAAAAAAAAAAAAIC/AAAAAAAAAAAAAIC/AAAAAAAAAAAAAIC/AACAPwAAgD8AAIA/AACAPwAAgD8AAIA/AACAPwAAgD8AAIA/AACAPwAAgD8AAIA/AACAPwAAgD8AAIA/AACAPwAAgD8AAIA/AACAPwAAgD8AAIA/AACAPwAAgD8AAIA/AACAPwAAgD8AAIA/AACAPwAAgD8AAIA/AACAPwAAgD8AAIA/AACAPwAAgD8AAIA/AACAPwAAgD8AAIA/AACAPwAAgD8AAIA/AACAPwAAgD8AAIA/AACAPwAAgD8AAIA/AACAPwAAgD8AAIA/AACAPwAAgD8AAIA/AACAPwAAgD8AAIA/AACAPwAAgD8AAIA/AACAPwAAgD8AAIA/AACAPwAAgD8AAIA/AACAPwAAgD8AAIA/AACAPwAAgD8AAIA/AACAPwAAgD8AAIA/AACAPwAAgD8AAIA/AACAPwAAgD8AAIA/AACAPwAAgD8AAIA/AACAPwAAgD8AAIA/AACAPwAAgD8AAIA/AACAPwAAgD8AAIA/AACAPwAAgD8AAIA/AACAPwAAgD8AAIA/AACAPwAAgD8AAIA/AACAPwAAgD8AAIA/AACAPwAAgD8AAIA/AAAAAHenAT4AAAAAAAAAAAbkiz53pwE+AAAAAAAAAAAG5Is+AAAAAAbkiz53pwE+AAAAAHenAT4AAAAAAAAAAAbkiz53pwE+AAAAAAAAAAAG5Is+AAAAAAbkiz53pwE+AAAAAE/sRD4AAAAAAAAAAHMnITxP7EQ+AAAAAAAAAABzJyE8AAAAAHMnITxP7EQ+AAAAAE/sRD4AAAAAAAAAAHMnITxP7EQ+AAAAAAAAAABzJyE8AAAAAHMnITxP7EQ+AAAAAHenAT4AAAAAAAAAAHMnITx3pwE+AAAAAAAAAABzJyE8AAAAAHMnITx3pwE+AAAAAHenAT4AAAAAAAAAAHMnITx3pwE+AAAAAAAAAABzJyE8AAAAAHMnITx3pwE+AAAAPwAAAD8AAAA/AAAAPwAAAL8AAAA/AAAAPwAAAD8AAAA/AAAAPwAAAD8AAAC/AAAAPwAAAL8AAAA/AAAAPwAAAL8AAAC/AAAAPwAAAD8AAAC/AAAAPwAAAL8AAAC/AAAAvwAAAD8AAAC/AAAAvwAAAL8AAAC/AAAAvwAAAD8AAAC/AAAAvwAAAD8AAAA/AAAAvwAAAL8AAAC/AAAAvwAAAL8AAAA/AAAAvwAAAD8AAAA/AAAAvwAAAL8AAAA/AAAAPwAAAD8AAAC/AAAAvwAAAD8AAAC/AAAAPwAAAD8AAAA/AAAAvwAAAD8AAAA/AAAAPwAAAL8AAAA/AAAAvwAAAL8AAAA/AAAAPwAAAL8AAAC/AAAAvwAAAL8AAAC/AAAAPwAAAD8AAAA/AAAAPwAAAL8AAAA/AAAAPwAAAD8AAAC/AAAAPwAAAL8AAAA/AAAAPwAAAL8AAAC/AAAAPwAAAD8AAAC/AAAAvwAAAD8AAAC/AAAAvwAAAL8AAAC/AAAAvwAAAD8AAAA/AAAAvwAAAL8AAAC/AAAAvwAAAL8AAAA/AAAAvwAAAD8AAAA/AAAAvwAAAD8AAAC/AAAAvwAAAD8AAAA/AAAAPwAAAD8AAAC/AAAAvwAAAD8AAAA/AAAAPwAAAD8AAAA/AAAAPwAAAD8AAAC/AAAAvwAAAL8AAAA/AAAAvwAAAL8AAAC/AAAAPwAAAL8AAAA/AAAAvwAAAL8AAAC/AAAAPwAAAL8AAAC/AAAAPwAAAL8AAAA/AAAAvwAAAD8AAAA/AAAAvwAAAL8AAAA/AAAAPwAAAD8AAAA/AAAAvwAAAL8AAAA/AAAAPwAAAL8AAAA/AAAAPwAAAD8AAAA/AAAAPwAAAD8AAAC/AAAAPwAAAL8AAAC/AAAAvwAAAD8AAAC/AAAAPwAAAL8AAAC/AAAAvwAAAL8AAAC/AAAAvwAAAD8AAAC/AACAPwAAAAAAAAAAAACAPwAAAAAAAAAAAACAPwAAAAAAAAAAAACAPwAAAAAAAAAAAACAPwAAAAAAAAAAAACAPwAAAAAAAAAAAACAvwAAAAAAAAAAAACAvwAAAAAAAAAAAACAvwAAAAAAAAAAAACAvwAAAAAAAAAAAACAvwAAAAAAAAAAAACAvwAAAAAAAAAAAAAAAAAAgD8AAAAAAAAAAAAAgD8AAAAAAAAAAAAAgD8AAAAAAAAAAAAAgD8AAAAAAAAAAAAAgD8AAAAAAAAAAAAAgD8AAAAAAAAAAAAAgL8AAAAAAAAAAAAAgL8AAAAAAAAAAAAAgL8AAAAAAAAAAAAAgL8AAAAAAAAAAAAAgL8AAAAAAAAAAAAAgL8AAAAAAAAAAAAAAAAAAIA/AAAAAAAAAAAAAIA/AAAAAAAAAAAAAIA/AAAAAAAAAAAAAIA/AAAAAAAAAAAAAIA/AAAAAAAAAAAAAIA/AAAAAAAAAAAAAIC/AAAAAAAAAAAAAIC/AAAAAAAAAAAAAIC/AAAAAAAAAAAAAIC/AAAAAAAAAAAAAIC/AAAAAAAAAAAAAIC/AACAPwAAgD8AAIA/AACAPwAAgD8AAIA/AACAPwAAgD8AAIA/AACAPwAAgD8AAIA/AACAPwAAgD8AAIA/AACAPwAAgD8AAIA/AACAPwAAgD8AAIA/AACAPwAAgD8AAIA/AACAPwAAgD8AAIA/AACAPwAAgD8AAIA/AACAPwAAgD8AAIA/AACAPwAAgD8AAIA/AACAPwAAgD8AAIA/AACAPwAAgD8AAIA/AACAPwAAgD8AAIA/AACAPwAAgD8AAIA/AACAPwAAgD8AAIA/AACAPwAAgD8AAIA/AACAPwAAgD8AAIA/AACAPwAAgD8AAIA/AACAPwAAgD8AAIA/AACAPwAAgD8AAIA/AACAPwAAgD8AAIA/AACAPwAAgD8AAIA/AACAPwAAgD8AAIA/AACAPwAAgD8AAIA/AACAPwAAgD8AAIA/AACAPwAAgD8AAIA/AACAPwAAgD8AAIA/AACAPwAAgD8AAIA/AACAPwAAgD8AAIA/AACAPwAAgD8AAIA/AACAPwAAgD8AAIA/AACAPwAAgD8AAIA/AACAPwAAgD8AAIA/AACAPwAAgD8AAIA/AAAAAHenAT4AAAAAAAAAAAbkiz53pwE+AAAAAAAAAAAG5Is+AAAAAAbkiz53pwE+AAAAAHenAT4AAAAAAAAAAAbkiz53pwE+AAAAAAAAAAAG5Is+AAAAAAbkiz53pwE+AAAAAE/sRD4AAAAAAAAAAHMnITxP7EQ+AAAAAAAAAABzJyE8AAAAAHMnITxP7EQ+AAAAAE/sRD4AAAAAAAAAAHMnITxP7EQ+AAAAAAAAAABzJyE8AAAAAHMnITxP7EQ+AAAAAHenAT4AAAAAAAAAAHMnITx3pwE+AAAAAAAAAABzJyE8AAAAAHMnITx3pwE+AAAAAHenAT4AAAAAAAAAAHMnITx3pwE+AAAAAAAAAABzJyE8AAAAAHMnITx3pwE+AAAAPwAAAD8AAAA/AAAAPwAAAL8AAAA/AAAAPwAAAD8AAAA/AAAAPwAAAD8AAAC/AAAAPwAAAL8AAAA/AAAAPwAAAL8AAAC/AAAAPwAAAD8AAAC/AAAAPwAAAL8AAAC/AAAAvwAAAD8AAAC/AAAAvwAAAL8AAAC/AAAAvwAAAD8AAAC/AAAAvwAAAD8AAAA/AAAAvwAAAL8AAAC/AAAAvwAAAL8AAAA/AAAAvwAAAD8AAAA/AAAAvwAAAL8AAAA/AAAAPwAAAD8AAAC/AAAAvwAAAD8AAAC/AAAAPwAAAD8AAAA/AAAAvwAAAD8AAAA/AAAAPwAAAL8AAAA/AAAAvwAAAL8AAAA/AAAAPwAAAL8AAAC/AAAAvwAAAL8AAAC/AAAAPwAAAD8AAAA/AAAAPwAAAL8AAAA/AAAAPwAAAD8AAAC/AAAAPwAAAL8AAAA/AAAAPwAAAL8AAAC/AAAAPwAAAD8AAAC/AAAAvwAAAD8AAAC/AAAAvwAAAL8AAAC/AAAAvwAAAD8AAAA/AAAAvwAAAL8AAAC/AAAAvwAAAL8AAAA/AAAAvwAAAD8AAAA/AAAAvwAAAD8AAAC/AAAAvwAAAD8AAAA/AAAAPwAAAD8AAAC/AAAAvwAAAD8AAAA/AAAAPwAAAD8AAAA/AAAAPwAAAD8AAAC/AAAAvwAAAL8AAAA/AAAAvwAAAL8AAAC/AAAAPwAAAL8AAAA/AAAAvwAAAL8AAAC/AAAAPwAAAL8AAAC/AAAAPwAAAL8AAAA/AAAAvwAAAD8AAAA/AAAAvwAAAL8AAAA/AAAAPwAAAD8AAAA/AAAAvwAAAL8AAAA/AAAAPwAAAL8AAAA/AAAAPwAAAD8AAAA/AAAAPwAAAD8AAAC/AAAAPwAAAL8AAAC/AAAAvwAAAD8AAAC/AAAAPwAAAL8AAAC/AAAAvwAAAL8AAAC/AAAAvwAAAD8AAAC/AACAPwAAAAAAAAAAAACAPwAAAAAAAAAAAACAPwAAAAAAAAAAAACAPwAAAAAAAAAAAACAPwAAAAAAAAAAAACAPwAAAAAAAAAAAACAvwAAAAAAAAAAAACAvwAAAAAAAAAAAACAvwAAAAAAAAAAAACAvwAAAAAAAAAAAACAvwAAAAAAAAAAAACAvwAAAAAAAAAAAAAAAAAAgD8AAAAAAAAAAAAAgD8AAAAAAAAAAAAAgD8AAAAAAAAAAAAAgD8AAAAAAAAAAAAAgD8AAAAAAAAAAAAAgD8AAAAAAAAAAAAAgL8AAAAAAAAAAAAAgL8AAAAAAAAAAAAAgL8AAAAAAAAAAAAAgL8AAAAAAAAAAAAAgL8AAAAAAAAAAAAAgL8AAAAAAAAAAAAAAAAAAIA/AAAAAAAAAAAAAIA/AAAAAAAAAAAAAIA/AAAAAAAAAAAAAIA/AAAAAAAAAAAAAIA/AAAAAAAAAAAAAIA/AAAAAAAAAAAAAIC/AAAAAAAAAAAAAIC/AAAAAAAAAAAAAIC/AAAAAAAAAAAAAIC/AAAAAAAAAAAAAIC/AAAAAAAAAAAAAIC/AACAPwAAgD8AAIA/AACAPwAAgD8AAIA/AACAPwAAgD8AAIA/AACAPwAAgD8AAIA/AACAPwAAgD8AAIA/AACAPwAAgD8AAIA/AACAPwAAgD8AAIA/AACAPwAAgD8AAIA/AACAPwAAgD8AAIA/AACAPwAAgD8AAIA/AACAPwAAgD8AAIA/AACAPwAAgD8AAIA/AACAPwAAgD8AAIA/AACAPwAAgD8AAIA/AACAPwAAgD8AAIA/AACAPwAAgD8AAIA/AACAPwAAgD8AAIA/AACAPwAAgD8AAIA/AACAPwAAgD8AAIA/AACAPwAAgD8AAIA/AACAPwAAgD8AAIA/AACAPwAAgD8AAIA/AACAPwAAgD8AAIA/AACAPwAAgD8AAIA/AACAPwAAgD8AAIA/AACAPwAAgD8AAIA/AACAPwAAgD8AAIA/AACAPwAAgD8AAIA/AACAPwAAgD8AAIA/AACAPwAAgD8AAIA/AACAPwAAgD8AAIA/AACAPwAAgD8AAIA/AACAPwAAgD8AAIA/AACAPwAAgD8AAIA/AACAPwAAgD8AAIA/AACAPwAAgD8AAIA/AAAAAHenAT4AAAAAAAAAAHMnITx3pwE+AAAAAAAAAABzJyE8AAAAAHMnITx3pwE+AAAAAHenAT4AAAAAAAAAAHMnITx3pwE+AAAAAAAAAABzJyE8AAAAAHMnITx3pwE+AAAAAPra4jsAAAAAAAAAADwJBT/62uI7AAAAAAAAAAA8CQU/AAAAADwJBT/62uI7AAAAAPra4jsAAAAAAAAAADwJBT/62uI7AAAAAAAAAAA8CQU/AAAAADwJBT/62uI7AAAAAHenAT4AAAAAAAAAADwJBT93pwE+AAAAAAAAAAA8CQU/AAAAADwJBT93pwE+AAAAAHenAT4AAAAAAAAAADwJBT93pwE+AAAAAAAAAAA8CQU/AAAAADwJBT93pwE+AAAAPwAAAD8AAAA/AAAAPwAAAL8AAAA/AAAAPwAAAD8AAAA/AAAAPwAAAD8AAAC/AAAAPwAAAL8AAAA/AAAAPwAAAL8AAAC/AAAAPwAAAD8AAAC/AAAAPwAAAL8AAAC/AAAAvwAAAD8AAAC/AAAAvwAAAL8AAAC/AAAAvwAAAD8AAAC/AAAAvwAAAD8AAAA/AAAAvwAAAL8AAAC/AAAAvwAAAL8AAAA/AAAAvwAAAD8AAAA/AAAAvwAAAL8AAAA/AAAAPwAAAD8AAAC/AAAAvwAAAD8AAAC/AAAAPwAAAD8AAAA/AAAAvwAAAD8AAAA/AAAAPwAAAL8AAAA/AAAAvwAAAL8AAAA/AAAAPwAAAL8AAAC/AAAAvwAAAL8AAAC/AAAAPwAAAD8AAAA/AAAAPwAAAL8AAAA/AAAAPwAAAD8AAAC/AAAAPwAAAL8AAAA/AAAAPwAAAL8AAAC/AAAAPwAAAD8AAAC/AAAAvwAAAD8AAAC/AAAAvwAAAL8AAAC/AAAAvwAAAD8AAAA/AAAAvwAAAL8AAAC/AAAAvwAAAL8AAAA/AAAAvwAAAD8AAAA/AAAAvwAAAD8AAAC/AAAAvwAAAD8AAAA/AAAAPwAAAD8AAAC/AAAAvwAAAD8AAAA/AAAAPwAAAD8AAAA/AAAAPwAAAD8AAAC/AAAAvwAAAL8AAAA/AAAAvwAAAL8AAAC/AAAAPwAAAL8AAAA/AAAAvwAAAL8AAAC/AAAAPwAAAL8AAAC/AAAAPwAAAL8AAAA/AAAAvwAAAD8AAAA/AAAAvwAAAL8AAAA/AAAAPwAAAD8AAAA/AAAAvwAAAL8AAAA/AAAAPwAAAL8AAAA/AAAAPwAAAD8AAAA/AAAAPwAAAD8AAAC/AAAAPwAAAL8AAAC/AAAAvwAAAD8AAAC/AAAAPwAAAL8AAAC/AAAAvwAAAL8AAAC/AAAAvwAAAD8AAAC/AACAPwAAAAAAAAAAAACAPwAAAAAAAAAAAACAPwAAAAAAAAAAAACAPwAAAAAAAAAAAACAPwAAAAAAAAAAAACAPwAAAAAAAAAAAACAvwAAAAAAAAAAAACAvwAAAAAAAAAAAACAvwAAAAAAAAAAAACAvwAAAAAAAAAAAACAvwAAAAAAAAAAAACAvwAAAAAAAAAAAAAAAAAAgD8AAAAAAAAAAAAAgD8AAAAAAAAAAAAAgD8AAAAAAAAAAAAAgD8AAAAAAAAAAAAAgD8AAAAAAAAAAAAAgD8AAAAAAAAAAAAAgL8AAAAAAAAAAAAAgL8AAAAAAAAAAAAAgL8AAAAAAAAAAAAAgL8AAAAAAAAAAAAAgL8AAAAAAAAAAAAAgL8AAAAAAAAAAAAAAAAAAIA/AAAAAAAAAAAAAIA/AAAAAAAAAAAAAIA/AAAAAAAAAAAAAIA/AAAAAAAAAAAAAIA/AAAAAAAAAAAAAIA/AAAAAAAAAAAAAIC/AAAAAAAAAAAAAIC/AAAAAAAAAAAAAIC/AAAAAAAAAAAAAIC/AAAAAAAAAAAAAIC/AAAAAAAAAAAAAIC/AACAPwAAgD8AAIA/AACAPwAAgD8AAIA/AACAPwAAgD8AAIA/AACAPwAAgD8AAIA/AACAPwAAgD8AAIA/AACAPwAAgD8AAIA/AACAPwAAgD8AAIA/AACAPwAAgD8AAIA/AACAPwAAgD8AAIA/AACAPwAAgD8AAIA/AACAPwAAgD8AAIA/AACAPwAAgD8AAIA/AACAPwAAgD8AAIA/AACAPwAAgD8AAIA/AACAPwAAgD8AAIA/AACAPwAAgD8AAIA/AACAPwAAgD8AAIA/AACAPwAAgD8AAIA/AACAPwAAgD8AAIA/AACAPwAAgD8AAIA/AACAPwAAgD8AAIA/AACAPwAAgD8AAIA/AACAPwAAgD8AAIA/AACAPwAAgD8AAIA/AACAPwAAgD8AAIA/AACAPwAAgD8AAIA/AACAPwAAgD8AAIA/AACAPwAAgD8AAIA/AACAPwAAgD8AAIA/AACAPwAAgD8AAIA/AACAPwAAgD8AAIA/AACAPwAAgD8AAIA/AACAPwAAgD8AAIA/AACAPwAAgD8AAIA/AACAPwAAgD8AAIA/AACAPwAAgD8AAIA/AAAAAHenAT4AAAAAAAAAAHMnITx3pwE+AAAAAAAAAABzJyE8AAAAAHMnITx3pwE+AAAAAHenAT4AAAAAAAAAAHMnITx3pwE+AAAAAAAAAABzJyE8AAAAAHMnITx3pwE+AAAAAPra4jsAAAAAAAAAADwJBT/62uI7AAAAAAAAAAA8CQU/AAAAADwJBT/62uI7AAAAAPra4jsAAAAAAAAAADwJBT/62uI7AAAAAAAAAAA8CQU/AAAAADwJBT/62uI7AAAAAHenAT4AAAAAAAAAADwJBT93pwE+AAAAAAAAAAA8CQU/AAAAADwJBT93pwE+AAAAAHenAT4AAAAAAAAAADwJBT93pwE+AAAAAAAAAAA8CQU/AAAAADwJBT93pwE+AAAAPwAAAD8AAAA/AAAAPwAAAL8AAAA/AAAAPwAAAD8AAAA/AAAAPwAAAD8AAAC/AAAAPwAAAL8AAAA/AAAAPwAAAL8AAAC/AAAAPwAAAD8AAAC/AAAAPwAAAL8AAAC/AAAAvwAAAD8AAAC/AAAAvwAAAL8AAAC/AAAAvwAAAD8AAAC/AAAAvwAAAD8AAAA/AAAAvwAAAL8AAAC/AAAAvwAAAL8AAAA/AAAAvwAAAD8AAAA/AAAAvwAAAL8AAAA/AAAAPwAAAD8AAAC/AAAAvwAAAD8AAAC/AAAAPwAAAD8AAAA/AAAAvwAAAD8AAAA/AAAAPwAAAL8AAAA/AAAAvwAAAL8AAAA/AAAAPwAAAL8AAAC/AAAAvwAAAL8AAAC/AAAAPwAAAD8AAAA/AAAAPwAAAL8AAAA/AAAAPwAAAD8AAAC/AAAAPwAAAL8AAAA/AAAAPwAAAL8AAAC/AAAAPwAAAD8AAAC/AAAAvwAAAD8AAAC/AAAAvwAAAL8AAAC/AAAAvwAAAD8AAAA/AAAAvwAAAL8AAAC/AAAAvwAAAL8AAAA/AAAAvwAAAD8AAAA/AAAAvwAAAD8AAAC/AAAAvwAAAD8AAAA/AAAAPwAAAD8AAAC/AAAAvwAAAD8AAAA/AAAAPwAAAD8AAAA/AAAAPwAAAD8AAAC/AAAAvwAAAL8AAAA/AAAAvwAAAL8AAAC/AAAAPwAAAL8AAAA/AAAAvwAAAL8AAAC/AAAAPwAAAL8AAAC/AAAAPwAAAL8AAAA/AAAAvwAAAD8AAAA/AAAAvwAAAL8AAAA/AAAAPwAAAD8AAAA/AAAAvwAAAL8AAAA/AAAAPwAAAL8AAAA/AAAAPwAAAD8AAAA/AAAAPwAAAD8AAAC/AAAAPwAAAL8AAAC/AAAAvwAAAD8AAAC/AAAAPwAAAL8AAAC/AAAAvwAAAL8AAAC/AAAAvwAAAD8AAAC/AACAPwAAAAAAAAAAAACAPwAAAAAAAAAAAACAPwAAAAAAAAAAAACAPwAAAAAAAAAAAACAPwAAAAAAAAAAAACAPwAAAAAAAAAAAACAvwAAAAAAAAAAAACAvwAAAAAAAAAAAACAvwAAAAAAAAAAAACAvwAAAAAAAAAAAACAvwAAAAAAAAAAAACAvwAAAAAAAAAAAAAAAAAAgD8AAAAAAAAAAAAAgD8AAAAAAAAAAAAAgD8AAAAAAAAAAAAAgD8AAAAAAAAAAAAAgD8AAAAAAAAAAAAAgD8AAAAAAAAAAAAAgL8AAAAAAAAAAAAAgL8AAAAAAAAAAAAAgL8AAAAAAAAAAAAAgL8AAAAAAAAAAAAAgL8AAAAAAAAAAAAAgL8AAAAAAAAAAAAAAAAAAIA/AAAAAAAAAAAAAIA/AAAAAAAAAAAAAIA/AAAAAAAAAAAAAIA/AAAAAAAAAAAAAIA/AAAAAAAAAAAAAIA/AAAAAAAAAAAAAIC/AAAAAAAAAAAAAIC/AAAAAAAAAAAAAIC/AAAAAAAAAAAAAIC/AAAAAAAAAAAAAIC/AAAAAAAAAAAAAIC/AACAPwAAgD8AAIA/AACAPwAAgD8AAIA/AACAPwAAgD8AAIA/AACAPwAAgD8AAIA/AACAPwAAgD8AAIA/AACAPwAAgD8AAIA/AACAPwAAgD8AAIA/AACAPwAAgD8AAIA/AACAPwAAgD8AAIA/AACAPwAAgD8AAIA/AACAPwAAgD8AAIA/AACAPwAAgD8AAIA/AACAPwAAgD8AAIA/AACAPwAAgD8AAIA/AACAPwAAgD8AAIA/AACAPwAAgD8AAIA/AACAPwAAgD8AAIA/AACAPwAAgD8AAIA/AACAPwAAgD8AAIA/AACAPwAAgD8AAIA/AACAPwAAgD8AAIA/AACAPwAAgD8AAIA/AACAPwAAgD8AAIA/AACAPwAAgD8AAIA/AACAPwAAgD8AAIA/AACAPwAAgD8AAIA/AACAPwAAgD8AAIA/AACAPwAAgD8AAIA/AACAPwAAgD8AAIA/AACAPwAAgD8AAIA/AACAPwAAgD8AAIA/AACAPwAAgD8AAIA/AACAPwAAgD8AAIA/AACAPwAAgD8AAIA/AACAPwAAgD8AAIA/AACAPwAAgD8AAIA/AAAAAPFIGT4AAAAAAAAAAHMnITzxSBk+AAAAAAAAAABzJyE8AAAAAHMnITzxSBk+AAAAAPFIGT4AAAAAAAAAAHMnITzxSBk+AAAAAAAAAABzJyE8AAAAAHMnITzxSBk+AAAAAPra4jsAAAAAAAAAAIUCDT/62uI7AAAAAAAAAACFAg0/AAAAAIUCDT/62uI7AAAAAPra4jsAAAAAAAAAAIUCDT/62uI7AAAAAAAAAACFAg0/AAAAAIUCDT/62uI7AAAAAPFIGT4AAAAAAAAAAIUCDT/xSBk+AAAAAAAAAACFAg0/AAAAAIUCDT/xSBk+AAAAAPFIGT4AAAAAAAAAAIUCDT/xSBk+AAAAAAAAAACFAg0/AAAAAIUCDT/xSBk+AAAAPwAAAD8AAAA/AAAAPwAAAL8AAAA/AAAAPwAAAD8AAAA/AAAAPwAAAD8AAAC/AAAAPwAAAL8AAAA/AAAAPwAAAL8AAAC/AAAAPwAAAD8AAAC/AAAAPwAAAL8AAAC/AAAAvwAAAD8AAAC/AAAAvwAAAL8AAAC/AAAAvwAAAD8AAAC/AAAAvwAAAD8AAAA/AAAAvwAAAL8AAAC/AAAAvwAAAL8AAAA/AAAAvwAAAD8AAAA/AAAAvwAAAL8AAAA/AAAAPwAAAD8AAAC/AAAAvwAAAD8AAAC/AAAAPwAAAD8AAAA/AAAAvwAAAD8AAAA/AAAAPwAAAL8AAAA/AAAAvwAAAL8AAAA/AAAAPwAAAL8AAAC/AAAAvwAAAL8AAAC/AAAAPwAAAD8AAAA/AAAAPwAAAL8AAAA/AAAAPwAAAD8AAAC/AAAAPwAAAL8AAAA/AAAAPwAAAL8AAAC/AAAAPwAAAD8AAAC/AAAAvwAAAD8AAAC/AAAAvwAAAL8AAAC/AAAAvwAAAD8AAAA/AAAAvwAAAL8AAAC/AAAAvwAAAL8AAAA/AAAAvwAAAD8AAAA/AAAAvwAAAD8AAAC/AAAAvwAAAD8AAAA/AAAAPwAAAD8AAAC/AAAAvwAAAD8AAAA/AAAAPwAAAD8AAAA/AAAAPwAAAD8AAAC/AAAAvwAAAL8AAAA/AAAAvwAAAL8AAAC/AAAAPwAAAL8AAAA/AAAAvwAAAL8AAAC/AAAAPwAAAL8AAAC/AAAAPwAAAL8AAAA/AAAAvwAAAD8AAAA/AAAAvwAAAL8AAAA/AAAAPwAAAD8AAAA/AAAAvwAAAL8AAAA/AAAAPwAAAL8AAAA/AAAAPwAAAD8AAAA/AAAAPwAAAD8AAAC/AAAAPwAAAL8AAAC/AAAAvwAAAD8AAAC/AAAAPwAAAL8AAAC/AAAAvwAAAL8AAAC/AAAAvwAAAD8AAAC/AACAPwAAAAAAAAAAAACAPwAAAAAAAAAAAACAPwAAAAAAAAAAAACAPwAAAAAAAAAAAACAPwAAAAAAAAAAAACAPwAAAAAAAAAAAACAvwAAAAAAAAAAAACAvwAAAAAAAAAAAACAvwAAAAAAAAAAAACAvwAAAAAAAAAAAACAvwAAAAAAAAAAAACAvwAAAAAAAAAAAAAAAAAAgD8AAAAAAAAAAAAAgD8AAAAAAAAAAAAAgD8AAAAAAAAAAAAAgD8AAAAAAAAAAAAAgD8AAAAAAAAAAAAAgD8AAAAAAAAAAAAAgL8AAAAAAAAAAAAAgL8AAAAAAAAAAAAAgL8AAAAAAAAAAAAAgL8AAAAAAAAAAAAAgL8AAAAAAAAAAAAAgL8AAAAAAAAAAAAAAAAAAIA/AAAAAAAAAAAAAIA/AAAAAAAAAAAAAIA/AAAAAAAAAAAAAIA/AAAAAAAAAAAAAIA/AAAAAAAAAAAAAIA/AAAAAAAAAAAAAIC/AAAAAAAAAAAAAIC/AAAAAAAAAAAAAIC/AAAAAAAAAAAAAIC/AAAAAAAAAAAAAIC/AAAAAAAAAAAAAIC/AACAPwAAgD8AAIA/AACAPwAAgD8AAIA/AACAPwAAgD8AAIA/AACAPwAAgD8AAIA/AACAPwAAgD8AAIA/AACAPwAAgD8AAIA/AACAPwAAgD8AAIA/AACAPwAAgD8AAIA/AACAPwAAgD8AAIA/AACAPwAAgD8AAIA/AACAPwAAgD8AAIA/AACAPwAAgD8AAIA/AACAPwAAgD8AAIA/AACAPwAAgD8AAIA/AACAPwAAgD8AAIA/AACAPwAAgD8AAIA/AACAPwAAgD8AAIA/AACAPwAAgD8AAIA/AACAPwAAgD8AAIA/AACAPwAAgD8AAIA/AACAPwAAgD8AAIA/AACAPwAAgD8AAIA/AACAPwAAgD8AAIA/AACAPwAAgD8AAIA/AACAPwAAgD8AAIA/AACAPwAAgD8AAIA/AACAPwAAgD8AAIA/AACAPwAAgD8AAIA/AACAPwAAgD8AAIA/AACAPwAAgD8AAIA/AACAPwAAgD8AAIA/AACAPwAAgD8AAIA/AACAPwAAgD8AAIA/AACAPwAAgD8AAIA/AACAPwAAgD8AAIA/AACAPwAAgD8AAIA/AAAAAPra4jsAAAAAAAAAAI7RgT762uI7AAAAAAAAAACO0YE+AAAAAI7RgT762uI7AAAAAPra4jsAAAAAAAAAAI7RgT762uI7AAAAAAAAAACO0YE+AAAAAI7RgT762uI7AAAAAJ++Nj4AAAAAAAAAADwJBT+fvjY+AAAAAAAAAAA8CQU/AAAAADwJBT+fvjY+AAAAAJ++Nj4AAAAAAAAAADwJBT+fvjY+AAAAAAAAAAA8CQU/AAAAADwJBT+fvjY+AAAAAPra4jsAAAAAAAAAADwJBT/62uI7AAAAAAAAAAA8CQU/AAAAADwJBT/62uI7AAAAAPra4jsAAAAAAAAAADwJBT/62uI7AAAAAAAAAAA8CQU/AAAAADwJBT/62uI7AAAAPwAAAD8AAAA/AAAAPwAAAL8AAAA/AAAAPwAAAD8AAAA/AAAAPwAAAD8AAAC/AAAAPwAAAL8AAAA/AAAAPwAAAL8AAAC/AAAAPwAAAD8AAAC/AAAAPwAAAL8AAAC/AAAAvwAAAD8AAAC/AAAAvwAAAL8AAAC/AAAAvwAAAD8AAAC/AAAAvwAAAD8AAAA/AAAAvwAAAL8AAAC/AAAAvwAAAL8AAAA/AAAAvwAAAD8AAAA/AAAAvwAAAL8AAAA/AAAAPwAAAD8AAAC/AAAAvwAAAD8AAAC/AAAAPwAAAD8AAAA/AAAAvwAAAD8AAAA/AAAAPwAAAL8AAAA/AAAAvwAAAL8AAAA/AAAAPwAAAL8AAAC/AAAAvwAAAL8AAAC/AAAAPwAAAD8AAAA/AAAAPwAAAL8AAAA/AAAAPwAAAD8AAAC/AAAAPwAAAL8AAAA/AAAAPwAAAL8AAAC/AAAAPwAAAD8AAAC/AAAAvwAAAD8AAAC/AAAAvwAAAL8AAAC/AAAAvwAAAD8AAAA/AAAAvwAAAL8AAAC/AAAAvwAAAL8AAAA/AAAAvwAAAD8AAAA/AAAAvwAAAD8AAAC/AAAAvwAAAD8AAAA/AAAAPwAAAD8AAAC/AAAAvwAAAD8AAAA/AAAAPwAAAD8AAAA/AAAAPwAAAD8AAAC/AAAAvwAAAL8AAAA/AAAAvwAAAL8AAAC/AAAAPwAAAL8AAAA/AAAAvwAAAL8AAAC/AAAAPwAAAL8AAAC/AAAAPwAAAL8AAAA/AAAAvwAAAD8AAAA/AAAAvwAAAL8AAAA/AAAAPwAAAD8AAAA/AAAAvwAAAL8AAAA/AAAAPwAAAL8AAAA/AAAAPwAAAD8AAAA/AAAAPwAAAD8AAAC/AAAAPwAAAL8AAAC/AAAAvwAAAD8AAAC/AAAAPwAAAL8AAAC/AAAAvwAAAL8AAAC/AAAAvwAAAD8AAAC/AACAPwAAAAAAAAAAAACAPwAAAAAAAAAAAACAPwAAAAAAAAAAAACAPwAAAAAAAAAAAACAPwAAAAAAAAAAAACAPwAAAAAAAAAAAACAvwAAAAAAAAAAAACAvwAAAAAAAAAAAACAvwAAAAAAAAAAAACAvwAAAAAAAAAAAACAvwAAAAAAAAAAAACAvwAAAAAAAAAAAAAAAAAAgD8AAAAAAAAAAAAAgD8AAAAAAAAAAAAAgD8AAAAAAAAAAAAAgD8AAAAAAAAAAAAAgD8AAAAAAAAAAAAAgD8AAAAAAAAAAAAAgL8AAAAAAAAAAAAAgL8AAAAAAAAAAAAAgL8AAAAAAAAAAAAAgL8AAAAAAAAAAAAAgL8AAAAAAAAAAAAAgL8AAAAAAAAAAAAAAAAAAIA/AAAAAAAAAAAAAIA/AAAAAAAAAAAAAIA/AAAAAAAAAAAAAIA/AAAAAAAAAAAAAIA/AAAAAAAAAAAAAIA/AAAAAAAAAAAAAIC/AAAAAAAAAAAAAIC/AAAAAAAAAAAAAIC/AAAAAAAAAAAAAIC/AAAAAAAAAAAAAIC/AAAAAAAAAAAAAIC/AACAPwAAgD8AAIA/AACAPwAAgD8AAIA/AACAPwAAgD8AAIA/AACAPwAAgD8AAIA/AACAPwAAgD8AAIA/AACAPwAAgD8AAIA/AACAPwAAgD8AAIA/AACAPwAAgD8AAIA/AACAPwAAgD8AAIA/AACAPwAAgD8AAIA/AACAPwAAgD8AAIA/AACAPwAAgD8AAIA/AACAPwAAgD8AAIA/AACAPwAAgD8AAIA/AACAPwAAgD8AAIA/AACAPwAAgD8AAIA/AACAPwAAgD8AAIA/AACAPwAAgD8AAIA/AACAPwAAgD8AAIA/AACAPwAAgD8AAIA/AACAPwAAgD8AAIA/AACAPwAAgD8AAIA/AACAPwAAgD8AAIA/AACAPwAAgD8AAIA/AACAPwAAgD8AAIA/AACAPwAAgD8AAIA/AACAPwAAgD8AAIA/AACAPwAAgD8AAIA/AACAPwAAgD8AAIA/AACAPwAAgD8AAIA/AACAPwAAgD8AAIA/AACAPwAAgD8AAIA/AACAPwAAgD8AAIA/AACAPwAAgD8AAIA/AACAPwAAgD8AAIA/AACAPwAAgD8AAIA/AAAAAHenAT4AAAAAAAAAAAbkiz53pwE+AAAAAAAAAAAG5Is+AAAAAAbkiz53pwE+AAAAAHenAT4AAAAAAAAAAAbkiz53pwE+AAAAAAAAAAAG5Is+AAAAAAbkiz53pwE+AAAAAE/sRD4AAAAAAAAAAHMnITxP7EQ+AAAAAAAAAABzJyE8AAAAAHMnITxP7EQ+AAAAAE/sRD4AAAAAAAAAAHMnITxP7EQ+AAAAAAAAAABzJyE8AAAAAHMnITxP7EQ+AAAAAHenAT4AAAAAAAAAAHMnITx3pwE+AAAAAAAAAABzJyE8AAAAAHMnITx3pwE+AAAAAHenAT4AAAAAAAAAAHMnITx3pwE+AAAAAAAAAABzJyE8AAAAAHMnITx3pwE+AAAAPwAAAD8AAAA/AAAAPwAAAL8AAAA/AAAAPwAAAD8AAAA/AAAAPwAAAD8AAAC/AAAAPwAAAL8AAAA/AAAAPwAAAL8AAAC/AAAAPwAAAD8AAAC/AAAAPwAAAL8AAAC/AAAAvwAAAD8AAAC/AAAAvwAAAL8AAAC/AAAAvwAAAD8AAAC/AAAAvwAAAD8AAAA/AAAAvwAAAL8AAAC/AAAAvwAAAL8AAAA/AAAAvwAAAD8AAAA/AAAAvwAAAL8AAAA/AAAAPwAAAD8AAAC/AAAAvwAAAD8AAAC/AAAAPwAAAD8AAAA/AAAAvwAAAD8AAAA/AAAAPwAAAL8AAAA/AAAAvwAAAL8AAAA/AAAAPwAAAL8AAAC/AAAAvwAAAL8AAAC/AAAAPwAAAD8AAAA/AAAAPwAAAL8AAAA/AAAAPwAAAD8AAAC/AAAAPwAAAL8AAAA/AAAAPwAAAL8AAAC/AAAAPwAAAD8AAAC/AAAAvwAAAD8AAAC/AAAAvwAAAL8AAAC/AAAAvwAAAD8AAAA/AAAAvwAAAL8AAAC/AAAAvwAAAL8AAAA/AAAAvwAAAD8AAAA/AAAAvwAAAD8AAAC/AAAAvwAAAD8AAAA/AAAAPwAAAD8AAAC/AAAAvwAAAD8AAAA/AAAAPwAAAD8AAAA/AAAAPwAAAD8AAAC/AAAAvwAAAL8AAAA/AAAAvwAAAL8AAAC/AAAAPwAAAL8AAAA/AAAAvwAAAL8AAAC/AAAAPwAAAL8AAAC/AAAAPwAAAL8AAAA/AAAAvwAAAD8AAAA/AAAAvwAAAL8AAAA/AAAAPwAAAD8AAAA/AAAAvwAAAL8AAAA/AAAAPwAAAL8AAAA/AAAAPwAAAD8AAAA/AAAAPwAAAD8AAAC/AAAAPwAAAL8AAAC/AAAAvwAAAD8AAAC/AAAAPwAAAL8AAAC/AAAAvwAAAL8AAAC/AAAAvwAAAD8AAAC/AACAPwAAAAAAAAAAAACAPwAAAAAAAAAAAACAPwAAAAAAAAAAAACAPwAAAAAAAAAAAACAPwAAAAAAAAAAAACAPwAAAAAAAAAAAACAvwAAAAAAAAAAAACAvwAAAAAAAAAAAACAvwAAAAAAAAAAAACAvwAAAAAAAAAAAACAvwAAAAAAAAAAAACAvwAAAAAAAAAAAAAAAAAAgD8AAAAAAAAAAAAAgD8AAAAAAAAAAAAAgD8AAAAAAAAAAAAAgD8AAAAAAAAAAAAAgD8AAAAAAAAAAAAAgD8AAAAAAAAAAAAAgL8AAAAAAAAAAAAAgL8AAAAAAAAAAAAAgL8AAAAAAAAAAAAAgL8AAAAAAAAAAAAAgL8AAAAAAAAAAAAAgL8AAAAAAAAAAAAAAAAAAIA/AAAAAAAAAAAAAIA/AAAAAAAAAAAAAIA/AAAAAAAAAAAAAIA/AAAAAAAAAAAAAIA/AAAAAAAAAAAAAIA/AAAAAAAAAAAAAIC/AAAAAAAAAAAAAIC/AAAAAAAAAAAAAIC/AAAAAAAAAAAAAIC/AAAAAAAAAAAAAIC/AAAAAAAAAAAAAIC/AACAPwAAgD8AAIA/AACAPwAAgD8AAIA/AACAPwAAgD8AAIA/AACAPwAAgD8AAIA/AACAPwAAgD8AAIA/AACAPwAAgD8AAIA/AACAPwAAgD8AAIA/AACAPwAAgD8AAIA/AACAPwAAgD8AAIA/AACAPwAAgD8AAIA/AACAPwAAgD8AAIA/AACAPwAAgD8AAIA/AACAPwAAgD8AAIA/AACAPwAAgD8AAIA/AACAPwAAgD8AAIA/AACAPwAAgD8AAIA/AACAPwAAgD8AAIA/AACAPwAAgD8AAIA/AACAPwAAgD8AAIA/AACAPwAAgD8AAIA/AACAPwAAgD8AAIA/AACAPwAAgD8AAIA/AACAPwAAgD8AAIA/AACAPwAAgD8AAIA/AACAPwAAgD8AAIA/AACAPwAAgD8AAIA/AACAPwAAgD8AAIA/AACAPwAAgD8AAIA/AACAPwAAgD8AAIA/AACAPwAAgD8AAIA/AACAPwAAgD8AAIA/AACAPwAAgD8AAIA/AACAPwAAgD8AAIA/AACAPwAAgD8AAIA/AACAPwAAgD8AAIA/AACAPwAAgD8AAIA/AAAAAHenAT4AAAAAAAAAAAbkiz53pwE+AAAAAAAAAAAG5Is+AAAAAAbkiz53pwE+AAAAAHenAT4AAAAAAAAAAAbkiz53pwE+AAAAAAAAAAAG5Is+AAAAAAbkiz53pwE+AAAAAE/sRD4AAAAAAAAAAHMnITxP7EQ+AAAAAAAAAABzJyE8AAAAAHMnITxP7EQ+AAAAAE/sRD4AAAAAAAAAAHMnITxP7EQ+AAAAAAAAAABzJyE8AAAAAHMnITxP7EQ+AAAAAHenAT4AAAAAAAAAAHMnITx3pwE+AAAAAAAAAABzJyE8AAAAAHMnITx3pwE+AAAAAHenAT4AAAAAAAAAAHMnITx3pwE+AAAAAAAAAABzJyE8AAAAAHMnITx3pwE+AAAAPwAAAD8AAAA/AAAAPwAAAL8AAAA/AAAAPwAAAD8AAAA/AAAAPwAAAD8AAAC/AAAAPwAAAL8AAAA/AAAAPwAAAL8AAAC/AAAAPwAAAD8AAAC/AAAAPwAAAL8AAAC/AAAAvwAAAD8AAAC/AAAAvwAAAL8AAAC/AAAAvwAAAD8AAAC/AAAAvwAAAD8AAAA/AAAAvwAAAL8AAAC/AAAAvwAAAL8AAAA/AAAAvwAAAD8AAAA/AAAAvwAAAL8AAAA/AAAAPwAAAD8AAAC/AAAAvwAAAD8AAAC/AAAAPwAAAD8AAAA/AAAAvwAAAD8AAAA/AAAAPwAAAL8AAAA/AAAAvwAAAL8AAAA/AAAAPwAAAL8AAAC/AAAAvwAAAL8AAAC/AAAAPwAAAD8AAAA/AAAAPwAAAL8AAAA/AAAAPwAAAD8AAAC/AAAAPwAAAL8AAAA/AAAAPwAAAL8AAAC/AAAAPwAAAD8AAAC/AAAAvwAAAD8AAAC/AAAAvwAAAL8AAAC/AAAAvwAAAD8AAAA/AAAAvwAAAL8AAAC/AAAAvwAAAL8AAAA/AAAAvwAAAD8AAAA/AAAAvwAAAD8AAAC/AAAAvwAAAD8AAAA/AAAAPwAAAD8AAAC/AAAAvwAAAD8AAAA/AAAAPwAAAD8AAAA/AAAAPwAAAD8AAAC/AAAAvwAAAL8AAAA/AAAAvwAAAL8AAAC/AAAAPwAAAL8AAAA/AAAAvwAAAL8AAAC/AAAAPwAAAL8AAAC/AAAAPwAAAL8AAAA/AAAAvwAAAD8AAAA/AAAAvwAAAL8AAAA/AAAAPwAAAD8AAAA/AAAAvwAAAL8AAAA/AAAAPwAAAL8AAAA/AAAAPwAAAD8AAAA/AAAAPwAAAD8AAAC/AAAAPwAAAL8AAAC/AAAAvwAAAD8AAAC/AAAAPwAAAL8AAAC/AAAAvwAAAL8AAAC/AAAAvwAAAD8AAAC/AACAPwAAAAAAAAAAAACAPwAAAAAAAAAAAACAPwAAAAAAAAAAAACAPwAAAAAAAAAAAACAPwAAAAAAAAAAAACAPwAAAAAAAAAAAACAvwAAAAAAAAAAAACAvwAAAAAAAAAAAACAvwAAAAAAAAAAAACAvwAAAAAAAAAAAACAvwAAAAAAAAAAAACAvwAAAAAAAAAAAAAAAAAAgD8AAAAAAAAAAAAAgD8AAAAAAAAAAAAAgD8AAAAAAAAAAAAAgD8AAAAAAAAAAAAAgD8AAAAAAAAAAAAAgD8AAAAAAAAAAAAAgL8AAAAAAAAAAAAAgL8AAAAAAAAAAAAAgL8AAAAAAAAAAAAAgL8AAAAAAAAAAAAAgL8AAAAAAAAAAAAAgL8AAAAAAAAAAAAAAAAAAIA/AAAAAAAAAAAAAIA/AAAAAAAAAAAAAIA/AAAAAAAAAAAAAIA/AAAAAAAAAAAAAIA/AAAAAAAAAAAAAIA/AAAAAAAAAAAAAIC/AAAAAAAAAAAAAIC/AAAAAAAAAAAAAIC/AAAAAAAAAAAAAIC/AAAAAAAAAAAAAIC/AAAAAAAAAAAAAIC/AACAPwAAgD8AAIA/AACAPwAAgD8AAIA/AACAPwAAgD8AAIA/AACAPwAAgD8AAIA/AACAPwAAgD8AAIA/AACAPwAAgD8AAIA/AACAPwAAgD8AAIA/AACAPwAAgD8AAIA/AACAPwAAgD8AAIA/AACAPwAAgD8AAIA/AACAPwAAgD8AAIA/AACAPwAAgD8AAIA/AACAPwAAgD8AAIA/AACAPwAAgD8AAIA/AACAPwAAgD8AAIA/AACAPwAAgD8AAIA/AACAPwAAgD8AAIA/AACAPwAAgD8AAIA/AACAPwAAgD8AAIA/AACAPwAAgD8AAIA/AACAPwAAgD8AAIA/AACAPwAAgD8AAIA/AACAPwAAgD8AAIA/AACAPwAAgD8AAIA/AACAPwAAgD8AAIA/AACAPwAAgD8AAIA/AACAPwAAgD8AAIA/AACAPwAAgD8AAIA/AACAPwAAgD8AAIA/AACAPwAAgD8AAIA/AACAPwAAgD8AAIA/AACAPwAAgD8AAIA/AACAPwAAgD8AAIA/AACAPwAAgD8AAIA/AACAPwAAgD8AAIA/AACAPwAAgD8AAIA/AAAAAHenAT4AAAAAAAAAAHMnITx3pwE+AAAAAAAAAABzJyE8AAAAAHMnITx3pwE+AAAAAHenAT4AAAAAAAAAAHMnITx3pwE+AAAAAAAAAABzJyE8AAAAAHMnITx3pwE+AAAAAPra4jsAAAAAAAAAADwJBT/62uI7AAAAAAAAAAA8CQU/AAAAADwJBT/62uI7AAAAAPra4jsAAAAAAAAAADwJBT/62uI7AAAAAAAAAAA8CQU/AAAAADwJBT/62uI7AAAAAHenAT4AAAAAAAAAADwJBT93pwE+AAAAAAAAAAA8CQU/AAAAADwJBT93pwE+AAAAAHenAT4AAAAAAAAAADwJBT93pwE+AAAAAAAAAAA8CQU/AAAAADwJBT93pwE+AAAAPwAAAD8AAAA/AAAAPwAAAL8AAAA/AAAAPwAAAD8AAAA/AAAAPwAAAD8AAAC/AAAAPwAAAL8AAAA/AAAAPwAAAL8AAAC/AAAAPwAAAD8AAAC/AAAAPwAAAL8AAAC/AAAAvwAAAD8AAAC/AAAAvwAAAL8AAAC/AAAAvwAAAD8AAAC/AAAAvwAAAD8AAAA/AAAAvwAAAL8AAAC/AAAAvwAAAL8AAAA/AAAAvwAAAD8AAAA/AAAAvwAAAL8AAAA/AAAAPwAAAD8AAAC/AAAAvwAAAD8AAAC/AAAAPwAAAD8AAAA/AAAAvwAAAD8AAAA/AAAAPwAAAL8AAAA/AAAAvwAAAL8AAAA/AAAAPwAAAL8AAAC/AAAAvwAAAL8AAAC/AAAAPwAAAD8AAAA/AAAAPwAAAL8AAAA/AAAAPwAAAD8AAAC/AAAAPwAAAL8AAAA/AAAAPwAAAL8AAAC/AAAAPwAAAD8AAAC/AAAAvwAAAD8AAAC/AAAAvwAAAL8AAAC/AAAAvwAAAD8AAAA/AAAAvwAAAL8AAAC/AAAAvwAAAL8AAAA/AAAAvwAAAD8AAAA/AAAAvwAAAD8AAAC/AAAAvwAAAD8AAAA/AAAAPwAAAD8AAAC/AAAAvwAAAD8AAAA/AAAAPwAAAD8AAAA/AAAAPwAAAD8AAAC/AAAAvwAAAL8AAAA/AAAAvwAAAL8AAAC/AAAAPwAAAL8AAAA/AAAAvwAAAL8AAAC/AAAAPwAAAL8AAAC/AAAAPwAAAL8AAAA/AAAAvwAAAD8AAAA/AAAAvwAAAL8AAAA/AAAAPwAAAD8AAAA/AAAAvwAAAL8AAAA/AAAAPwAAAL8AAAA/AAAAPwAAAD8AAAA/AAAAPwAAAD8AAAC/AAAAPwAAAL8AAAC/AAAAvwAAAD8AAAC/AAAAPwAAAL8AAAC/AAAAvwAAAL8AAAC/AAAAvwAAAD8AAAC/AACAPwAAAAAAAAAAAACAPwAAAAAAAAAAAACAPwAAAAAAAAAAAACAPwAAAAAAAAAAAACAPwAAAAAAAAAAAACAPwAAAAAAAAAAAACAvwAAAAAAAAAAAACAvwAAAAAAAAAAAACAvwAAAAAAAAAAAACAvwAAAAAAAAAAAACAvwAAAAAAAAAAAACAvwAAAAAAAAAAAAAAAAAAgD8AAAAAAAAAAAAAgD8AAAAAAAAAAAAAgD8AAAAAAAAAAAAAgD8AAAAAAAAAAAAAgD8AAAAAAAAAAAAAgD8AAAAAAAAAAAAAgL8AAAAAAAAAAAAAgL8AAAAAAAAAAAAAgL8AAAAAAAAAAAAAgL8AAAAAAAAAAAAAgL8AAAAAAAAAAAAAgL8AAAAAAAAAAAAAAAAAAIA/AAAAAAAAAAAAAIA/AAAAAAAAAAAAAIA/AAAAAAAAAAAAAIA/AAAAAAAAAAAAAIA/AAAAAAAAAAAAAIA/AAAAAAAAAAAAAIC/AAAAAAAAAAAAAIC/AAAAAAAAAAAAAIC/AAAAAAAAAAAAAIC/AAAAAAAAAAAAAIC/AAAAAAAAAAAAAIC/AACAPwAAgD8AAIA/AACAPwAAgD8AAIA/AACAPwAAgD8AAIA/AACAPwAAgD8AAIA/AACAPwAAgD8AAIA/AACAPwAAgD8AAIA/AACAPwAAgD8AAIA/AACAPwAAgD8AAIA/AACAPwAAgD8AAIA/AACAPwAAgD8AAIA/AACAPwAAgD8AAIA/AACAPwAAgD8AAIA/AACAPwAAgD8AAIA/AACAPwAAgD8AAIA/AACAPwAAgD8AAIA/AACAPwAAgD8AAIA/AACAPwAAgD8AAIA/AACAPwAAgD8AAIA/AACAPwAAgD8AAIA/AACAPwAAgD8AAIA/AACAPwAAgD8AAIA/AACAPwAAgD8AAIA/AACAPwAAgD8AAIA/AACAPwAAgD8AAIA/AACAPwAAgD8AAIA/AACAPwAAgD8AAIA/AACAPwAAgD8AAIA/AACAPwAAgD8AAIA/AACAPwAAgD8AAIA/AACAPwAAgD8AAIA/AACAPwAAgD8AAIA/AACAPwAAgD8AAIA/AACAPwAAgD8AAIA/AACAPwAAgD8AAIA/AACAPwAAgD8AAIA/AACAPwAAgD8AAIA/AAAAAHenAT4AAAAAAAAAAHMnITx3pwE+AAAAAAAAAABzJyE8AAAAAHMnITx3pwE+AAAAAHenAT4AAAAAAAAAAHMnITx3pwE+AAAAAAAAAABzJyE8AAAAAHMnITx3pwE+AAAAAPra4jsAAAAAAAAAADwJBT/62uI7AAAAAAAAAAA8CQU/AAAAADwJBT/62uI7AAAAAPra4jsAAAAAAAAAADwJBT/62uI7AAAAAAAAAAA8CQU/AAAAADwJBT/62uI7AAAAAHenAT4AAAAAAAAAADwJBT93pwE+AAAAAAAAAAA8CQU/AAAAADwJBT93pwE+AAAAAHenAT4AAAAAAAAAADwJBT93pwE+AAAAAAAAAAA8CQU/AAAAADwJBT93pwE+AAAAPwAAAD8AAAA/AAAAPwAAAL8AAAA/AAAAPwAAAD8AAAA/AAAAPwAAAD8AAAC/AAAAPwAAAL8AAAA/AAAAPwAAAL8AAAC/AAAAPwAAAD8AAAC/AAAAPwAAAL8AAAC/AAAAvwAAAD8AAAC/AAAAvwAAAL8AAAC/AAAAvwAAAD8AAAC/AAAAvwAAAD8AAAA/AAAAvwAAAL8AAAC/AAAAvwAAAL8AAAA/AAAAvwAAAD8AAAA/AAAAvwAAAL8AAAA/AAAAPwAAAD8AAAC/AAAAvwAAAD8AAAC/AAAAPwAAAD8AAAA/AAAAvwAAAD8AAAA/AAAAPwAAAL8AAAA/AAAAvwAAAL8AAAA/AAAAPwAAAL8AAAC/AAAAvwAAAL8AAAC/AAAAPwAAAD8AAAA/AAAAPwAAAL8AAAA/AAAAPwAAAD8AAAC/AAAAPwAAAL8AAAA/AAAAPwAAAL8AAAC/AAAAPwAAAD8AAAC/AAAAvwAAAD8AAAC/AAAAvwAAAL8AAAC/AAAAvwAAAD8AAAA/AAAAvwAAAL8AAAC/AAAAvwAAAL8AAAA/AAAAvwAAAD8AAAA/AAAAvwAAAD8AAAC/AAAAvwAAAD8AAAA/AAAAPwAAAD8AAAC/AAAAvwAAAD8AAAA/AAAAPwAAAD8AAAA/AAAAPwAAAD8AAAC/AAAAvwAAAL8AAAA/AAAAvwAAAL8AAAC/AAAAPwAAAL8AAAA/AAAAvwAAAL8AAAC/AAAAPwAAAL8AAAC/AAAAPwAAAL8AAAA/AAAAvwAAAD8AAAA/AAAAvwAAAL8AAAA/AAAAPwAAAD8AAAA/AAAAvwAAAL8AAAA/AAAAPwAAAL8AAAA/AAAAPwAAAD8AAAA/AAAAPwAAAD8AAAC/AAAAPwAAAL8AAAC/AAAAvwAAAD8AAAC/AAAAPwAAAL8AAAC/AAAAvwAAAL8AAAC/AAAAvwAAAD8AAAC/AACAPwAAAAAAAAAAAACAPwAAAAAAAAAAAACAPwAAAAAAAAAAAACAPwAAAAAAAAAAAACAPwAAAAAAAAAAAACAPwAAAAAAAAAAAACAvwAAAAAAAAAAAACAvwAAAAAAAAAAAACAvwAAAAAAAAAAAACAvwAAAAAAAAAAAACAvwAAAAAAAAAAAACAvwAAAAAAAAAAAAAAAAAAgD8AAAAAAAAAAAAAgD8AAAAAAAAAAAAAgD8AAAAAAAAAAAAAgD8AAAAAAAAAAAAAgD8AAAAAAAAAAAAAgD8AAAAAAAAAAAAAgL8AAAAAAAAAAAAAgL8AAAAAAAAAAAAAgL8AAAAAAAAAAAAAgL8AAAAAAAAAAAAAgL8AAAAAAAAAAAAAgL8AAAAAAAAAAAAAAAAAAIA/AAAAAAAAAAAAAIA/AAAAAAAAAAAAAIA/AAAAAAAAAAAAAIA/AAAAAAAAAAAAAIA/AAAAAAAAAAAAAIA/AAAAAAAAAAAAAIC/AAAAAAAAAAAAAIC/AAAAAAAAAAAAAIC/AAAAAAAAAAAAAIC/AAAAAAAAAAAAAIC/AAAAAAAAAAAAAIC/AACAPwAAgD8AAIA/AACAPwAAgD8AAIA/AACAPwAAgD8AAIA/AACAPwAAgD8AAIA/AACAPwAAgD8AAIA/AACAPwAAgD8AAIA/AACAPwAAgD8AAIA/AACAPwAAgD8AAIA/AACAPwAAgD8AAIA/AACAPwAAgD8AAIA/AACAPwAAgD8AAIA/AACAPwAAgD8AAIA/AACAPwAAgD8AAIA/AACAPwAAgD8AAIA/AACAPwAAgD8AAIA/AACAPwAAgD8AAIA/AACAPwAAgD8AAIA/AACAPwAAgD8AAIA/AACAPwAAgD8AAIA/AACAPwAAgD8AAIA/AACAPwAAgD8AAIA/AACAPwAAgD8AAIA/AACAPwAAgD8AAIA/AACAPwAAgD8AAIA/AACAPwAAgD8AAIA/AACAPwAAgD8AAIA/AACAPwAAgD8AAIA/AACAPwAAgD8AAIA/AACAPwAAgD8AAIA/AACAPwAAgD8AAIA/AACAPwAAgD8AAIA/AACAPwAAgD8AAIA/AACAPwAAgD8AAIA/AACAPwAAgD8AAIA/AACAPwAAgD8AAIA/AACAPwAAgD8AAIA/AAAAAE/sRD8AAAAAAAAAAG3epz5P7EQ/AAAAAAAAAABt3qc+AAAAAG3epz5P7EQ/AAAAAE/sRD8AAAAAAAAAAG3epz5P7EQ/AAAAAAAAAABt3qc+AAAAAG3epz5P7EQ/AAAAAMVObD4AAAAAAAAAAHMnITzFTmw+AAAAAAAAAABzJyE8AAAAAHMnITzFTmw+AAAAAMVObD4AAAAAAAAAAHMnITzFTmw+AAAAAAAAAABzJyE8AAAAAHMnITzFTmw+AAAAAE/sRD8AAAAAAAAAAHMnITxP7EQ/AAAAAAAAAABzJyE8AAAAAHMnITxP7EQ/AAAAAE/sRD8AAAAAAAAAAHMnITxP7EQ/AAAAAAAAAABzJyE8AAAAAHMnITxP7EQ/AAAAPwAAAD8AAAA/AAAAPwAAAL8AAAA/AAAAPwAAAD8AAAA/AAAAPwAAAD8AAAC/AAAAPwAAAL8AAAA/AAAAPwAAAL8AAAC/AAAAPwAAAD8AAAC/AAAAPwAAAL8AAAC/AAAAvwAAAD8AAAC/AAAAvwAAAL8AAAC/AAAAvwAAAD8AAAC/AAAAvwAAAD8AAAA/AAAAvwAAAL8AAAC/AAAAvwAAAL8AAAA/AAAAvwAAAD8AAAA/AAAAvwAAAL8AAAA/AAAAPwAAAD8AAAC/AAAAvwAAAD8AAAC/AAAAPwAAAD8AAAA/AAAAvwAAAD8AAAA/AAAAPwAAAL8AAAA/AAAAvwAAAL8AAAA/AAAAPwAAAL8AAAC/AAAAvwAAAL8AAAC/AAAAPwAAAD8AAAA/AAAAPwAAAL8AAAA/AAAAPwAAAD8AAAC/AAAAPwAAAL8AAAA/AAAAPwAAAL8AAAC/AAAAPwAAAD8AAAC/AAAAvwAAAD8AAAC/AAAAvwAAAL8AAAC/AAAAvwAAAD8AAAA/AAAAvwAAAL8AAAC/AAAAvwAAAL8AAAA/AAAAvwAAAD8AAAA/AAAAvwAAAD8AAAC/AAAAvwAAAD8AAAA/AAAAPwAAAD8AAAC/AAAAvwAAAD8AAAA/AAAAPwAAAD8AAAA/AAAAPwAAAD8AAAC/AAAAvwAAAL8AAAA/AAAAvwAAAL8AAAC/AAAAPwAAAL8AAAA/AAAAvwAAAL8AAAC/AAAAPwAAAL8AAAC/AAAAPwAAAL8AAAA/AAAAvwAAAD8AAAA/AAAAvwAAAL8AAAA/AAAAPwAAAD8AAAA/AAAAvwAAAL8AAAA/AAAAPwAAAL8AAAA/AAAAPwAAAD8AAAA/AAAAPwAAAD8AAAC/AAAAPwAAAL8AAAC/AAAAvwAAAD8AAAC/AAAAPwAAAL8AAAC/AAAAvwAAAL8AAAC/AAAAvwAAAD8AAAC/AACAPwAAAAAAAAAAAACAPwAAAAAAAAAAAACAPwAAAAAAAAAAAACAPwAAAAAAAAAAAACAPwAAAAAAAAAAAACAPwAAAAAAAAAAAACAvwAAAAAAAAAAAACAvwAAAAAAAAAAAACAvwAAAAAAAAAAAACAvwAAAAAAAAAAAACAvwAAAAAAAAAAAACAvwAAAAAAAAAAAAAAAAAAgD8AAAAAAAAAAAAAgD8AAAAAAAAAAAAAgD8AAAAAAAAAAAAAgD8AAAAAAAAAAAAAgD8AAAAAAAAAAAAAgD8AAAAAAAAAAAAAgL8AAAAAAAAAAAAAgL8AAAAAAAAAAAAAgL8AAAAAAAAAAAAAgL8AAAAAAAAAAAAAgL8AAAAAAAAAAAAAgL8AAAAAAAAAAAAAAAAAAIA/AAAAAAAAAAAAAIA/AAAAAAAAAAAAAIA/AAAAAAAAAAAAAIA/AAAAAAAAAAAAAIA/AAAAAAAAAAAAAIA/AAAAAAAAAAAAAIC/AAAAAAAAAAAAAIC/AAAAAAAAAAAAAIC/AAAAAAAAAAAAAIC/AAAAAAAAAAAAAIC/AAAAAAAAAAAAAIC/AACAPwAAgD8AAIA/AACAPwAAgD8AAIA/AACAPwAAgD8AAIA/AACAPwAAgD8AAIA/AACAPwAAgD8AAIA/AACAPwAAgD8AAIA/AACAPwAAgD8AAIA/AACAPwAAgD8AAIA/AACAPwAAgD8AAIA/AACAPwAAgD8AAIA/AACAPwAAgD8AAIA/AACAPwAAgD8AAIA/AACAPwAAgD8AAIA/AACAPwAAgD8AAIA/AACAPwAAgD8AAIA/AACAPwAAgD8AAIA/AACAPwAAgD8AAIA/AACAPwAAgD8AAIA/AACAPwAAgD8AAIA/AACAPwAAgD8AAIA/AACAPwAAgD8AAIA/AACAPwAAgD8AAIA/AACAPwAAgD8AAIA/AACAPwAAgD8AAIA/AACAPwAAgD8AAIA/AACAPwAAgD8AAIA/AACAPwAAgD8AAIA/AACAPwAAgD8AAIA/AACAPwAAgD8AAIA/AACAPwAAgD8AAIA/AACAPwAAgD8AAIA/AACAPwAAgD8AAIA/AACAPwAAgD8AAIA/AACAPwAAgD8AAIA/AACAPwAAgD8AAIA/AACAPwAAgD8AAIA/AAAAAE/sRD8AAAAAAAAAAG3epz5P7EQ/AAAAAAAAAABt3qc+AAAAAG3epz5P7EQ/AAAAAE/sRD8AAAAAAAAAAG3epz5P7EQ/AAAAAAAAAABt3qc+AAAAAG3epz5P7EQ/AAAAAMVObD4AAAAAAAAAAHMnITzFTmw+AAAAAAAAAABzJyE8AAAAAHMnITzFTmw+AAAAAMVObD4AAAAAAAAAAHMnITzFTmw+AAAAAAAAAABzJyE8AAAAAHMnITzFTmw+AAAAAE/sRD8AAAAAAAAAAHMnITxP7EQ/AAAAAAAAAABzJyE8AAAAAHMnITxP7EQ/AAAAAE/sRD8AAAAAAAAAAHMnITxP7EQ/AAAAAAAAAABzJyE8AAAAAHMnITxP7EQ/AAAAPwAAAD8AAAA/AAAAPwAAAL8AAAA/AAAAPwAAAD8AAAA/AAAAPwAAAD8AAAC/AAAAPwAAAL8AAAA/AAAAPwAAAL8AAAC/AAAAPwAAAD8AAAC/AAAAPwAAAL8AAAC/AAAAvwAAAD8AAAC/AAAAvwAAAL8AAAC/AAAAvwAAAD8AAAC/AAAAvwAAAD8AAAA/AAAAvwAAAL8AAAC/AAAAvwAAAL8AAAA/AAAAvwAAAD8AAAA/AAAAvwAAAL8AAAA/AAAAPwAAAD8AAAC/AAAAvwAAAD8AAAC/AAAAPwAAAD8AAAA/AAAAvwAAAD8AAAA/AAAAPwAAAL8AAAA/AAAAvwAAAL8AAAA/AAAAPwAAAL8AAAC/AAAAvwAAAL8AAAC/AAAAPwAAAD8AAAA/AAAAPwAAAL8AAAA/AAAAPwAAAD8AAAC/AAAAPwAAAL8AAAA/AAAAPwAAAL8AAAC/AAAAPwAAAD8AAAC/AAAAvwAAAD8AAAC/AAAAvwAAAL8AAAC/AAAAvwAAAD8AAAA/AAAAvwAAAL8AAAC/AAAAvwAAAL8AAAA/AAAAvwAAAD8AAAA/AAAAvwAAAD8AAAC/AAAAvwAAAD8AAAA/AAAAPwAAAD8AAAC/AAAAvwAAAD8AAAA/AAAAPwAAAD8AAAA/AAAAPwAAAD8AAAC/AAAAvwAAAL8AAAA/AAAAvwAAAL8AAAC/AAAAPwAAAL8AAAA/AAAAvwAAAL8AAAC/AAAAPwAAAL8AAAC/AAAAPwAAAL8AAAA/AAAAvwAAAD8AAAA/AAAAvwAAAL8AAAA/AAAAPwAAAD8AAAA/AAAAvwAAAL8AAAA/AAAAPwAAAL8AAAA/AAAAPwAAAD8AAAA/AAAAPwAAAD8AAAC/AAAAPwAAAL8AAAC/AAAAvwAAAD8AAAC/AAAAPwAAAL8AAAC/AAAAvwAAAL8AAAC/AAAAvwAAAD8AAAC/AACAPwAAAAAAAAAAAACAPwAAAAAAAAAAAACAPwAAAAAAAAAAAACAPwAAAAAAAAAAAACAPwAAAAAAAAAAAACAPwAAAAAAAAAAAACAvwAAAAAAAAAAAACAvwAAAAAAAAAAAACAvwAAAAAAAAAAAACAvwAAAAAAAAAAAACAvwAAAAAAAAAAAACAvwAAAAAAAAAAAAAAAAAAgD8AAAAAAAAAAAAAgD8AAAAAAAAAAAAAgD8AAAAAAAAAAAAAgD8AAAAAAAAAAAAAgD8AAAAAAAAAAAAAgD8AAAAAAAAAAAAAgL8AAAAAAAAAAAAAgL8AAAAAAAAAAAAAgL8AAAAAAAAAAAAAgL8AAAAAAAAAAAAAgL8AAAAAAAAAAAAAgL8AAAAAAAAAAAAAAAAAAIA/AAAAAAAAAAAAAIA/AAAAAAAAAAAAAIA/AAAAAAAAAAAAAIA/AAAAAAAAAAAAAIA/AAAAAAAAAAAAAIA/AAAAAAAAAAAAAIC/AAAAAAAAAAAAAIC/AAAAAAAAAAAAAIC/AAAAAAAAAAAAAIC/AAAAAAAAAAAAAIC/AAAAAAAAAAAAAIC/AACAPwAAgD8AAIA/AACAPwAAgD8AAIA/AACAPwAAgD8AAIA/AACAPwAAgD8AAIA/AACAPwAAgD8AAIA/AACAPwAAgD8AAIA/AACAPwAAgD8AAIA/AACAPwAAgD8AAIA/AACAPwAAgD8AAIA/AACAPwAAgD8AAIA/AACAPwAAgD8AAIA/AACAPwAAgD8AAIA/AACAPwAAgD8AAIA/AACAPwAAgD8AAIA/AACAPwAAgD8AAIA/AACAPwAAgD8AAIA/AACAPwAAgD8AAIA/AACAPwAAgD8AAIA/AACAPwAAgD8AAIA/AACAPwAAgD8AAIA/AACAPwAAgD8AAIA/AACAPwAAgD8AAIA/AACAPwAAgD8AAIA/AACAPwAAgD8AAIA/AACAPwAAgD8AAIA/AACAPwAAgD8AAIA/AACAPwAAgD8AAIA/AACAPwAAgD8AAIA/AACAPwAAgD8AAIA/AACAPwAAgD8AAIA/AACAPwAAgD8AAIA/AACAPwAAgD8AAIA/AACAPwAAgD8AAIA/AACAPwAAgD8AAIA/AACAPwAAgD8AAIA/AACAPwAAgD8AAIA/AAAAAPra4jsAAAAAAAAAAG3epz762uI7AAAAAAAAAABt3qc+AAAAAG3epz762uI7AAAAAPra4jsAAAAAAAAAAG3epz762uI7AAAAAAAAAABt3qc+AAAAAG3epz762uI7AAAAAMVObD4AAAAAAAAAAGtRzz/FTmw+AAAAAAAAAABrUc8/AAAAAGtRzz/FTmw+AAAAAMVObD4AAAAAAAAAAGtRzz/FTmw+AAAAAAAAAABrUc8/AAAAAGtRzz/FTmw+AAAAAPra4jsAAAAAAAAAAGtRzz/62uI7AAAAAAAAAABrUc8/AAAAAGtRzz/62uI7AAAAAPra4jsAAAAAAAAAAGtRzz/62uI7AAAAAAAAAABrUc8/AAAAAGtRzz/62uI7AAAAPwAAAD8AAAA/AAAAPwAAAL8AAAA/AAAAPwAAAD8AAAA/AAAAPwAAAD8AAAC/AAAAPwAAAL8AAAA/AAAAPwAAAL8AAAC/AAAAPwAAAD8AAAC/AAAAPwAAAL8AAAC/AAAAvwAAAD8AAAC/AAAAvwAAAL8AAAC/AAAAvwAAAD8AAAC/AAAAvwAAAD8AAAA/AAAAvwAAAL8AAAC/AAAAvwAAAL8AAAA/AAAAvwAAAD8AAAA/AAAAvwAAAL8AAAA/AAAAPwAAAD8AAAC/AAAAvwAAAD8AAAC/AAAAPwAAAD8AAAA/AAAAvwAAAD8AAAA/AAAAPwAAAL8AAAA/AAAAvwAAAL8AAAA/AAAAPwAAAL8AAAC/AAAAvwAAAL8AAAC/AAAAPwAAAD8AAAA/AAAAPwAAAL8AAAA/AAAAPwAAAD8AAAC/AAAAPwAAAL8AAAA/AAAAPwAAAL8AAAC/AAAAPwAAAD8AAAC/AAAAvwAAAD8AAAC/AAAAvwAAAL8AAAC/AAAAvwAAAD8AAAA/AAAAvwAAAL8AAAC/AAAAvwAAAL8AAAA/AAAAvwAAAD8AAAA/AAAAvwAAAD8AAAC/AAAAvwAAAD8AAAA/AAAAPwAAAD8AAAC/AAAAvwAAAD8AAAA/AAAAPwAAAD8AAAA/AAAAPwAAAD8AAAC/AAAAvwAAAL8AAAA/AAAAvwAAAL8AAAC/AAAAPwAAAL8AAAA/AAAAvwAAAL8AAAC/AAAAPwAAAL8AAAC/AAAAPwAAAL8AAAA/AAAAvwAAAD8AAAA/AAAAvwAAAL8AAAA/AAAAPwAAAD8AAAA/AAAAvwAAAL8AAAA/AAAAPwAAAL8AAAA/AAAAPwAAAD8AAAA/AAAAPwAAAD8AAAC/AAAAPwAAAL8AAAC/AAAAvwAAAD8AAAC/AAAAPwAAAL8AAAC/AAAAvwAAAL8AAAC/AAAAvwAAAD8AAAC/AACAPwAAAAAAAAAAAACAPwAAAAAAAAAAAACAPwAAAAAAAAAAAACAPwAAAAAAAAAAAACAPwAAAAAAAAAAAACAPwAAAAAAAAAAAACAvwAAAAAAAAAAAACAvwAAAAAAAAAAAACAvwAAAAAAAAAAAACAvwAAAAAAAAAAAACAvwAAAAAAAAAAAACAvwAAAAAAAAAAAAAAAAAAgD8AAAAAAAAAAAAAgD8AAAAAAAAAAAAAgD8AAAAAAAAAAAAAgD8AAAAAAAAAAAAAgD8AAAAAAAAAAAAAgD8AAAAAAAAAAAAAgL8AAAAAAAAAAAAAgL8AAAAAAAAAAAAAgL8AAAAAAAAAAAAAgL8AAAAAAAAAAAAAgL8AAAAAAAAAAAAAgL8AAAAAAAAAAAAAAAAAAIA/AAAAAAAAAAAAAIA/AAAAAAAAAAAAAIA/AAAAAAAAAAAAAIA/AAAAAAAAAAAAAIA/AAAAAAAAAAAAAIA/AAAAAAAAAAAAAIC/AAAAAAAAAAAAAIC/AAAAAAAAAAAAAIC/AAAAAAAAAAAAAIC/AAAAAAAAAAAAAIC/AAAAAAAAAAAAAIC/AACAPwAAgD8AAIA/AACAPwAAgD8AAIA/AACAPwAAgD8AAIA/AACAPwAAgD8AAIA/AACAPwAAgD8AAIA/AACAPwAAgD8AAIA/AACAPwAAgD8AAIA/AACAPwAAgD8AAIA/AACAPwAAgD8AAIA/AACAPwAAgD8AAIA/AACAPwAAgD8AAIA/AACAPwAAgD8AAIA/AACAPwAAgD8AAIA/AACAPwAAgD8AAIA/AACAPwAAgD8AAIA/AACAPwAAgD8AAIA/AACAPwAAgD8AAIA/AACAPwAAgD8AAIA/AACAPwAAgD8AAIA/AACAPwAAgD8AAIA/AACAPwAAgD8AAIA/AACAPwAAgD8AAIA/AACAPwAAgD8AAIA/AACAPwAAgD8AAIA/AACAPwAAgD8AAIA/AACAPwAAgD8AAIA/AACAPwAAgD8AAIA/AACAPwAAgD8AAIA/AACAPwAAgD8AAIA/AACAPwAAgD8AAIA/AACAPwAAgD8AAIA/AACAPwAAgD8AAIA/AACAPwAAgD8AAIA/AACAPwAAgD8AAIA/AACAPwAAgD8AAIA/AACAPwAAgD8AAIA/AAAAAPra4jsAAAAAAAAAAG3epz762uI7AAAAAAAAAABt3qc+AAAAAG3epz762uI7AAAAAPra4jsAAAAAAAAAAG3epz762uI7AAAAAAAAAABt3qc+AAAAAG3epz762uI7AAAAAMVObD4AAAAAAAAAAGtRzz/FTmw+AAAAAAAAAABrUc8/AAAAAGtRzz/FTmw+AAAAAMVObD4AAAAAAAAAAGtRzz/FTmw+AAAAAAAAAABrUc8/AAAAAGtRzz/FTmw+AAAAAPra4jsAAAAAAAAAAGtRzz/62uI7AAAAAAAAAABrUc8/AAAAAGtRzz/62uI7AAAAAPra4jsAAAAAAAAAAGtRzz/62uI7AAAAAAAAAABrUc8/AAAAAGtRzz/62uI7AAAAPwAAAD8AAAA/AAAAPwAAAL8AAAA/AAAAPwAAAD8AAAA/AAAAPwAAAD8AAAC/AAAAPwAAAL8AAAA/AAAAPwAAAL8AAAC/AAAAPwAAAD8AAAC/AAAAPwAAAL8AAAC/AAAAvwAAAD8AAAC/AAAAvwAAAL8AAAC/AAAAvwAAAD8AAAC/AAAAvwAAAD8AAAA/AAAAvwAAAL8AAAC/AAAAvwAAAL8AAAA/AAAAvwAAAD8AAAA/AAAAvwAAAL8AAAA/AAAAPwAAAD8AAAC/AAAAvwAAAD8AAAC/AAAAPwAAAD8AAAA/AAAAvwAAAD8AAAA/AAAAPwAAAL8AAAA/AAAAvwAAAL8AAAA/AAAAPwAAAL8AAAC/AAAAvwAAAL8AAAC/AAAAPwAAAD8AAAA/AAAAPwAAAL8AAAA/AAAAPwAAAD8AAAC/AAAAPwAAAL8AAAA/AAAAPwAAAL8AAAC/AAAAPwAAAD8AAAC/AAAAvwAAAD8AAAC/AAAAvwAAAL8AAAC/AAAAvwAAAD8AAAA/AAAAvwAAAL8AAAC/AAAAvwAAAL8AAAA/AAAAvwAAAD8AAAA/AAAAvwAAAD8AAAC/AAAAvwAAAD8AAAA/AAAAPwAAAD8AAAC/AAAAvwAAAD8AAAA/AAAAPwAAAD8AAAA/AAAAPwAAAD8AAAC/AAAAvwAAAL8AAAA/AAAAvwAAAL8AAAC/AAAAPwAAAL8AAAA/AAAAvwAAAL8AAAC/AAAAPwAAAL8AAAC/AAAAPwAAAL8AAAA/AAAAvwAAAD8AAAA/AAAAvwAAAL8AAAA/AAAAPwAAAD8AAAA/AAAAvwAAAL8AAAA/AAAAPwAAAL8AAAA/AAAAPwAAAD8AAAA/AAAAPwAAAD8AAAC/AAAAPwAAAL8AAAC/AAAAvwAAAD8AAAC/AAAAPwAAAL8AAAC/AAAAvwAAAL8AAAC/AAAAvwAAAD8AAAC/AACAPwAAAAAAAAAAAACAPwAAAAAAAAAAAACAPwAAAAAAAAAAAACAPwAAAAAAAAAAAACAPwAAAAAAAAAAAACAPwAAAAAAAAAAAACAvwAAAAAAAAAAAACAvwAAAAAAAAAAAACAvwAAAAAAAAAAAACAvwAAAAAAAAAAAACAvwAAAAAAAAAAAACAvwAAAAAAAAAAAAAAAAAAgD8AAAAAAAAAAAAAgD8AAAAAAAAAAAAAgD8AAAAAAAAAAAAAgD8AAAAAAAAAAAAAgD8AAAAAAAAAAAAAgD8AAAAAAAAAAAAAgL8AAAAAAAAAAAAAgL8AAAAAAAAAAAAAgL8AAAAAAAAAAAAAgL8AAAAAAAAAAAAAgL8AAAAAAAAAAAAAgL8AAAAAAAAAAAAAAAAAAIA/AAAAAAAAAAAAAIA/AAAAAAAAAAAAAIA/AAAAAAAAAAAAAIA/AAAAAAAAAAAAAIA/AAAAAAAAAAAAAIA/AAAAAAAAAAAAAIC/AAAAAAAAAAAAAIC/AAAAAAAAAAAAAIC/AAAAAAAAAAAAAIC/AAAAAAAAAAAAAIC/AAAAAAAAAAAAAIC/AACAPwAAgD8AAIA/AACAPwAAgD8AAIA/AACAPwAAgD8AAIA/AACAPwAAgD8AAIA/AACAPwAAgD8AAIA/AACAPwAAgD8AAIA/AACAPwAAgD8AAIA/AACAPwAAgD8AAIA/AACAPwAAgD8AAIA/AACAPwAAgD8AAIA/AACAPwAAgD8AAIA/AACAPwAAgD8AAIA/AACAPwAAgD8AAIA/AACAPwAAgD8AAIA/AACAPwAAgD8AAIA/AACAPwAAgD8AAIA/AACAPwAAgD8AAIA/AACAPwAAgD8AAIA/AACAPwAAgD8AAIA/AACAPwAAgD8AAIA/AACAPwAAgD8AAIA/AACAPwAAgD8AAIA/AACAPwAAgD8AAIA/AACAPwAAgD8AAIA/AACAPwAAgD8AAIA/AACAPwAAgD8AAIA/AACAPwAAgD8AAIA/AACAPwAAgD8AAIA/AACAPwAAgD8AAIA/AACAPwAAgD8AAIA/AACAPwAAgD8AAIA/AACAPwAAgD8AAIA/AACAPwAAgD8AAIA/AACAPwAAgD8AAIA/AACAPwAAgD8AAIA/AACAPwAAgD8AAIA/AAAAAONgQT8AAAAAAAAAAG3epz7jYEE/AAAAAAAAAABt3qc+AAAAAG3epz7jYEE/AAAAAONgQT8AAAAAAAAAAG3epz7jYEE/AAAAAAAAAABt3qc+AAAAAG3epz7jYEE/AAAAAMVObD4AAAAAAAAAAHMnITzFTmw+AAAAAAAAAABzJyE8AAAAAHMnITzFTmw+AAAAAMVObD4AAAAAAAAAAHMnITzFTmw+AAAAAAAAAABzJyE8AAAAAHMnITzFTmw+AAAAAONgQT8AAAAAAAAAAHMnITzjYEE/AAAAAAAAAABzJyE8AAAAAHMnITzjYEE/AAAAAONgQT8AAAAAAAAAAHMnITzjYEE/AAAAAAAAAABzJyE8AAAAAHMnITzjYEE/AAAAPwAAAD8AAAA/AAAAPwAAAL8AAAA/AAAAPwAAAD8AAAA/AAAAPwAAAD8AAAC/AAAAPwAAAL8AAAA/AAAAPwAAAL8AAAC/AAAAPwAAAD8AAAC/AAAAPwAAAL8AAAC/AAAAvwAAAD8AAAC/AAAAvwAAAL8AAAC/AAAAvwAAAD8AAAC/AAAAvwAAAD8AAAA/AAAAvwAAAL8AAAC/AAAAvwAAAL8AAAA/AAAAvwAAAD8AAAA/AAAAvwAAAL8AAAA/AAAAPwAAAD8AAAC/AAAAvwAAAD8AAAC/AAAAPwAAAD8AAAA/AAAAvwAAAD8AAAA/AAAAPwAAAL8AAAA/AAAAvwAAAL8AAAA/AAAAPwAAAL8AAAC/AAAAvwAAAL8AAAC/AAAAPwAAAD8AAAA/AAAAPwAAAL8AAAA/AAAAPwAAAD8AAAC/AAAAPwAAAL8AAAA/AAAAPwAAAL8AAAC/AAAAPwAAAD8AAAC/AAAAvwAAAD8AAAC/AAAAvwAAAL8AAAC/AAAAvwAAAD8AAAA/AAAAvwAAAL8AAAC/AAAAvwAAAL8AAAA/AAAAvwAAAD8AAAA/AAAAvwAAAD8AAAC/AAAAvwAAAD8AAAA/AAAAPwAAAD8AAAC/AAAAvwAAAD8AAAA/AAAAPwAAAD8AAAA/AAAAPwAAAD8AAAC/AAAAvwAAAL8AAAA/AAAAvwAAAL8AAAC/AAAAPwAAAL8AAAA/AAAAvwAAAL8AAAC/AAAAPwAAAL8AAAC/AAAAPwAAAL8AAAA/AAAAvwAAAD8AAAA/AAAAvwAAAL8AAAA/AAAAPwAAAD8AAAA/AAAAvwAAAL8AAAA/AAAAPwAAAL8AAAA/AAAAPwAAAD8AAAA/AAAAPwAAAD8AAAC/AAAAPwAAAL8AAAC/AAAAvwAAAD8AAAC/AAAAPwAAAL8AAAC/AAAAvwAAAL8AAAC/AAAAvwAAAD8AAAC/AACAPwAAAAAAAAAAAACAPwAAAAAAAAAAAACAPwAAAAAAAAAAAACAPwAAAAAAAAAAAACAPwAAAAAAAAAAAACAPwAAAAAAAAAAAACAvwAAAAAAAAAAAACAvwAAAAAAAAAAAACAvwAAAAAAAAAAAACAvwAAAAAAAAAAAACAvwAAAAAAAAAAAACAvwAAAAAAAAAAAAAAAAAAgD8AAAAAAAAAAAAAgD8AAAAAAAAAAAAAgD8AAAAAAAAAAAAAgD8AAAAAAAAAAAAAgD8AAAAAAAAAAAAAgD8AAAAAAAAAAAAAgL8AAAAAAAAAAAAAgL8AAAAAAAAAAAAAgL8AAAAAAAAAAAAAgL8AAAAAAAAAAAAAgL8AAAAAAAAAAAAAgL8AAAAAAAAAAAAAAAAAAIA/AAAAAAAAAAAAAIA/AAAAAAAAAAAAAIA/AAAAAAAAAAAAAIA/AAAAAAAAAAAAAIA/AAAAAAAAAAAAAIA/AAAAAAAAAAAAAIC/AAAAAAAAAAAAAIC/AAAAAAAAAAAAAIC/AAAAAAAAAAAAAIC/AAAAAAAAAAAAAIC/AAAAAAAAAAAAAIC/AACAPwAAgD8AAIA/AACAPwAAgD8AAIA/AACAPwAAgD8AAIA/AACAPwAAgD8AAIA/AACAPwAAgD8AAIA/AACAPwAAgD8AAIA/AACAPwAAgD8AAIA/AACAPwAAgD8AAIA/AACAPwAAgD8AAIA/AACAPwAAgD8AAIA/AACAPwAAgD8AAIA/AACAPwAAgD8AAIA/AACAPwAAgD8AAIA/AACAPwAAgD8AAIA/AACAPwAAgD8AAIA/AACAPwAAgD8AAIA/AACAPwAAgD8AAIA/AACAPwAAgD8AAIA/AACAPwAAgD8AAIA/AACAPwAAgD8AAIA/AACAPwAAgD8AAIA/AACAPwAAgD8AAIA/AACAPwAAgD8AAIA/AACAPwAAgD8AAIA/AACAPwAAgD8AAIA/AACAPwAAgD8AAIA/AACAPwAAgD8AAIA/AACAPwAAgD8AAIA/AACAPwAAgD8AAIA/AACAPwAAgD8AAIA/AACAPwAAgD8AAIA/AACAPwAAgD8AAIA/AACAPwAAgD8AAIA/AACAPwAAgD8AAIA/AACAPwAAgD8AAIA/AACAPwAAgD8AAIA/AAAAAONgQT8AAAAAAAAAAG3epz7jYEE/AAAAAAAAAABt3qc+AAAAAG3epz7jYEE/AAAAAONgQT8AAAAAAAAAAG3epz7jYEE/AAAAAAAAAABt3qc+AAAAAG3epz7jYEE/AAAAAMVObD4AAAAAAAAAAHMnITzFTmw+AAAAAAAAAABzJyE8AAAAAHMnITzFTmw+AAAAAMVObD4AAAAAAAAAAHMnITzFTmw+AAAAAAAAAABzJyE8AAAAAHMnITzFTmw+AAAAAONgQT8AAAAAAAAAAHMnITzjYEE/AAAAAAAAAABzJyE8AAAAAHMnITzjYEE/AAAAAONgQT8AAAAAAAAAAHMnITzjYEE/AAAAAAAAAABzJyE8AAAAAHMnITzjYEE/AAAAPwAAAD8AAAA/AAAAPwAAAL8AAAA/AAAAPwAAAD8AAAA/AAAAPwAAAD8AAAC/AAAAPwAAAL8AAAA/AAAAPwAAAL8AAAC/AAAAPwAAAD8AAAC/AAAAPwAAAL8AAAC/AAAAvwAAAD8AAAC/AAAAvwAAAL8AAAC/AAAAvwAAAD8AAAC/AAAAvwAAAD8AAAA/AAAAvwAAAL8AAAC/AAAAvwAAAL8AAAA/AAAAvwAAAD8AAAA/AAAAvwAAAL8AAAA/AAAAPwAAAD8AAAC/AAAAvwAAAD8AAAC/AAAAPwAAAD8AAAA/AAAAvwAAAD8AAAA/AAAAPwAAAL8AAAA/AAAAvwAAAL8AAAA/AAAAPwAAAL8AAAC/AAAAvwAAAL8AAAC/AAAAPwAAAD8AAAA/AAAAPwAAAL8AAAA/AAAAPwAAAD8AAAC/AAAAPwAAAL8AAAA/AAAAPwAAAL8AAAC/AAAAPwAAAD8AAAC/AAAAvwAAAD8AAAC/AAAAvwAAAL8AAAC/AAAAvwAAAD8AAAA/AAAAvwAAAL8AAAC/AAAAvwAAAL8AAAA/AAAAvwAAAD8AAAA/AAAAvwAAAD8AAAC/AAAAvwAAAD8AAAA/AAAAPwAAAD8AAAC/AAAAvwAAAD8AAAA/AAAAPwAAAD8AAAA/AAAAPwAAAD8AAAC/AAAAvwAAAL8AAAA/AAAAvwAAAL8AAAC/AAAAPwAAAL8AAAA/AAAAvwAAAL8AAAC/AAAAPwAAAL8AAAC/AAAAPwAAAL8AAAA/AAAAvwAAAD8AAAA/AAAAvwAAAL8AAAA/AAAAPwAAAD8AAAA/AAAAvwAAAL8AAAA/AAAAPwAAAL8AAAA/AAAAPwAAAD8AAAA/AAAAPwAAAD8AAAC/AAAAPwAAAL8AAAC/AAAAvwAAAD8AAAC/AAAAPwAAAL8AAAC/AAAAvwAAAL8AAAC/AAAAvwAAAD8AAAC/AACAPwAAAAAAAAAAAACAPwAAAAAAAAAAAACAPwAAAAAAAAAAAACAPwAAAAAAAAAAAACAPwAAAAAAAAAAAACAPwAAAAAAAAAAAACAvwAAAAAAAAAAAACAvwAAAAAAAAAAAACAvwAAAAAAAAAAAACAvwAAAAAAAAAAAACAvwAAAAAAAAAAAACAvwAAAAAAAAAAAAAAAAAAgD8AAAAAAAAAAAAAgD8AAAAAAAAAAAAAgD8AAAAAAAAAAAAAgD8AAAAAAAAAAAAAgD8AAAAAAAAAAAAAgD8AAAAAAAAAAAAAgL8AAAAAAAAAAAAAgL8AAAAAAAAAAAAAgL8AAAAAAAAAAAAAgL8AAAAAAAAAAAAAgL8AAAAAAAAAAAAAgL8AAAAAAAAAAAAAAAAAAIA/AAAAAAAAAAAAAIA/AAAAAAAAAAAAAIA/AAAAAAAAAAAAAIA/AAAAAAAAAAAAAIA/AAAAAAAAAAAAAIA/AAAAAAAAAAAAAIC/AAAAAAAAAAAAAIC/AAAAAAAAAAAAAIC/AAAAAAAAAAAAAIC/AAAAAAAAAAAAAIC/AAAAAAAAAAAAAIC/AACAPwAAgD8AAIA/AACAPwAAgD8AAIA/AACAPwAAgD8AAIA/AACAPwAAgD8AAIA/AACAPwAAgD8AAIA/AACAPwAAgD8AAIA/AACAPwAAgD8AAIA/AACAPwAAgD8AAIA/AACAPwAAgD8AAIA/AACAPwAAgD8AAIA/AACAPwAAgD8AAIA/AACAPwAAgD8AAIA/AACAPwAAgD8AAIA/AACAPwAAgD8AAIA/AACAPwAAgD8AAIA/AACAPwAAgD8AAIA/AACAPwAAgD8AAIA/AACAPwAAgD8AAIA/AACAPwAAgD8AAIA/AACAPwAAgD8AAIA/AACAPwAAgD8AAIA/AACAPwAAgD8AAIA/AACAPwAAgD8AAIA/AACAPwAAgD8AAIA/AACAPwAAgD8AAIA/AACAPwAAgD8AAIA/AACAPwAAgD8AAIA/AACAPwAAgD8AAIA/AACAPwAAgD8AAIA/AACAPwAAgD8AAIA/AACAPwAAgD8AAIA/AACAPwAAgD8AAIA/AACAPwAAgD8AAIA/AACAPwAAgD8AAIA/AACAPwAAgD8AAIA/AACAPwAAgD8AAIA/AAAAAPra4jsAAAAAAAAAAG3epz762uI7AAAAAAAAAABt3qc+AAAAAG3epz762uI7AAAAAPra4jsAAAAAAAAAAG3epz762uI7AAAAAAAAAABt3qc+AAAAAG3epz762uI7AAAAAMVObD4AAAAAAAAAAGfLUz/FTmw+AAAAAAAAAABny1M/AAAAAGfLUz/FTmw+AAAAAMVObD4AAAAAAAAAAGfLUz/FTmw+AAAAAAAAAABny1M/AAAAAGfLUz/FTmw+AAAAAPra4jsAAAAAAAAAAGfLUz/62uI7AAAAAAAAAABny1M/AAAAAGfLUz/62uI7AAAAAPra4jsAAAAAAAAAAGfLUz/62uI7AAAAAAAAAABny1M/AAAAAGfLUz/62uI7AAAAPwAAAD8AAAA/AAAAPwAAAL8AAAA/AAAAPwAAAD8AAAA/AAAAPwAAAD8AAAC/AAAAPwAAAL8AAAA/AAAAPwAAAL8AAAC/AAAAPwAAAD8AAAC/AAAAPwAAAL8AAAC/AAAAvwAAAD8AAAC/AAAAvwAAAL8AAAC/AAAAvwAAAD8AAAC/AAAAvwAAAD8AAAA/AAAAvwAAAL8AAAC/AAAAvwAAAL8AAAA/AAAAvwAAAD8AAAA/AAAAvwAAAL8AAAA/AAAAPwAAAD8AAAC/AAAAvwAAAD8AAAC/AAAAPwAAAD8AAAA/AAAAvwAAAD8AAAA/AAAAPwAAAL8AAAA/AAAAvwAAAL8AAAA/AAAAPwAAAL8AAAC/AAAAvwAAAL8AAAC/AAAAPwAAAD8AAAA/AAAAPwAAAL8AAAA/AAAAPwAAAD8AAAC/AAAAPwAAAL8AAAA/AAAAPwAAAL8AAAC/AAAAPwAAAD8AAAC/AAAAvwAAAD8AAAC/AAAAvwAAAL8AAAC/AAAAvwAAAD8AAAA/AAAAvwAAAL8AAAC/AAAAvwAAAL8AAAA/AAAAvwAAAD8AAAA/AAAAvwAAAD8AAAC/AAAAvwAAAD8AAAA/AAAAPwAAAD8AAAC/AAAAvwAAAD8AAAA/AAAAPwAAAD8AAAA/AAAAPwAAAD8AAAC/AAAAvwAAAL8AAAA/AAAAvwAAAL8AAAC/AAAAPwAAAL8AAAA/AAAAvwAAAL8AAAC/AAAAPwAAAL8AAAC/AAAAPwAAAL8AAAA/AAAAvwAAAD8AAAA/AAAAvwAAAL8AAAA/AAAAPwAAAD8AAAA/AAAAvwAAAL8AAAA/AAAAPwAAAL8AAAA/AAAAPwAAAD8AAAA/AAAAPwAAAD8AAAC/AAAAPwAAAL8AAAC/AAAAvwAAAD8AAAC/AAAAPwAAAL8AAAC/AAAAvwAAAL8AAAC/AAAAvwAAAD8AAAC/AACAPwAAAAAAAAAAAACAPwAAAAAAAAAAAACAPwAAAAAAAAAAAACAPwAAAAAAAAAAAACAPwAAAAAAAAAAAACAPwAAAAAAAAAAAACAvwAAAAAAAAAAAACAvwAAAAAAAAAAAACAvwAAAAAAAAAAAACAvwAAAAAAAAAAAACAvwAAAAAAAAAAAACAvwAAAAAAAAAAAAAAAAAAgD8AAAAAAAAAAAAAgD8AAAAAAAAAAAAAgD8AAAAAAAAAAAAAgD8AAAAAAAAAAAAAgD8AAAAAAAAAAAAAgD8AAAAAAAAAAAAAgL8AAAAAAAAAAAAAgL8AAAAAAAAAAAAAgL8AAAAAAAAAAAAAgL8AAAAAAAAAAAAAgL8AAAAAAAAAAAAAgL8AAAAAAAAAAAAAAAAAAIA/AAAAAAAAAAAAAIA/AAAAAAAAAAAAAIA/AAAAAAAAAAAAAIA/AAAAAAAAAAAAAIA/AAAAAAAAAAAAAIA/AAAAAAAAAAAAAIC/AAAAAAAAAAAAAIC/AAAAAAAAAAAAAIC/AAAAAAAAAAAAAIC/AAAAAAAAAAAAAIC/AAAAAAAAAAAAAIC/AACAPwAAgD8AAIA/AACAPwAAgD8AAIA/AACAPwAAgD8AAIA/AACAPwAAgD8AAIA/AACAPwAAgD8AAIA/AACAPwAAgD8AAIA/AACAPwAAgD8AAIA/AACAPwAAgD8AAIA/AACAPwAAgD8AAIA/AACAPwAAgD8AAIA/AACAPwAAgD8AAIA/AACAPwAAgD8AAIA/AACAPwAAgD8AAIA/AACAPwAAgD8AAIA/AACAPwAAgD8AAIA/AACAPwAAgD8AAIA/AACAPwAAgD8AAIA/AACAPwAAgD8AAIA/AACAPwAAgD8AAIA/AACAPwAAgD8AAIA/AACAPwAAgD8AAIA/AACAPwAAgD8AAIA/AACAPwAAgD8AAIA/AACAPwAAgD8AAIA/AACAPwAAgD8AAIA/AACAPwAAgD8AAIA/AACAPwAAgD8AAIA/AACAPwAAgD8AAIA/AACAPwAAgD8AAIA/AACAPwAAgD8AAIA/AACAPwAAgD8AAIA/AACAPwAAgD8AAIA/AACAPwAAgD8AAIA/AACAPwAAgD8AAIA/AACAPwAAgD8AAIA/AACAPwAAgD8AAIA/AAAAAPra4jsAAAAAAAAAAG3epz762uI7AAAAAAAAAABt3qc+AAAAAG3epz762uI7AAAAAPra4jsAAAAAAAAAAG3epz762uI7AAAAAAAAAABt3qc+AAAAAG3epz762uI7AAAAAMVObD4AAAAAAAAAAGfLUz/FTmw+AAAAAAAAAABny1M/AAAAAGfLUz/FTmw+AAAAAMVObD4AAAAAAAAAAGfLUz/FTmw+AAAAAAAAAABny1M/AAAAAGfLUz/FTmw+AAAAAPra4jsAAAAAAAAAAGfLUz/62uI7AAAAAAAAAABny1M/AAAAAGfLUz/62uI7AAAAAPra4jsAAAAAAAAAAGfLUz/62uI7AAAAAAAAAABny1M/AAAAAGfLUz/62uI7AAAAPwAAAD8AAAA/AAAAPwAAAL8AAAA/AAAAPwAAAD8AAAA/AAAAPwAAAD8AAAC/AAAAPwAAAL8AAAA/AAAAPwAAAL8AAAC/AAAAPwAAAD8AAAC/AAAAPwAAAL8AAAC/AAAAvwAAAD8AAAC/AAAAvwAAAL8AAAC/AAAAvwAAAD8AAAC/AAAAvwAAAD8AAAA/AAAAvwAAAL8AAAC/AAAAvwAAAL8AAAA/AAAAvwAAAD8AAAA/AAAAvwAAAL8AAAA/AAAAPwAAAD8AAAC/AAAAvwAAAD8AAAC/AAAAPwAAAD8AAAA/AAAAvwAAAD8AAAA/AAAAPwAAAL8AAAA/AAAAvwAAAL8AAAA/AAAAPwAAAL8AAAC/AAAAvwAAAL8AAAC/AAAAPwAAAD8AAAA/AAAAPwAAAL8AAAA/AAAAPwAAAD8AAAC/AAAAPwAAAL8AAAA/AAAAPwAAAL8AAAC/AAAAPwAAAD8AAAC/AAAAvwAAAD8AAAC/AAAAvwAAAL8AAAC/AAAAvwAAAD8AAAA/AAAAvwAAAL8AAAC/AAAAvwAAAL8AAAA/AAAAvwAAAD8AAAA/AAAAvwAAAD8AAAC/AAAAvwAAAD8AAAA/AAAAPwAAAD8AAAC/AAAAvwAAAD8AAAA/AAAAPwAAAD8AAAA/AAAAPwAAAD8AAAC/AAAAvwAAAL8AAAA/AAAAvwAAAL8AAAC/AAAAPwAAAL8AAAA/AAAAvwAAAL8AAAC/AAAAPwAAAL8AAAC/AAAAPwAAAL8AAAA/AAAAvwAAAD8AAAA/AAAAvwAAAL8AAAA/AAAAPwAAAD8AAAA/AAAAvwAAAL8AAAA/AAAAPwAAAL8AAAA/AAAAPwAAAD8AAAA/AAAAPwAAAD8AAAC/AAAAPwAAAL8AAAC/AAAAvwAAAD8AAAC/AAAAPwAAAL8AAAC/AAAAvwAAAL8AAAC/AAAAvwAAAD8AAAC/AACAPwAAAAAAAAAAAACAPwAAAAAAAAAAAACAPwAAAAAAAAAAAACAPwAAAAAAAAAAAACAPwAAAAAAAAAAAACAPwAAAAAAAAAAAACAvwAAAAAAAAAAAACAvwAAAAAAAAAAAACAvwAAAAAAAAAAAACAvwAAAAAAAAAAAACAvwAAAAAAAAAAAACAvwAAAAAAAAAAAAAAAAAAgD8AAAAAAAAAAAAAgD8AAAAAAAAAAAAAgD8AAAAAAAAAAAAAgD8AAAAAAAAAAAAAgD8AAAAAAAAAAAAAgD8AAAAAAAAAAAAAgL8AAAAAAAAAAAAAgL8AAAAAAAAAAAAAgL8AAAAAAAAAAAAAgL8AAAAAAAAAAAAAgL8AAAAAAAAAAAAAgL8AAAAAAAAAAAAAAAAAAIA/AAAAAAAAAAAAAIA/AAAAAAAAAAAAAIA/AAAAAAAAAAAAAIA/AAAAAAAAAAAAAIA/AAAAAAAAAAAAAIA/AAAAAAAAAAAAAIC/AAAAAAAAAAAAAIC/AAAAAAAAAAAAAIC/AAAAAAAAAAAAAIC/AAAAAAAAAAAAAIC/AAAAAAAAAAAAAIC/AACAPwAAgD8AAIA/AACAPwAAgD8AAIA/AACAPwAAgD8AAIA/AACAPwAAgD8AAIA/AACAPwAAgD8AAIA/AACAPwAAgD8AAIA/AACAPwAAgD8AAIA/AACAPwAAgD8AAIA/AACAPwAAgD8AAIA/AACAPwAAgD8AAIA/AACAPwAAgD8AAIA/AACAPwAAgD8AAIA/AACAPwAAgD8AAIA/AACAPwAAgD8AAIA/AACAPwAAgD8AAIA/AACAPwAAgD8AAIA/AACAPwAAgD8AAIA/AACAPwAAgD8AAIA/AACAPwAAgD8AAIA/AACAPwAAgD8AAIA/AACAPwAAgD8AAIA/AACAPwAAgD8AAIA/AACAPwAAgD8AAIA/AACAPwAAgD8AAIA/AACAPwAAgD8AAIA/AACAPwAAgD8AAIA/AACAPwAAgD8AAIA/AACAPwAAgD8AAIA/AACAPwAAgD8AAIA/AACAPwAAgD8AAIA/AACAPwAAgD8AAIA/AACAPwAAgD8AAIA/AACAPwAAgD8AAIA/AACAPwAAgD8AAIA/AACAPwAAgD8AAIA/AACAPwAAgD8AAIA/AAAAAPra4jsAAAAAAAAAAG3epz762uI7AAAAAAAAAABt3qc+AAAAAG3epz762uI7AAAAAPra4jsAAAAAAAAAAG3epz762uI7AAAAAAAAAABt3qc+AAAAAG3epz762uI7AAAAAMVObD4AAAAAAAAAAGfLUz/FTmw+AAAAAAAAAABny1M/AAAAAGfLUz/FTmw+AAAAAMVObD4AAAAAAAAAAGfLUz/FTmw+AAAAAAAAAABny1M/AAAAAGfLUz/FTmw+AAAAAPra4jsAAAAAAAAAAGfLUz/62uI7AAAAAAAAAABny1M/AAAAAGfLUz/62uI7AAAAAPra4jsAAAAAAAAAAGfLUz/62uI7AAAAAAAAAABny1M/AAAAAGfLUz/62uI7AAAAPwAAAD8AAAA/AAAAPwAAAL8AAAA/AAAAPwAAAD8AAAA/AAAAPwAAAD8AAAC/AAAAPwAAAL8AAAA/AAAAPwAAAL8AAAC/AAAAPwAAAD8AAAC/AAAAPwAAAL8AAAC/AAAAvwAAAD8AAAC/AAAAvwAAAL8AAAC/AAAAvwAAAD8AAAC/AAAAvwAAAD8AAAA/AAAAvwAAAL8AAAC/AAAAvwAAAL8AAAA/AAAAvwAAAD8AAAA/AAAAvwAAAL8AAAA/AAAAPwAAAD8AAAC/AAAAvwAAAD8AAAC/AAAAPwAAAD8AAAA/AAAAvwAAAD8AAAA/AAAAPwAAAL8AAAA/AAAAvwAAAL8AAAA/AAAAPwAAAL8AAAC/AAAAvwAAAL8AAAC/AAAAPwAAAD8AAAA/AAAAPwAAAL8AAAA/AAAAPwAAAD8AAAC/AAAAPwAAAL8AAAA/AAAAPwAAAL8AAAC/AAAAPwAAAD8AAAC/AAAAvwAAAD8AAAC/AAAAvwAAAL8AAAC/AAAAvwAAAD8AAAA/AAAAvwAAAL8AAAC/AAAAvwAAAL8AAAA/AAAAvwAAAD8AAAA/AAAAvwAAAD8AAAC/AAAAvwAAAD8AAAA/AAAAPwAAAD8AAAC/AAAAvwAAAD8AAAA/AAAAPwAAAD8AAAA/AAAAPwAAAD8AAAC/AAAAvwAAAL8AAAA/AAAAvwAAAL8AAAC/AAAAPwAAAL8AAAA/AAAAvwAAAL8AAAC/AAAAPwAAAL8AAAC/AAAAPwAAAL8AAAA/AAAAvwAAAD8AAAA/AAAAvwAAAL8AAAA/AAAAPwAAAD8AAAA/AAAAvwAAAL8AAAA/AAAAPwAAAL8AAAA/AAAAPwAAAD8AAAA/AAAAPwAAAD8AAAC/AAAAPwAAAL8AAAC/AAAAvwAAAD8AAAC/AAAAPwAAAL8AAAC/AAAAvwAAAL8AAAC/AAAAvwAAAD8AAAC/AACAPwAAAAAAAAAAAACAPwAAAAAAAAAAAACAPwAAAAAAAAAAAACAPwAAAAAAAAAAAACAPwAAAAAAAAAAAACAPwAAAAAAAAAAAACAvwAAAAAAAAAAAACAvwAAAAAAAAAAAACAvwAAAAAAAAAAAACAvwAAAAAAAAAAAACAvwAAAAAAAAAAAACAvwAAAAAAAAAAAAAAAAAAgD8AAAAAAAAAAAAAgD8AAAAAAAAAAAAAgD8AAAAAAAAAAAAAgD8AAAAAAAAAAAAAgD8AAAAAAAAAAAAAgD8AAAAAAAAAAAAAgL8AAAAAAAAAAAAAgL8AAAAAAAAAAAAAgL8AAAAAAAAAAAAAgL8AAAAAAAAAAAAAgL8AAAAAAAAAAAAAgL8AAAAAAAAAAAAAAAAAAIA/AAAAAAAAAAAAAIA/AAAAAAAAAAAAAIA/AAAAAAAAAAAAAIA/AAAAAAAAAAAAAIA/AAAAAAAAAAAAAIA/AAAAAAAAAAAAAIC/AAAAAAAAAAAAAIC/AAAAAAAAAAAAAIC/AAAAAAAAAAAAAIC/AAAAAAAAAAAAAIC/AAAAAAAAAAAAAIC/AACAPwAAgD8AAIA/AACAPwAAgD8AAIA/AACAPwAAgD8AAIA/AACAPwAAgD8AAIA/AACAPwAAgD8AAIA/AACAPwAAgD8AAIA/AACAPwAAgD8AAIA/AACAPwAAgD8AAIA/AACAPwAAgD8AAIA/AACAPwAAgD8AAIA/AACAPwAAgD8AAIA/AACAPwAAgD8AAIA/AACAPwAAgD8AAIA/AACAPwAAgD8AAIA/AACAPwAAgD8AAIA/AACAPwAAgD8AAIA/AACAPwAAgD8AAIA/AACAPwAAgD8AAIA/AACAPwAAgD8AAIA/AACAPwAAgD8AAIA/AACAPwAAgD8AAIA/AACAPwAAgD8AAIA/AACAPwAAgD8AAIA/AACAPwAAgD8AAIA/AACAPwAAgD8AAIA/AACAPwAAgD8AAIA/AACAPwAAgD8AAIA/AACAPwAAgD8AAIA/AACAPwAAgD8AAIA/AACAPwAAgD8AAIA/AACAPwAAgD8AAIA/AACAPwAAgD8AAIA/AACAPwAAgD8AAIA/AACAPwAAgD8AAIA/AACAPwAAgD8AAIA/AACAPwAAgD8AAIA/AAAAAPra4jsAAAAAAAAAAAbkiz762uI7AAAAAAAAAAAG5Is+AAAAAAbkiz762uI7AAAAAPra4jsAAAAAAAAAAAbkiz762uI7AAAAAAAAAAAG5Is+AAAAAAbkiz762uI7AAAAAE/sRD4AAAAAAAAAAAfdrj9P7EQ+AAAAAAAAAAAH3a4/AAAAAAfdrj9P7EQ+AAAAAE/sRD4AAAAAAAAAAAfdrj9P7EQ+AAAAAAAAAAAH3a4/AAAAAAfdrj9P7EQ+AAAAAPra4jsAAAAAAAAAAAfdrj/62uI7AAAAAAAAAAAH3a4/AAAAAAfdrj/62uI7AAAAAPra4jsAAAAAAAAAAAfdrj/62uI7AAAAAAAAAAAH3a4/AAAAAAfdrj/62uI7AAAAPwAAAD8AAAA/AAAAPwAAAL8AAAA/AAAAPwAAAD8AAAA/AAAAPwAAAD8AAAC/AAAAPwAAAL8AAAA/AAAAPwAAAL8AAAC/AAAAPwAAAD8AAAC/AAAAPwAAAL8AAAC/AAAAvwAAAD8AAAC/AAAAvwAAAL8AAAC/AAAAvwAAAD8AAAC/AAAAvwAAAD8AAAA/AAAAvwAAAL8AAAC/AAAAvwAAAL8AAAA/AAAAvwAAAD8AAAA/AAAAvwAAAL8AAAA/AAAAPwAAAD8AAAC/AAAAvwAAAD8AAAC/AAAAPwAAAD8AAAA/AAAAvwAAAD8AAAA/AAAAPwAAAL8AAAA/AAAAvwAAAL8AAAA/AAAAPwAAAL8AAAC/AAAAvwAAAL8AAAC/AAAAPwAAAD8AAAA/AAAAPwAAAL8AAAA/AAAAPwAAAD8AAAC/AAAAPwAAAL8AAAA/AAAAPwAAAL8AAAC/AAAAPwAAAD8AAAC/AAAAvwAAAD8AAAC/AAAAvwAAAL8AAAC/AAAAvwAAAD8AAAA/AAAAvwAAAL8AAAC/AAAAvwAAAL8AAAA/AAAAvwAAAD8AAAA/AAAAvwAAAD8AAAC/AAAAvwAAAD8AAAA/AAAAPwAAAD8AAAC/AAAAvwAAAD8AAAA/AAAAPwAAAD8AAAA/AAAAPwAAAD8AAAC/AAAAvwAAAL8AAAA/AAAAvwAAAL8AAAC/AAAAPwAAAL8AAAA/AAAAvwAAAL8AAAC/AAAAPwAAAL8AAAC/AAAAPwAAAL8AAAA/AAAAvwAAAD8AAAA/AAAAvwAAAL8AAAA/AAAAPwAAAD8AAAA/AAAAvwAAAL8AAAA/AAAAPwAAAL8AAAA/AAAAPwAAAD8AAAA/AAAAPwAAAD8AAAC/AAAAPwAAAL8AAAC/AAAAvwAAAD8AAAC/AAAAPwAAAL8AAAC/AAAAvwAAAL8AAAC/AAAAvwAAAD8AAAC/AACAPwAAAAAAAAAAAACAPwAAAAAAAAAAAACAPwAAAAAAAAAAAACAPwAAAAAAAAAAAACAPwAAAAAAAAAAAACAPwAAAAAAAAAAAACAvwAAAAAAAAAAAACAvwAAAAAAAAAAAACAvwAAAAAAAAAAAACAvwAAAAAAAAAAAACAvwAAAAAAAAAAAACAvwAAAAAAAAAAAAAAAAAAgD8AAAAAAAAAAAAAgD8AAAAAAAAAAAAAgD8AAAAAAAAAAAAAgD8AAAAAAAAAAAAAgD8AAAAAAAAAAAAAgD8AAAAAAAAAAAAAgL8AAAAAAAAAAAAAgL8AAAAAAAAAAAAAgL8AAAAAAAAAAAAAgL8AAAAAAAAAAAAAgL8AAAAAAAAAAAAAgL8AAAAAAAAAAAAAAAAAAIA/AAAAAAAAAAAAAIA/AAAAAAAAAAAAAIA/AAAAAAAAAAAAAIA/AAAAAAAAAAAAAIA/AAAAAAAAAAAAAIA/AAAAAAAAAAAAAIC/AAAAAAAAAAAAAIC/AAAAAAAAAAAAAIC/AAAAAAAAAAAAAIC/AAAAAAAAAAAAAIC/AAAAAAAAAAAAAIC/AACAPwAAgD8AAIA/AACAPwAAgD8AAIA/AACAPwAAgD8AAIA/AACAPwAAgD8AAIA/AACAPwAAgD8AAIA/AACAPwAAgD8AAIA/AACAPwAAgD8AAIA/AACAPwAAgD8AAIA/AACAPwAAgD8AAIA/AACAPwAAgD8AAIA/AACAPwAAgD8AAIA/AACAPwAAgD8AAIA/AACAPwAAgD8AAIA/AACAPwAAgD8AAIA/AACAPwAAgD8AAIA/AACAPwAAgD8AAIA/AACAPwAAgD8AAIA/AACAPwAAgD8AAIA/AACAPwAAgD8AAIA/AACAPwAAgD8AAIA/AACAPwAAgD8AAIA/AACAPwAAgD8AAIA/AACAPwAAgD8AAIA/AACAPwAAgD8AAIA/AACAPwAAgD8AAIA/AACAPwAAgD8AAIA/AACAPwAAgD8AAIA/AACAPwAAgD8AAIA/AACAPwAAgD8AAIA/AACAPwAAgD8AAIA/AACAPwAAgD8AAIA/AACAPwAAgD8AAIA/AACAPwAAgD8AAIA/AACAPwAAgD8AAIA/AACAPwAAgD8AAIA/AACAPwAAgD8AAIA/AAAAAPra4jsAAAAAAAAAAAbkiz762uI7AAAAAAAAAAAG5Is+AAAAAAbkiz762uI7AAAAAPra4jsAAAAAAAAAAAbkiz762uI7AAAAAAAAAAAG5Is+AAAAAAbkiz762uI7AAAAAE/sRD4AAAAAAAAAAAfdrj9P7EQ+AAAAAAAAAAAH3a4/AAAAAAfdrj9P7EQ+AAAAAE/sRD4AAAAAAAAAAAfdrj9P7EQ+AAAAAAAAAAAH3a4/AAAAAAfdrj9P7EQ+AAAAAPra4jsAAAAAAAAAAAfdrj/62uI7AAAAAAAAAAAH3a4/AAAAAAfdrj/62uI7AAAAAPra4jsAAAAAAAAAAAfdrj/62uI7AAAAAAAAAAAH3a4/AAAAAAfdrj/62uI7AAAAPwAAAD8AAAA/AAAAPwAAAL8AAAA/AAAAPwAAAD8AAAA/AAAAPwAAAD8AAAC/AAAAPwAAAL8AAAA/AAAAPwAAAL8AAAC/AAAAPwAAAD8AAAC/AAAAPwAAAL8AAAC/AAAAvwAAAD8AAAC/AAAAvwAAAL8AAAC/AAAAvwAAAD8AAAC/AAAAvwAAAD8AAAA/AAAAvwAAAL8AAAC/AAAAvwAAAL8AAAA/AAAAvwAAAD8AAAA/AAAAvwAAAL8AAAA/AAAAPwAAAD8AAAC/AAAAvwAAAD8AAAC/AAAAPwAAAD8AAAA/AAAAvwAAAD8AAAA/AAAAPwAAAL8AAAA/AAAAvwAAAL8AAAA/AAAAPwAAAL8AAAC/AAAAvwAAAL8AAAC/AAAAPwAAAD8AAAA/AAAAPwAAAL8AAAA/AAAAPwAAAD8AAAC/AAAAPwAAAL8AAAA/AAAAPwAAAL8AAAC/AAAAPwAAAD8AAAC/AAAAvwAAAD8AAAC/AAAAvwAAAL8AAAC/AAAAvwAAAD8AAAA/AAAAvwAAAL8AAAC/AAAAvwAAAL8AAAA/AAAAvwAAAD8AAAA/AAAAvwAAAD8AAAC/AAAAvwAAAD8AAAA/AAAAPwAAAD8AAAC/AAAAvwAAAD8AAAA/AAAAPwAAAD8AAAA/AAAAPwAAAD8AAAC/AAAAvwAAAL8AAAA/AAAAvwAAAL8AAAC/AAAAPwAAAL8AAAA/AAAAvwAAAL8AAAC/AAAAPwAAAL8AAAC/AAAAPwAAAL8AAAA/AAAAvwAAAD8AAAA/AAAAvwAAAL8AAAA/AAAAPwAAAD8AAAA/AAAAvwAAAL8AAAA/AAAAPwAAAL8AAAA/AAAAPwAAAD8AAAA/AAAAPwAAAD8AAAC/AAAAPwAAAL8AAAC/AAAAvwAAAD8AAAC/AAAAPwAAAL8AAAC/AAAAvwAAAL8AAAC/AAAAvwAAAD8AAAC/AACAPwAAAAAAAAAAAACAPwAAAAAAAAAAAACAPwAAAAAAAAAAAACAPwAAAAAAAAAAAACAPwAAAAAAAAAAAACAPwAAAAAAAAAAAACAvwAAAAAAAAAAAACAvwAAAAAAAAAAAACAvwAAAAAAAAAAAACAvwAAAAAAAAAAAACAvwAAAAAAAAAAAACAvwAAAAAAAAAAAAAAAAAAgD8AAAAAAAAAAAAAgD8AAAAAAAAAAAAAgD8AAAAAAAAAAAAAgD8AAAAAAAAAAAAAgD8AAAAAAAAAAAAAgD8AAAAAAAAAAAAAgL8AAAAAAAAAAAAAgL8AAAAAAAAAAAAAgL8AAAAAAAAAAAAAgL8AAAAAAAAAAAAAgL8AAAAAAAAAAAAAgL8AAAAAAAAAAAAAAAAAAIA/AAAAAAAAAAAAAIA/AAAAAAAAAAAAAIA/AAAAAAAAAAAAAIA/AAAAAAAAAAAAAIA/AAAAAAAAAAAAAIA/AAAAAAAAAAAAAIC/AAAAAAAAAAAAAIC/AAAAAAAAAAAAAIC/AAAAAAAAAAAAAIC/AAAAAAAAAAAAAIC/AAAAAAAAAAAAAIC/AACAPwAAgD8AAIA/AACAPwAAgD8AAIA/AACAPwAAgD8AAIA/AACAPwAAgD8AAIA/AACAPwAAgD8AAIA/AACAPwAAgD8AAIA/AACAPwAAgD8AAIA/AACAPwAAgD8AAIA/AACAPwAAgD8AAIA/AACAPwAAgD8AAIA/AACAPwAAgD8AAIA/AACAPwAAgD8AAIA/AACAPwAAgD8AAIA/AACAPwAAgD8AAIA/AACAPwAAgD8AAIA/AACAPwAAgD8AAIA/AACAPwAAgD8AAIA/AACAPwAAgD8AAIA/AACAPwAAgD8AAIA/AACAPwAAgD8AAIA/AACAPwAAgD8AAIA/AACAPwAAgD8AAIA/AACAPwAAgD8AAIA/AACAPwAAgD8AAIA/AACAPwAAgD8AAIA/AACAPwAAgD8AAIA/AACAPwAAgD8AAIA/AACAPwAAgD8AAIA/AACAPwAAgD8AAIA/AACAPwAAgD8AAIA/AACAPwAAgD8AAIA/AACAPwAAgD8AAIA/AACAPwAAgD8AAIA/AACAPwAAgD8AAIA/AACAPwAAgD8AAIA/AACAPwAAgD8AAIA/AAAAAPebcj8AAAAAAAAAAAbkiz73m3I/AAAAAAAAAAAG5Is+AAAAAAbkiz73m3I/AAAAAPebcj8AAAAAAAAAAAbkiz73m3I/AAAAAAAAAAAG5Is+AAAAAAbkiz73m3I/AAAAAE/sRD4AAAAAAAAAAHMnITxP7EQ+AAAAAAAAAABzJyE8AAAAAHMnITxP7EQ+AAAAAE/sRD4AAAAAAAAAAHMnITxP7EQ+AAAAAAAAAABzJyE8AAAAAHMnITxP7EQ+AAAAAPebcj8AAAAAAAAAAHMnITz3m3I/AAAAAAAAAABzJyE8AAAAAHMnITz3m3I/AAAAAPebcj8AAAAAAAAAAHMnITz3m3I/AAAAAAAAAABzJyE8AAAAAHMnITz3m3I/AAAAPwAAAD8AAAA/AAAAPwAAAL8AAAA/AAAAPwAAAD8AAAA/AAAAPwAAAD8AAAC/AAAAPwAAAL8AAAA/AAAAPwAAAL8AAAC/AAAAPwAAAD8AAAC/AAAAPwAAAL8AAAC/AAAAvwAAAD8AAAC/AAAAvwAAAL8AAAC/AAAAvwAAAD8AAAC/AAAAvwAAAD8AAAA/AAAAvwAAAL8AAAC/AAAAvwAAAL8AAAA/AAAAvwAAAD8AAAA/AAAAvwAAAL8AAAA/AAAAPwAAAD8AAAC/AAAAvwAAAD8AAAC/AAAAPwAAAD8AAAA/AAAAvwAAAD8AAAA/AAAAPwAAAL8AAAA/AAAAvwAAAL8AAAA/AAAAPwAAAL8AAAC/AAAAvwAAAL8AAAC/AAAAPwAAAD8AAAA/AAAAPwAAAL8AAAA/AAAAPwAAAD8AAAC/AAAAPwAAAL8AAAA/AAAAPwAAAL8AAAC/AAAAPwAAAD8AAAC/AAAAvwAAAD8AAAC/AAAAvwAAAL8AAAC/AAAAvwAAAD8AAAA/AAAAvwAAAL8AAAC/AAAAvwAAAL8AAAA/AAAAvwAAAD8AAAA/AAAAvwAAAD8AAAC/AAAAvwAAAD8AAAA/AAAAPwAAAD8AAAC/AAAAvwAAAD8AAAA/AAAAPwAAAD8AAAA/AAAAPwAAAD8AAAC/AAAAvwAAAL8AAAA/AAAAvwAAAL8AAAC/AAAAPwAAAL8AAAA/AAAAvwAAAL8AAAC/AAAAPwAAAL8AAAC/AAAAPwAAAL8AAAA/AAAAvwAAAD8AAAA/AAAAvwAAAL8AAAA/AAAAPwAAAD8AAAA/AAAAvwAAAL8AAAA/AAAAPwAAAL8AAAA/AAAAPwAAAD8AAAA/AAAAPwAAAD8AAAC/AAAAPwAAAL8AAAC/AAAAvwAAAD8AAAC/AAAAPwAAAL8AAAC/AAAAvwAAAL8AAAC/AAAAvwAAAD8AAAC/AACAPwAAAAAAAAAAAACAPwAAAAAAAAAAAACAPwAAAAAAAAAAAACAPwAAAAAAAAAAAACAPwAAAAAAAAAAAACAPwAAAAAAAAAAAACAvwAAAAAAAAAAAACAvwAAAAAAAAAAAACAvwAAAAAAAAAAAACAvwAAAAAAAAAAAACAvwAAAAAAAAAAAACAvwAAAAAAAAAAAAAAAAAAgD8AAAAAAAAAAAAAgD8AAAAAAAAAAAAAgD8AAAAAAAAAAAAAgD8AAAAAAAAAAAAAgD8AAAAAAAAAAAAAgD8AAAAAAAAAAAAAgL8AAAAAAAAAAAAAgL8AAAAAAAAAAAAAgL8AAAAAAAAAAAAAgL8AAAAAAAAAAAAAgL8AAAAAAAAAAAAAgL8AAAAAAAAAAAAAAAAAAIA/AAAAAAAAAAAAAIA/AAAAAAAAAAAAAIA/AAAAAAAAAAAAAIA/AAAAAAAAAAAAAIA/AAAAAAAAAAAAAIA/AAAAAAAAAAAAAIC/AAAAAAAAAAAAAIC/AAAAAAAAAAAAAIC/AAAAAAAAAAAAAIC/AAAAAAAAAAAAAIC/AAAAAAAAAAAAAIC/AACAPwAAgD8AAIA/AACAPwAAgD8AAIA/AACAPwAAgD8AAIA/AACAPwAAgD8AAIA/AACAPwAAgD8AAIA/AACAPwAAgD8AAIA/AACAPwAAgD8AAIA/AACAPwAAgD8AAIA/AACAPwAAgD8AAIA/AACAPwAAgD8AAIA/AACAPwAAgD8AAIA/AACAPwAAgD8AAIA/AACAPwAAgD8AAIA/AACAPwAAgD8AAIA/AACAPwAAgD8AAIA/AACAPwAAgD8AAIA/AACAPwAAgD8AAIA/AACAPwAAgD8AAIA/AACAPwAAgD8AAIA/AACAPwAAgD8AAIA/AACAPwAAgD8AAIA/AACAPwAAgD8AAIA/AACAPwAAgD8AAIA/AACAPwAAgD8AAIA/AACAPwAAgD8AAIA/AACAPwAAgD8AAIA/AACAPwAAgD8AAIA/AACAPwAAgD8AAIA/AACAPwAAgD8AAIA/AACAPwAAgD8AAIA/AACAPwAAgD8AAIA/AACAPwAAgD8AAIA/AACAPwAAgD8AAIA/AACAPwAAgD8AAIA/AACAPwAAgD8AAIA/AACAPwAAgD8AAIA/AAAAAPebcj8AAAAAAAAAAAbkiz73m3I/AAAAAAAAAAAG5Is+AAAAAAbkiz73m3I/AAAAAPebcj8AAAAAAAAAAAbkiz73m3I/AAAAAAAAAAAG5Is+AAAAAAbkiz73m3I/AAAAAE/sRD4AAAAAAAAAAHMnITxP7EQ+AAAAAAAAAABzJyE8AAAAAHMnITxP7EQ+AAAAAE/sRD4AAAAAAAAAAHMnITxP7EQ+AAAAAAAAAABzJyE8AAAAAHMnITxP7EQ+AAAAAPebcj8AAAAAAAAAAHMnITz3m3I/AAAAAAAAAABzJyE8AAAAAHMnITz3m3I/AAAAAPebcj8AAAAAAAAAAHMnITz3m3I/AAAAAAAAAABzJyE8AAAAAHMnITz3m3I/AAAAPwAAAD8AAAA/AAAAPwAAAL8AAAA/AAAAPwAAAD8AAAA/AAAAPwAAAD8AAAC/AAAAPwAAAL8AAAA/AAAAPwAAAL8AAAC/AAAAPwAAAD8AAAC/AAAAPwAAAL8AAAC/AAAAvwAAAD8AAAC/AAAAvwAAAL8AAAC/AAAAvwAAAD8AAAC/AAAAvwAAAD8AAAA/AAAAvwAAAL8AAAC/AAAAvwAAAL8AAAA/AAAAvwAAAD8AAAA/AAAAvwAAAL8AAAA/AAAAPwAAAD8AAAC/AAAAvwAAAD8AAAC/AAAAPwAAAD8AAAA/AAAAvwAAAD8AAAA/AAAAPwAAAL8AAAA/AAAAvwAAAL8AAAA/AAAAPwAAAL8AAAC/AAAAvwAAAL8AAAC/\"}],\"accessors\":[{\"bufferView\":0,\"componentType\":5126,\"count\":36,\"max\":[0.5,0.5,0.5],\"min\":[-0.5,-0.5,-0.5],\"type\":\"VEC3\"},{\"bufferView\":1,\"componentType\":5126,\"count\":36,\"max\":[1,1,1],\"min\":[-1,-1,-1],\"type\":\"VEC3\"},{\"bufferView\":2,\"componentType\":5126,\"count\":36,\"max\":[1,1,1],\"min\":[1,1,1],\"type\":\"VEC3\"},{\"bufferView\":3,\"componentType\":5126,\"count\":36,\"max\":[0.5508196949958801,0.14969231188297272],\"min\":[0,0],\"type\":\"VEC2\"},{\"bufferView\":4,\"componentType\":5126,\"count\":24,\"max\":[0.5,0.5,0.5],\"min\":[-0.5,-0.5,-0.5],\"type\":\"VEC3\"},{\"bufferView\":5,\"componentType\":5126,\"count\":36,\"max\":[0.5,0.5,0.5],\"min\":[-0.5,-0.5,-0.5],\"type\":\"VEC3\"},{\"bufferView\":6,\"componentType\":5126,\"count\":36,\"max\":[1,1,1],\"min\":[-1,-1,-1],\"type\":\"VEC3\"},{\"bufferView\":7,\"componentType\":5126,\"count\":36,\"max\":[1,1,1],\"min\":[1,1,1],\"type\":\"VEC3\"},{\"bufferView\":8,\"componentType\":5126,\"count\":36,\"max\":[0.519672155380249,0.17846153676509857],\"min\":[0,0],\"type\":\"VEC2\"},{\"bufferView\":9,\"componentType\":5126,\"count\":24,\"max\":[0.5,0.5,0.5],\"min\":[-0.5,-0.5,-0.5],\"type\":\"VEC3\"},{\"bufferView\":10,\"componentType\":5126,\"count\":36,\"max\":[0.5,0.5,0.5],\"min\":[-0.5,-0.5,-0.5],\"type\":\"VEC3\"},{\"bufferView\":11,\"componentType\":5126,\"count\":36,\"max\":[1,1,1],\"min\":[-1,-1,-1],\"type\":\"VEC3\"},{\"bufferView\":12,\"componentType\":5126,\"count\":36,\"max\":[1,1,1],\"min\":[1,1,1],\"type\":\"VEC3\"},{\"bufferView\":13,\"componentType\":5126,\"count\":36,\"max\":[0.2732240557670593,0.19230769574642181],\"min\":[0,0],\"type\":\"VEC2\"},{\"bufferView\":14,\"componentType\":5126,\"count\":24,\"max\":[0.5,0.5,0.5],\"min\":[-0.5,-0.5,-0.5],\"type\":\"VEC3\"},{\"bufferView\":15,\"componentType\":5126,\"count\":36,\"max\":[0.5,0.5,0.5],\"min\":[-0.5,-0.5,-0.5],\"type\":\"VEC3\"},{\"bufferView\":16,\"componentType\":5126,\"count\":36,\"max\":[1,1,1],\"min\":[-1,-1,-1],\"type\":\"VEC3\"},{\"bufferView\":17,\"componentType\":5126,\"count\":36,\"max\":[1,1,1],\"min\":[1,1,1],\"type\":\"VEC3\"},{\"bufferView\":18,\"componentType\":5126,\"count\":36,\"max\":[0.2732240557670593,0.19230769574642181],\"min\":[0,0],\"type\":\"VEC2\"},{\"bufferView\":19,\"componentType\":5126,\"count\":24,\"max\":[0.5,0.5,0.5],\"min\":[-0.5,-0.5,-0.5],\"type\":\"VEC3\"},{\"bufferView\":20,\"componentType\":5126,\"count\":36,\"max\":[0.5,0.5,0.5],\"min\":[-0.5,-0.5,-0.5],\"type\":\"VEC3\"},{\"bufferView\":21,\"componentType\":5126,\"count\":36,\"max\":[1,1,1],\"min\":[-1,-1,-1],\"type\":\"VEC3\"},{\"bufferView\":22,\"componentType\":5126,\"count\":36,\"max\":[1,1,1],\"min\":[1,1,1],\"type\":\"VEC3\"},{\"bufferView\":23,\"componentType\":5126,\"count\":36,\"max\":[0.519672155380249,0.12661539018154144],\"min\":[0,0],\"type\":\"VEC2\"},{\"bufferView\":24,\"componentType\":5126,\"count\":24,\"max\":[0.5,0.5,0.5],\"min\":[-0.5,-0.5,-0.5],\"type\":\"VEC3\"},{\"bufferView\":25,\"componentType\":5126,\"count\":36,\"max\":[0.5,0.5,0.5],\"min\":[-0.5,-0.5,-0.5],\"type\":\"VEC3\"},{\"bufferView\":26,\"componentType\":5126,\"count\":36,\"max\":[1,1,1],\"min\":[-1,-1,-1],\"type\":\"VEC3\"},{\"bufferView\":27,\"componentType\":5126,\"count\":36,\"max\":[1,1,1],\"min\":[1,1,1],\"type\":\"VEC3\"},{\"bufferView\":28,\"componentType\":5126,\"count\":36,\"max\":[0.519672155380249,0.12661539018154144],\"min\":[0,0],\"type\":\"VEC2\"},{\"bufferView\":29,\"componentType\":5126,\"count\":24,\"max\":[0.5,0.5,0.5],\"min\":[-0.5,-0.5,-0.5],\"type\":\"VEC3\"},{\"bufferView\":30,\"componentType\":5126,\"count\":36,\"max\":[0.5,0.5,0.5],\"min\":[-0.5,-0.5,-0.5],\"type\":\"VEC3\"},{\"bufferView\":31,\"componentType\":5126,\"count\":36,\"max\":[1,1,1],\"min\":[-1,-1,-1],\"type\":\"VEC3\"},{\"bufferView\":32,\"componentType\":5126,\"count\":36,\"max\":[1,1,1],\"min\":[1,1,1],\"type\":\"VEC3\"},{\"bufferView\":33,\"componentType\":5126,\"count\":36,\"max\":[0.5508196949958801,0.14969231188297272],\"min\":[0,0],\"type\":\"VEC2\"},{\"bufferView\":34,\"componentType\":5126,\"count\":24,\"max\":[0.5,0.5,0.5],\"min\":[-0.5,-0.5,-0.5],\"type\":\"VEC3\"},{\"bufferView\":35,\"componentType\":5126,\"count\":36,\"max\":[0.5,0.5,0.5],\"min\":[-0.5,-0.5,-0.5],\"type\":\"VEC3\"},{\"bufferView\":36,\"componentType\":5126,\"count\":36,\"max\":[1,1,1],\"min\":[-1,-1,-1],\"type\":\"VEC3\"},{\"bufferView\":37,\"componentType\":5126,\"count\":36,\"max\":[1,1,1],\"min\":[1,1,1],\"type\":\"VEC3\"},{\"bufferView\":38,\"componentType\":5126,\"count\":36,\"max\":[0.519672155380249,0.17846153676509857],\"min\":[0,0],\"type\":\"VEC2\"},{\"bufferView\":39,\"componentType\":5126,\"count\":24,\"max\":[0.5,0.5,0.5],\"min\":[-0.5,-0.5,-0.5],\"type\":\"VEC3\"},{\"bufferView\":40,\"componentType\":5126,\"count\":36,\"max\":[0.5,0.5,0.5],\"min\":[-0.5,-0.5,-0.5],\"type\":\"VEC3\"},{\"bufferView\":41,\"componentType\":5126,\"count\":36,\"max\":[1,1,1],\"min\":[-1,-1,-1],\"type\":\"VEC3\"},{\"bufferView\":42,\"componentType\":5126,\"count\":36,\"max\":[1,1,1],\"min\":[1,1,1],\"type\":\"VEC3\"},{\"bufferView\":43,\"componentType\":5126,\"count\":36,\"max\":[0.2732240557670593,0.19230769574642181],\"min\":[0,0],\"type\":\"VEC2\"},{\"bufferView\":44,\"componentType\":5126,\"count\":24,\"max\":[0.5,0.5,0.5],\"min\":[-0.5,-0.5,-0.5],\"type\":\"VEC3\"},{\"bufferView\":45,\"componentType\":5126,\"count\":36,\"max\":[0.5,0.5,0.5],\"min\":[-0.5,-0.5,-0.5],\"type\":\"VEC3\"},{\"bufferView\":46,\"componentType\":5126,\"count\":36,\"max\":[1,1,1],\"min\":[-1,-1,-1],\"type\":\"VEC3\"},{\"bufferView\":47,\"componentType\":5126,\"count\":36,\"max\":[1,1,1],\"min\":[1,1,1],\"type\":\"VEC3\"},{\"bufferView\":48,\"componentType\":5126,\"count\":36,\"max\":[0.2732240557670593,0.19230769574642181],\"min\":[0,0],\"type\":\"VEC2\"},{\"bufferView\":49,\"componentType\":5126,\"count\":24,\"max\":[0.5,0.5,0.5],\"min\":[-0.5,-0.5,-0.5],\"type\":\"VEC3\"},{\"bufferView\":50,\"componentType\":5126,\"count\":36,\"max\":[0.5,0.5,0.5],\"min\":[-0.5,-0.5,-0.5],\"type\":\"VEC3\"},{\"bufferView\":51,\"componentType\":5126,\"count\":36,\"max\":[1,1,1],\"min\":[-1,-1,-1],\"type\":\"VEC3\"},{\"bufferView\":52,\"componentType\":5126,\"count\":36,\"max\":[1,1,1],\"min\":[1,1,1],\"type\":\"VEC3\"},{\"bufferView\":53,\"componentType\":5126,\"count\":36,\"max\":[0.519672155380249,0.12661539018154144],\"min\":[0,0],\"type\":\"VEC2\"},{\"bufferView\":54,\"componentType\":5126,\"count\":24,\"max\":[0.5,0.5,0.5],\"min\":[-0.5,-0.5,-0.5],\"type\":\"VEC3\"},{\"bufferView\":55,\"componentType\":5126,\"count\":36,\"max\":[0.5,0.5,0.5],\"min\":[-0.5,-0.5,-0.5],\"type\":\"VEC3\"},{\"bufferView\":56,\"componentType\":5126,\"count\":36,\"max\":[1,1,1],\"min\":[-1,-1,-1],\"type\":\"VEC3\"},{\"bufferView\":57,\"componentType\":5126,\"count\":36,\"max\":[1,1,1],\"min\":[1,1,1],\"type\":\"VEC3\"},{\"bufferView\":58,\"componentType\":5126,\"count\":36,\"max\":[0.519672155380249,0.12661539018154144],\"min\":[0,0],\"type\":\"VEC2\"},{\"bufferView\":59,\"componentType\":5126,\"count\":24,\"max\":[0.5,0.5,0.5],\"min\":[-0.5,-0.5,-0.5],\"type\":\"VEC3\"},{\"bufferView\":60,\"componentType\":5126,\"count\":36,\"max\":[0.5,0.5,0.5],\"min\":[-0.5,-0.5,-0.5],\"type\":\"VEC3\"},{\"bufferView\":61,\"componentType\":5126,\"count\":36,\"max\":[1,1,1],\"min\":[-1,-1,-1],\"type\":\"VEC3\"},{\"bufferView\":62,\"componentType\":5126,\"count\":36,\"max\":[1,1,1],\"min\":[1,1,1],\"type\":\"VEC3\"},{\"bufferView\":63,\"componentType\":5126,\"count\":36,\"max\":[0.5508196949958801,0.14969231188297272],\"min\":[0,0],\"type\":\"VEC2\"},{\"bufferView\":64,\"componentType\":5126,\"count\":24,\"max\":[0.5,0.5,0.5],\"min\":[-0.5,-0.5,-0.5],\"type\":\"VEC3\"},{\"bufferView\":65,\"componentType\":5126,\"count\":36,\"max\":[0.5,0.5,0.5],\"min\":[-0.5,-0.5,-0.5],\"type\":\"VEC3\"},{\"bufferView\":66,\"componentType\":5126,\"count\":36,\"max\":[1,1,1],\"min\":[-1,-1,-1],\"type\":\"VEC3\"},{\"bufferView\":67,\"componentType\":5126,\"count\":36,\"max\":[1,1,1],\"min\":[1,1,1],\"type\":\"VEC3\"},{\"bufferView\":68,\"componentType\":5126,\"count\":36,\"max\":[0.519672155380249,0.17846153676509857],\"min\":[0,0],\"type\":\"VEC2\"},{\"bufferView\":69,\"componentType\":5126,\"count\":24,\"max\":[0.5,0.5,0.5],\"min\":[-0.5,-0.5,-0.5],\"type\":\"VEC3\"},{\"bufferView\":70,\"componentType\":5126,\"count\":36,\"max\":[0.5,0.5,0.5],\"min\":[-0.5,-0.5,-0.5],\"type\":\"VEC3\"},{\"bufferView\":71,\"componentType\":5126,\"count\":36,\"max\":[1,1,1],\"min\":[-1,-1,-1],\"type\":\"VEC3\"},{\"bufferView\":72,\"componentType\":5126,\"count\":36,\"max\":[1,1,1],\"min\":[1,1,1],\"type\":\"VEC3\"},{\"bufferView\":73,\"componentType\":5126,\"count\":36,\"max\":[0.2732240557670593,0.19230769574642181],\"min\":[0,0],\"type\":\"VEC2\"},{\"bufferView\":74,\"componentType\":5126,\"count\":24,\"max\":[0.5,0.5,0.5],\"min\":[-0.5,-0.5,-0.5],\"type\":\"VEC3\"},{\"bufferView\":75,\"componentType\":5126,\"count\":36,\"max\":[0.5,0.5,0.5],\"min\":[-0.5,-0.5,-0.5],\"type\":\"VEC3\"},{\"bufferView\":76,\"componentType\":5126,\"count\":36,\"max\":[1,1,1],\"min\":[-1,-1,-1],\"type\":\"VEC3\"},{\"bufferView\":77,\"componentType\":5126,\"count\":36,\"max\":[1,1,1],\"min\":[1,1,1],\"type\":\"VEC3\"},{\"bufferView\":78,\"componentType\":5126,\"count\":36,\"max\":[0.2732240557670593,0.19230769574642181],\"min\":[0,0],\"type\":\"VEC2\"},{\"bufferView\":79,\"componentType\":5126,\"count\":24,\"max\":[0.5,0.5,0.5],\"min\":[-0.5,-0.5,-0.5],\"type\":\"VEC3\"},{\"bufferView\":80,\"componentType\":5126,\"count\":36,\"max\":[0.5,0.5,0.5],\"min\":[-0.5,-0.5,-0.5],\"type\":\"VEC3\"},{\"bufferView\":81,\"componentType\":5126,\"count\":36,\"max\":[1,1,1],\"min\":[-1,-1,-1],\"type\":\"VEC3\"},{\"bufferView\":82,\"componentType\":5126,\"count\":36,\"max\":[1,1,1],\"min\":[1,1,1],\"type\":\"VEC3\"},{\"bufferView\":83,\"componentType\":5126,\"count\":36,\"max\":[0.519672155380249,0.12661539018154144],\"min\":[0,0],\"type\":\"VEC2\"},{\"bufferView\":84,\"componentType\":5126,\"count\":24,\"max\":[0.5,0.5,0.5],\"min\":[-0.5,-0.5,-0.5],\"type\":\"VEC3\"},{\"bufferView\":85,\"componentType\":5126,\"count\":36,\"max\":[0.5,0.5,0.5],\"min\":[-0.5,-0.5,-0.5],\"type\":\"VEC3\"},{\"bufferView\":86,\"componentType\":5126,\"count\":36,\"max\":[1,1,1],\"min\":[-1,-1,-1],\"type\":\"VEC3\"},{\"bufferView\":87,\"componentType\":5126,\"count\":36,\"max\":[1,1,1],\"min\":[1,1,1],\"type\":\"VEC3\"},{\"bufferView\":88,\"componentType\":5126,\"count\":36,\"max\":[0.519672155380249,0.12661539018154144],\"min\":[0,0],\"type\":\"VEC2\"},{\"bufferView\":89,\"componentType\":5126,\"count\":24,\"max\":[0.5,0.5,0.5],\"min\":[-0.5,-0.5,-0.5],\"type\":\"VEC3\"},{\"bufferView\":90,\"componentType\":5126,\"count\":36,\"max\":[0.5,0.5,0.5],\"min\":[-0.5,-0.5,-0.5],\"type\":\"VEC3\"},{\"bufferView\":91,\"componentType\":5126,\"count\":36,\"max\":[1,1,1],\"min\":[-1,-1,-1],\"type\":\"VEC3\"},{\"bufferView\":92,\"componentType\":5126,\"count\":36,\"max\":[1,1,1],\"min\":[1,1,1],\"type\":\"VEC3\"},{\"bufferView\":93,\"componentType\":5126,\"count\":36,\"max\":[0.5508196949958801,0.14969231188297272],\"min\":[0,0],\"type\":\"VEC2\"},{\"bufferView\":94,\"componentType\":5126,\"count\":24,\"max\":[0.5,0.5,0.5],\"min\":[-0.5,-0.5,-0.5],\"type\":\"VEC3\"},{\"bufferView\":95,\"componentType\":5126,\"count\":36,\"max\":[0.5,0.5,0.5],\"min\":[-0.5,-0.5,-0.5],\"type\":\"VEC3\"},{\"bufferView\":96,\"componentType\":5126,\"count\":36,\"max\":[1,1,1],\"min\":[-1,-1,-1],\"type\":\"VEC3\"},{\"bufferView\":97,\"componentType\":5126,\"count\":36,\"max\":[1,1,1],\"min\":[1,1,1],\"type\":\"VEC3\"},{\"bufferView\":98,\"componentType\":5126,\"count\":36,\"max\":[0.519672155380249,0.17846153676509857],\"min\":[0,0],\"type\":\"VEC2\"},{\"bufferView\":99,\"componentType\":5126,\"count\":24,\"max\":[0.5,0.5,0.5],\"min\":[-0.5,-0.5,-0.5],\"type\":\"VEC3\"},{\"bufferView\":100,\"componentType\":5126,\"count\":36,\"max\":[0.5,0.5,0.5],\"min\":[-0.5,-0.5,-0.5],\"type\":\"VEC3\"},{\"bufferView\":101,\"componentType\":5126,\"count\":36,\"max\":[1,1,1],\"min\":[-1,-1,-1],\"type\":\"VEC3\"},{\"bufferView\":102,\"componentType\":5126,\"count\":36,\"max\":[1,1,1],\"min\":[1,1,1],\"type\":\"VEC3\"},{\"bufferView\":103,\"componentType\":5126,\"count\":36,\"max\":[0.2732240557670593,0.19230769574642181],\"min\":[0,0],\"type\":\"VEC2\"},{\"bufferView\":104,\"componentType\":5126,\"count\":24,\"max\":[0.5,0.5,0.5],\"min\":[-0.5,-0.5,-0.5],\"type\":\"VEC3\"},{\"bufferView\":105,\"componentType\":5126,\"count\":36,\"max\":[0.5,0.5,0.5],\"min\":[-0.5,-0.5,-0.5],\"type\":\"VEC3\"},{\"bufferView\":106,\"componentType\":5126,\"count\":36,\"max\":[1,1,1],\"min\":[-1,-1,-1],\"type\":\"VEC3\"},{\"bufferView\":107,\"componentType\":5126,\"count\":36,\"max\":[1,1,1],\"min\":[1,1,1],\"type\":\"VEC3\"},{\"bufferView\":108,\"componentType\":5126,\"count\":36,\"max\":[0.2732240557670593,0.19230769574642181],\"min\":[0,0],\"type\":\"VEC2\"},{\"bufferView\":109,\"componentType\":5126,\"count\":24,\"max\":[0.5,0.5,0.5],\"min\":[-0.5,-0.5,-0.5],\"type\":\"VEC3\"},{\"bufferView\":110,\"componentType\":5126,\"count\":36,\"max\":[0.5,0.5,0.5],\"min\":[-0.5,-0.5,-0.5],\"type\":\"VEC3\"},{\"bufferView\":111,\"componentType\":5126,\"count\":36,\"max\":[1,1,1],\"min\":[-1,-1,-1],\"type\":\"VEC3\"},{\"bufferView\":112,\"componentType\":5126,\"count\":36,\"max\":[1,1,1],\"min\":[1,1,1],\"type\":\"VEC3\"},{\"bufferView\":113,\"componentType\":5126,\"count\":36,\"max\":[0.519672155380249,0.12661539018154144],\"min\":[0,0],\"type\":\"VEC2\"},{\"bufferView\":114,\"componentType\":5126,\"count\":24,\"max\":[0.5,0.5,0.5],\"min\":[-0.5,-0.5,-0.5],\"type\":\"VEC3\"},{\"bufferView\":115,\"componentType\":5126,\"count\":36,\"max\":[0.5,0.5,0.5],\"min\":[-0.5,-0.5,-0.5],\"type\":\"VEC3\"},{\"bufferView\":116,\"componentType\":5126,\"count\":36,\"max\":[1,1,1],\"min\":[-1,-1,-1],\"type\":\"VEC3\"},{\"bufferView\":117,\"componentType\":5126,\"count\":36,\"max\":[1,1,1],\"min\":[1,1,1],\"type\":\"VEC3\"},{\"bufferView\":118,\"componentType\":5126,\"count\":36,\"max\":[0.519672155380249,0.12661539018154144],\"min\":[0,0],\"type\":\"VEC2\"},{\"bufferView\":119,\"componentType\":5126,\"count\":24,\"max\":[0.5,0.5,0.5],\"min\":[-0.5,-0.5,-0.5],\"type\":\"VEC3\"},{\"bufferView\":120,\"componentType\":5126,\"count\":36,\"max\":[0.5,0.5,0.5],\"min\":[-0.5,-0.5,-0.5],\"type\":\"VEC3\"},{\"bufferView\":121,\"componentType\":5126,\"count\":36,\"max\":[1,1,1],\"min\":[-1,-1,-1],\"type\":\"VEC3\"},{\"bufferView\":122,\"componentType\":5126,\"count\":36,\"max\":[1,1,1],\"min\":[1,1,1],\"type\":\"VEC3\"},{\"bufferView\":123,\"componentType\":5126,\"count\":36,\"max\":[0.5508196949958801,0.14969231188297272],\"min\":[0,0],\"type\":\"VEC2\"},{\"bufferView\":124,\"componentType\":5126,\"count\":24,\"max\":[0.5,0.5,0.5],\"min\":[-0.5,-0.5,-0.5],\"type\":\"VEC3\"},{\"bufferView\":125,\"componentType\":5126,\"count\":36,\"max\":[0.5,0.5,0.5],\"min\":[-0.5,-0.5,-0.5],\"type\":\"VEC3\"},{\"bufferView\":126,\"componentType\":5126,\"count\":36,\"max\":[1,1,1],\"min\":[-1,-1,-1],\"type\":\"VEC3\"},{\"bufferView\":127,\"componentType\":5126,\"count\":36,\"max\":[1,1,1],\"min\":[1,1,1],\"type\":\"VEC3\"},{\"bufferView\":128,\"componentType\":5126,\"count\":36,\"max\":[0.519672155380249,0.17846153676509857],\"min\":[0,0],\"type\":\"VEC2\"},{\"bufferView\":129,\"componentType\":5126,\"count\":24,\"max\":[0.5,0.5,0.5],\"min\":[-0.5,-0.5,-0.5],\"type\":\"VEC3\"},{\"bufferView\":130,\"componentType\":5126,\"count\":36,\"max\":[0.5,0.5,0.5],\"min\":[-0.5,-0.5,-0.5],\"type\":\"VEC3\"},{\"bufferView\":131,\"componentType\":5126,\"count\":36,\"max\":[1,1,1],\"min\":[-1,-1,-1],\"type\":\"VEC3\"},{\"bufferView\":132,\"componentType\":5126,\"count\":36,\"max\":[1,1,1],\"min\":[1,1,1],\"type\":\"VEC3\"},{\"bufferView\":133,\"componentType\":5126,\"count\":36,\"max\":[0.2732240557670593,0.19230769574642181],\"min\":[0,0],\"type\":\"VEC2\"},{\"bufferView\":134,\"componentType\":5126,\"count\":24,\"max\":[0.5,0.5,0.5],\"min\":[-0.5,-0.5,-0.5],\"type\":\"VEC3\"},{\"bufferView\":135,\"componentType\":5126,\"count\":36,\"max\":[0.5,0.5,0.5],\"min\":[-0.5,-0.5,-0.5],\"type\":\"VEC3\"},{\"bufferView\":136,\"componentType\":5126,\"count\":36,\"max\":[1,1,1],\"min\":[-1,-1,-1],\"type\":\"VEC3\"},{\"bufferView\":137,\"componentType\":5126,\"count\":36,\"max\":[1,1,1],\"min\":[1,1,1],\"type\":\"VEC3\"},{\"bufferView\":138,\"componentType\":5126,\"count\":36,\"max\":[0.2732240557670593,0.19230769574642181],\"min\":[0,0],\"type\":\"VEC2\"},{\"bufferView\":139,\"componentType\":5126,\"count\":24,\"max\":[0.5,0.5,0.5],\"min\":[-0.5,-0.5,-0.5],\"type\":\"VEC3\"},{\"bufferView\":140,\"componentType\":5126,\"count\":36,\"max\":[0.5,0.5,0.5],\"min\":[-0.5,-0.5,-0.5],\"type\":\"VEC3\"},{\"bufferView\":141,\"componentType\":5126,\"count\":36,\"max\":[1,1,1],\"min\":[-1,-1,-1],\"type\":\"VEC3\"},{\"bufferView\":142,\"componentType\":5126,\"count\":36,\"max\":[1,1,1],\"min\":[1,1,1],\"type\":\"VEC3\"},{\"bufferView\":143,\"componentType\":5126,\"count\":36,\"max\":[0.519672155380249,0.12661539018154144],\"min\":[0,0],\"type\":\"VEC2\"},{\"bufferView\":144,\"componentType\":5126,\"count\":24,\"max\":[0.5,0.5,0.5],\"min\":[-0.5,-0.5,-0.5],\"type\":\"VEC3\"},{\"bufferView\":145,\"componentType\":5126,\"count\":36,\"max\":[0.5,0.5,0.5],\"min\":[-0.5,-0.5,-0.5],\"type\":\"VEC3\"},{\"bufferView\":146,\"componentType\":5126,\"count\":36,\"max\":[1,1,1],\"min\":[-1,-1,-1],\"type\":\"VEC3\"},{\"bufferView\":147,\"componentType\":5126,\"count\":36,\"max\":[1,1,1],\"min\":[1,1,1],\"type\":\"VEC3\"},{\"bufferView\":148,\"componentType\":5126,\"count\":36,\"max\":[0.519672155380249,0.12661539018154144],\"min\":[0,0],\"type\":\"VEC2\"},{\"bufferView\":149,\"componentType\":5126,\"count\":24,\"max\":[0.5,0.5,0.5],\"min\":[-0.5,-0.5,-0.5],\"type\":\"VEC3\"},{\"bufferView\":150,\"componentType\":5126,\"count\":36,\"max\":[0.5,0.5,0.5],\"min\":[-0.5,-0.5,-0.5],\"type\":\"VEC3\"},{\"bufferView\":151,\"componentType\":5126,\"count\":36,\"max\":[1,1,1],\"min\":[-1,-1,-1],\"type\":\"VEC3\"},{\"bufferView\":152,\"componentType\":5126,\"count\":36,\"max\":[1,1,1],\"min\":[1,1,1],\"type\":\"VEC3\"},{\"bufferView\":153,\"componentType\":5126,\"count\":36,\"max\":[0.32786884903907776,0.7692307829856873],\"min\":[0,0],\"type\":\"VEC2\"},{\"bufferView\":154,\"componentType\":5126,\"count\":24,\"max\":[0.5,0.5,0.5],\"min\":[-0.5,-0.5,-0.5],\"type\":\"VEC3\"},{\"bufferView\":155,\"componentType\":5126,\"count\":36,\"max\":[0.5,0.5,0.5],\"min\":[-0.5,-0.5,-0.5],\"type\":\"VEC3\"},{\"bufferView\":156,\"componentType\":5126,\"count\":36,\"max\":[1,1,1],\"min\":[-1,-1,-1],\"type\":\"VEC3\"},{\"bufferView\":157,\"componentType\":5126,\"count\":36,\"max\":[1,1,1],\"min\":[1,1,1],\"type\":\"VEC3\"},{\"bufferView\":158,\"componentType\":5126,\"count\":36,\"max\":[0.32786884903907776,0.7692307829856873],\"min\":[0,0],\"type\":\"VEC2\"},{\"bufferView\":159,\"componentType\":5126,\"count\":24,\"max\":[0.5,0.5,0.5],\"min\":[-0.5,-0.5,-0.5],\"type\":\"VEC3\"},{\"bufferView\":160,\"componentType\":5126,\"count\":36,\"max\":[0.5,0.5,0.5],\"min\":[-0.5,-0.5,-0.5],\"type\":\"VEC3\"},{\"bufferView\":161,\"componentType\":5126,\"count\":36,\"max\":[1,1,1],\"min\":[-1,-1,-1],\"type\":\"VEC3\"},{\"bufferView\":162,\"componentType\":5126,\"count\":36,\"max\":[1,1,1],\"min\":[1,1,1],\"type\":\"VEC3\"},{\"bufferView\":163,\"componentType\":5126,\"count\":36,\"max\":[1.619672179222107,0.23076923191547394],\"min\":[0,0],\"type\":\"VEC2\"},{\"bufferView\":164,\"componentType\":5126,\"count\":24,\"max\":[0.5,0.5,0.5],\"min\":[-0.5,-0.5,-0.5],\"type\":\"VEC3\"},{\"bufferView\":165,\"componentType\":5126,\"count\":36,\"max\":[0.5,0.5,0.5],\"min\":[-0.5,-0.5,-0.5],\"type\":\"VEC3\"},{\"bufferView\":166,\"componentType\":5126,\"count\":36,\"max\":[1,1,1],\"min\":[-1,-1,-1],\"type\":\"VEC3\"},{\"bufferView\":167,\"componentType\":5126,\"count\":36,\"max\":[1,1,1],\"min\":[1,1,1],\"type\":\"VEC3\"},{\"bufferView\":168,\"componentType\":5126,\"count\":36,\"max\":[1.619672179222107,0.23076923191547394],\"min\":[0,0],\"type\":\"VEC2\"},{\"bufferView\":169,\"componentType\":5126,\"count\":24,\"max\":[0.5,0.5,0.5],\"min\":[-0.5,-0.5,-0.5],\"type\":\"VEC3\"},{\"bufferView\":170,\"componentType\":5126,\"count\":36,\"max\":[0.5,0.5,0.5],\"min\":[-0.5,-0.5,-0.5],\"type\":\"VEC3\"},{\"bufferView\":171,\"componentType\":5126,\"count\":36,\"max\":[1,1,1],\"min\":[-1,-1,-1],\"type\":\"VEC3\"},{\"bufferView\":172,\"componentType\":5126,\"count\":36,\"max\":[1,1,1],\"min\":[1,1,1],\"type\":\"VEC3\"},{\"bufferView\":173,\"componentType\":5126,\"count\":36,\"max\":[0.32786884903907776,0.755384624004364],\"min\":[0,0],\"type\":\"VEC2\"},{\"bufferView\":174,\"componentType\":5126,\"count\":24,\"max\":[0.5,0.5,0.5],\"min\":[-0.5,-0.5,-0.5],\"type\":\"VEC3\"},{\"bufferView\":175,\"componentType\":5126,\"count\":36,\"max\":[0.5,0.5,0.5],\"min\":[-0.5,-0.5,-0.5],\"type\":\"VEC3\"},{\"bufferView\":176,\"componentType\":5126,\"count\":36,\"max\":[1,1,1],\"min\":[-1,-1,-1],\"type\":\"VEC3\"},{\"bufferView\":177,\"componentType\":5126,\"count\":36,\"max\":[1,1,1],\"min\":[1,1,1],\"type\":\"VEC3\"},{\"bufferView\":178,\"componentType\":5126,\"count\":36,\"max\":[0.32786884903907776,0.755384624004364],\"min\":[0,0],\"type\":\"VEC2\"},{\"bufferView\":179,\"componentType\":5126,\"count\":24,\"max\":[0.5,0.5,0.5],\"min\":[-0.5,-0.5,-0.5],\"type\":\"VEC3\"},{\"bufferView\":180,\"componentType\":5126,\"count\":36,\"max\":[0.5,0.5,0.5],\"min\":[-0.5,-0.5,-0.5],\"type\":\"VEC3\"},{\"bufferView\":181,\"componentType\":5126,\"count\":36,\"max\":[1,1,1],\"min\":[-1,-1,-1],\"type\":\"VEC3\"},{\"bufferView\":182,\"componentType\":5126,\"count\":36,\"max\":[1,1,1],\"min\":[1,1,1],\"type\":\"VEC3\"},{\"bufferView\":183,\"componentType\":5126,\"count\":36,\"max\":[0.8273224234580994,0.23076923191547394],\"min\":[0,0],\"type\":\"VEC2\"},{\"bufferView\":184,\"componentType\":5126,\"count\":24,\"max\":[0.5,0.5,0.5],\"min\":[-0.5,-0.5,-0.5],\"type\":\"VEC3\"},{\"bufferView\":185,\"componentType\":5126,\"count\":36,\"max\":[0.5,0.5,0.5],\"min\":[-0.5,-0.5,-0.5],\"type\":\"VEC3\"},{\"bufferView\":186,\"componentType\":5126,\"count\":36,\"max\":[1,1,1],\"min\":[-1,-1,-1],\"type\":\"VEC3\"},{\"bufferView\":187,\"componentType\":5126,\"count\":36,\"max\":[1,1,1],\"min\":[1,1,1],\"type\":\"VEC3\"},{\"bufferView\":188,\"componentType\":5126,\"count\":36,\"max\":[0.8273224234580994,0.23076923191547394],\"min\":[0,0],\"type\":\"VEC2\"},{\"bufferView\":189,\"componentType\":5126,\"count\":24,\"max\":[0.5,0.5,0.5],\"min\":[-0.5,-0.5,-0.5],\"type\":\"VEC3\"},{\"bufferView\":190,\"componentType\":5126,\"count\":36,\"max\":[0.5,0.5,0.5],\"min\":[-0.5,-0.5,-0.5],\"type\":\"VEC3\"},{\"bufferView\":191,\"componentType\":5126,\"count\":36,\"max\":[1,1,1],\"min\":[-1,-1,-1],\"type\":\"VEC3\"},{\"bufferView\":192,\"componentType\":5126,\"count\":36,\"max\":[1,1,1],\"min\":[1,1,1],\"type\":\"VEC3\"},{\"bufferView\":193,\"componentType\":5126,\"count\":36,\"max\":[0.8273224234580994,0.23076923191547394],\"min\":[0,0],\"type\":\"VEC2\"},{\"bufferView\":194,\"componentType\":5126,\"count\":24,\"max\":[0.5,0.5,0.5],\"min\":[-0.5,-0.5,-0.5],\"type\":\"VEC3\"},{\"bufferView\":195,\"componentType\":5126,\"count\":36,\"max\":[0.5,0.5,0.5],\"min\":[-0.5,-0.5,-0.5],\"type\":\"VEC3\"},{\"bufferView\":196,\"componentType\":5126,\"count\":36,\"max\":[1,1,1],\"min\":[-1,-1,-1],\"type\":\"VEC3\"},{\"bufferView\":197,\"componentType\":5126,\"count\":36,\"max\":[1,1,1],\"min\":[1,1,1],\"type\":\"VEC3\"},{\"bufferView\":198,\"componentType\":5126,\"count\":36,\"max\":[1.3661202192306519,0.19230769574642181],\"min\":[0,0],\"type\":\"VEC2\"},{\"bufferView\":199,\"componentType\":5126,\"count\":24,\"max\":[0.5,0.5,0.5],\"min\":[-0.5,-0.5,-0.5],\"type\":\"VEC3\"},{\"bufferView\":200,\"componentType\":5126,\"count\":36,\"max\":[0.5,0.5,0.5],\"min\":[-0.5,-0.5,-0.5],\"type\":\"VEC3\"},{\"bufferView\":201,\"componentType\":5126,\"count\":36,\"max\":[1,1,1],\"min\":[-1,-1,-1],\"type\":\"VEC3\"},{\"bufferView\":202,\"componentType\":5126,\"count\":36,\"max\":[1,1,1],\"min\":[1,1,1],\"type\":\"VEC3\"},{\"bufferView\":203,\"componentType\":5126,\"count\":36,\"max\":[1.3661202192306519,0.19230769574642181],\"min\":[0,0],\"type\":\"VEC2\"},{\"bufferView\":204,\"componentType\":5126,\"count\":24,\"max\":[0.5,0.5,0.5],\"min\":[-0.5,-0.5,-0.5],\"type\":\"VEC3\"},{\"bufferView\":205,\"componentType\":5126,\"count\":36,\"max\":[0.5,0.5,0.5],\"min\":[-0.5,-0.5,-0.5],\"type\":\"VEC3\"},{\"bufferView\":206,\"componentType\":5126,\"count\":36,\"max\":[1,1,1],\"min\":[-1,-1,-1],\"type\":\"VEC3\"},{\"bufferView\":207,\"componentType\":5126,\"count\":36,\"max\":[1,1,1],\"min\":[1,1,1],\"type\":\"VEC3\"},{\"bufferView\":208,\"componentType\":5126,\"count\":36,\"max\":[0.2732240557670593,0.947692334651947],\"min\":[0,0],\"type\":\"VEC2\"},{\"bufferView\":209,\"componentType\":5126,\"count\":24,\"max\":[0.5,0.5,0.5],\"min\":[-0.5,-0.5,-0.5],\"type\":\"VEC3\"},{\"bufferView\":210,\"componentType\":5126,\"count\":36,\"max\":[0.5,0.5,0.5],\"min\":[-0.5,-0.5,-0.5],\"type\":\"VEC3\"},{\"bufferView\":211,\"componentType\":5126,\"count\":36,\"max\":[1,1,1],\"min\":[-1,-1,-1],\"type\":\"VEC3\"},{\"bufferView\":212,\"componentType\":5126,\"count\":36,\"max\":[1,1,1],\"min\":[1,1,1],\"type\":\"VEC3\"},{\"bufferView\":213,\"componentType\":5126,\"count\":36,\"max\":[0.2732240557670593,0.947692334651947],\"min\":[0,0],\"type\":\"VEC2\"},{\"bufferView\":214,\"componentType\":5126,\"count\":24,\"max\":[0.5,0.5,0.5],\"min\":[-0.5,-0.5,-0.5],\"type\":\"VEC3\"}],\"materials\":[{\"pbrMetallicRoughness\":{\"metallicFactor\":0,\"roughnessFactor\":1}},{\"pbrMetallicRoughness\":{\"baseColorFactor\":[0,0,0,1],\"metallicFactor\":0.5,\"roughnessFactor\":0.5}},{\"pbrMetallicRoughness\":{\"metallicFactor\":0,\"roughnessFactor\":1}},{\"pbrMetallicRoughness\":{\"baseColorFactor\":[0,0,0,1],\"metallicFactor\":0.5,\"roughnessFactor\":0.5}},{\"pbrMetallicRoughness\":{\"metallicFactor\":0,\"roughnessFactor\":1}},{\"pbrMetallicRoughness\":{\"baseColorFactor\":[0,0,0,1],\"metallicFactor\":0.5,\"roughnessFactor\":0.5}},{\"pbrMetallicRoughness\":{\"metallicFactor\":0,\"roughnessFactor\":1}},{\"pbrMetallicRoughness\":{\"baseColorFactor\":[0,0,0,1],\"metallicFactor\":0.5,\"roughnessFactor\":0.5}},{\"pbrMetallicRoughness\":{\"metallicFactor\":0,\"roughnessFactor\":1}},{\"pbrMetallicRoughness\":{\"baseColorFactor\":[0,0,0,1],\"metallicFactor\":0.5,\"roughnessFactor\":0.5}},{\"pbrMetallicRoughness\":{\"metallicFactor\":0,\"roughnessFactor\":1}},{\"pbrMetallicRoughness\":{\"baseColorFactor\":[0,0,0,1],\"metallicFactor\":0.5,\"roughnessFactor\":0.5}},{\"pbrMetallicRoughness\":{\"metallicFactor\":0,\"roughnessFactor\":1}},{\"pbrMetallicRoughness\":{\"baseColorFactor\":[0,0,0,1],\"metallicFactor\":0.5,\"roughnessFactor\":0.5}},{\"pbrMetallicRoughness\":{\"metallicFactor\":0,\"roughnessFactor\":1}},{\"pbrMetallicRoughness\":{\"baseColorFactor\":[0,0,0,1],\"metallicFactor\":0.5,\"roughnessFactor\":0.5}},{\"pbrMetallicRoughness\":{\"metallicFactor\":0,\"roughnessFactor\":1}},{\"pbrMetallicRoughness\":{\"baseColorFactor\":[0,0,0,1],\"metallicFactor\":0.5,\"roughnessFactor\":0.5}},{\"pbrMetallicRoughness\":{\"metallicFactor\":0,\"roughnessFactor\":1}},{\"pbrMetallicRoughness\":{\"baseColorFactor\":[0,0,0,1],\"metallicFactor\":0.5,\"roughnessFactor\":0.5}},{\"pbrMetallicRoughness\":{\"metallicFactor\":0,\"roughnessFactor\":1}},{\"pbrMetallicRoughness\":{\"baseColorFactor\":[0,0,0,1],\"metallicFactor\":0.5,\"roughnessFactor\":0.5}},{\"pbrMetallicRoughness\":{\"metallicFactor\":0,\"roughnessFactor\":1}},{\"pbrMetallicRoughness\":{\"baseColorFactor\":[0,0,0,1],\"metallicFactor\":0.5,\"roughnessFactor\":0.5}},{\"pbrMetallicRoughness\":{\"metallicFactor\":0,\"roughnessFactor\":1}},{\"pbrMetallicRoughness\":{\"baseColorFactor\":[0,0,0,1],\"metallicFactor\":0.5,\"roughnessFactor\":0.5}},{\"pbrMetallicRoughness\":{\"metallicFactor\":0,\"roughnessFactor\":1}},{\"pbrMetallicRoughness\":{\"baseColorFactor\":[0,0,0,1],\"metallicFactor\":0.5,\"roughnessFactor\":0.5}},{\"pbrMetallicRoughness\":{\"metallicFactor\":0,\"roughnessFactor\":1}},{\"pbrMetallicRoughness\":{\"baseColorFactor\":[0,0,0,1],\"metallicFactor\":0.5,\"roughnessFactor\":0.5}},{\"pbrMetallicRoughness\":{\"metallicFactor\":0,\"roughnessFactor\":1}},{\"pbrMetallicRoughness\":{\"baseColorFactor\":[0,0,0,1],\"metallicFactor\":0.5,\"roughnessFactor\":0.5}},{\"pbrMetallicRoughness\":{\"metallicFactor\":0,\"roughnessFactor\":1}},{\"pbrMetallicRoughness\":{\"baseColorFactor\":[0,0,0,1],\"metallicFactor\":0.5,\"roughnessFactor\":0.5}},{\"pbrMetallicRoughness\":{\"metallicFactor\":0,\"roughnessFactor\":1}},{\"pbrMetallicRoughness\":{\"baseColorFactor\":[0,0,0,1],\"metallicFactor\":0.5,\"roughnessFactor\":0.5}},{\"pbrMetallicRoughness\":{\"metallicFactor\":0,\"roughnessFactor\":1}},{\"pbrMetallicRoughness\":{\"baseColorFactor\":[0,0,0,1],\"metallicFactor\":0.5,\"roughnessFactor\":0.5}},{\"pbrMetallicRoughness\":{\"metallicFactor\":0,\"roughnessFactor\":1}},{\"pbrMetallicRoughness\":{\"baseColorFactor\":[0,0,0,1],\"metallicFactor\":0.5,\"roughnessFactor\":0.5}},{\"pbrMetallicRoughness\":{\"metallicFactor\":0,\"roughnessFactor\":1}},{\"pbrMetallicRoughness\":{\"baseColorFactor\":[0,0,0,1],\"metallicFactor\":0.5,\"roughnessFactor\":0.5}},{\"pbrMetallicRoughness\":{\"metallicFactor\":0,\"roughnessFactor\":1}},{\"pbrMetallicRoughness\":{\"baseColorFactor\":[0,0,0,1],\"metallicFactor\":0.5,\"roughnessFactor\":0.5}},{\"pbrMetallicRoughness\":{\"metallicFactor\":0,\"roughnessFactor\":1}},{\"pbrMetallicRoughness\":{\"baseColorFactor\":[0,0,0,1],\"metallicFactor\":0.5,\"roughnessFactor\":0.5}},{\"pbrMetallicRoughness\":{\"metallicFactor\":0,\"roughnessFactor\":1}},{\"pbrMetallicRoughness\":{\"baseColorFactor\":[0,0,0,1],\"metallicFactor\":0.5,\"roughnessFactor\":0.5}},{\"pbrMetallicRoughness\":{\"metallicFactor\":0,\"roughnessFactor\":1}},{\"pbrMetallicRoughness\":{\"baseColorFactor\":[0,0,0,1],\"metallicFactor\":0.5,\"roughnessFactor\":0.5}},{\"pbrMetallicRoughness\":{\"metallicFactor\":0,\"roughnessFactor\":1}},{\"pbrMetallicRoughness\":{\"baseColorFactor\":[0,0,0,1],\"metallicFactor\":0.5,\"roughnessFactor\":0.5}},{\"pbrMetallicRoughness\":{\"metallicFactor\":0,\"roughnessFactor\":1}},{\"pbrMetallicRoughness\":{\"baseColorFactor\":[0,0,0,1],\"metallicFactor\":0.5,\"roughnessFactor\":0.5}},{\"pbrMetallicRoughness\":{\"metallicFactor\":0,\"roughnessFactor\":1}},{\"pbrMetallicRoughness\":{\"baseColorFactor\":[0,0,0,1],\"metallicFactor\":0.5,\"roughnessFactor\":0.5}},{\"pbrMetallicRoughness\":{\"metallicFactor\":0,\"roughnessFactor\":1}},{\"pbrMetallicRoughness\":{\"baseColorFactor\":[0,0,0,1],\"metallicFactor\":0.5,\"roughnessFactor\":0.5}},{\"pbrMetallicRoughness\":{\"metallicFactor\":0,\"roughnessFactor\":1}},{\"pbrMetallicRoughness\":{\"baseColorFactor\":[0,0,0,1],\"metallicFactor\":0.5,\"roughnessFactor\":0.5}},{\"pbrMetallicRoughness\":{\"metallicFactor\":0,\"roughnessFactor\":1}},{\"pbrMetallicRoughness\":{\"baseColorFactor\":[0,0,0,1],\"metallicFactor\":0.5,\"roughnessFactor\":0.5}},{\"pbrMetallicRoughness\":{\"metallicFactor\":0,\"roughnessFactor\":1}},{\"pbrMetallicRoughness\":{\"baseColorFactor\":[0,0,0,1],\"metallicFactor\":0.5,\"roughnessFactor\":0.5}},{\"pbrMetallicRoughness\":{\"metallicFactor\":0,\"roughnessFactor\":1}},{\"pbrMetallicRoughness\":{\"baseColorFactor\":[0,0,0,1],\"metallicFactor\":0.5,\"roughnessFactor\":0.5}},{\"pbrMetallicRoughness\":{\"metallicFactor\":0,\"roughnessFactor\":1}},{\"pbrMetallicRoughness\":{\"baseColorFactor\":[0,0,0,1],\"metallicFactor\":0.5,\"roughnessFactor\":0.5}},{\"pbrMetallicRoughness\":{\"metallicFactor\":0,\"roughnessFactor\":1}},{\"pbrMetallicRoughness\":{\"baseColorFactor\":[0,0,0,1],\"metallicFactor\":0.5,\"roughnessFactor\":0.5}},{\"pbrMetallicRoughness\":{\"metallicFactor\":0,\"roughnessFactor\":1}},{\"pbrMetallicRoughness\":{\"baseColorFactor\":[0,0,0,1],\"metallicFactor\":0.5,\"roughnessFactor\":0.5}},{\"pbrMetallicRoughness\":{\"metallicFactor\":0,\"roughnessFactor\":1}},{\"pbrMetallicRoughness\":{\"baseColorFactor\":[0,0,0,1],\"metallicFactor\":0.5,\"roughnessFactor\":0.5}},{\"pbrMetallicRoughness\":{\"metallicFactor\":0,\"roughnessFactor\":1}},{\"pbrMetallicRoughness\":{\"baseColorFactor\":[0,0,0,1],\"metallicFactor\":0.5,\"roughnessFactor\":0.5}},{\"pbrMetallicRoughness\":{\"metallicFactor\":0,\"roughnessFactor\":1}},{\"pbrMetallicRoughness\":{\"baseColorFactor\":[0,0,0,1],\"metallicFactor\":0.5,\"roughnessFactor\":0.5}},{\"pbrMetallicRoughness\":{\"metallicFactor\":0,\"roughnessFactor\":1}},{\"pbrMetallicRoughness\":{\"baseColorFactor\":[0,0,0,1],\"metallicFactor\":0.5,\"roughnessFactor\":0.5}},{\"pbrMetallicRoughness\":{\"metallicFactor\":0,\"roughnessFactor\":1}},{\"pbrMetallicRoughness\":{\"baseColorFactor\":[0,0,0,1],\"metallicFactor\":0.5,\"roughnessFactor\":0.5}},{\"pbrMetallicRoughness\":{\"metallicFactor\":0,\"roughnessFactor\":1}},{\"pbrMetallicRoughness\":{\"baseColorFactor\":[0,0,0,1],\"metallicFactor\":0.5,\"roughnessFactor\":0.5}},{\"pbrMetallicRoughness\":{\"metallicFactor\":0,\"roughnessFactor\":1}},{\"pbrMetallicRoughness\":{\"baseColorFactor\":[0,0,0,1],\"metallicFactor\":0.5,\"roughnessFactor\":0.5}}],\"meshes\":[{\"primitives\":[{\"mode\":4,\"attributes\":{\"POSITION\":0,\"NORMAL\":1,\"COLOR_0\":2,\"TEXCOORD_0\":3},\"material\":0}]},{\"primitives\":[{\"mode\":1,\"attributes\":{\"POSITION\":4},\"material\":1}]},{\"primitives\":[{\"mode\":4,\"attributes\":{\"POSITION\":5,\"NORMAL\":6,\"COLOR_0\":7,\"TEXCOORD_0\":8},\"material\":2}]},{\"primitives\":[{\"mode\":1,\"attributes\":{\"POSITION\":9},\"material\":3}]},{\"primitives\":[{\"mode\":4,\"attributes\":{\"POSITION\":10,\"NORMAL\":11,\"COLOR_0\":12,\"TEXCOORD_0\":13},\"material\":4}]},{\"primitives\":[{\"mode\":1,\"attributes\":{\"POSITION\":14},\"material\":5}]},{\"primitives\":[{\"mode\":4,\"attributes\":{\"POSITION\":15,\"NORMAL\":16,\"COLOR_0\":17,\"TEXCOORD_0\":18},\"material\":6}]},{\"primitives\":[{\"mode\":1,\"attributes\":{\"POSITION\":19},\"material\":7}]},{\"primitives\":[{\"mode\":4,\"attributes\":{\"POSITION\":20,\"NORMAL\":21,\"COLOR_0\":22,\"TEXCOORD_0\":23},\"material\":8}]},{\"primitives\":[{\"mode\":1,\"attributes\":{\"POSITION\":24},\"material\":9}]},{\"primitives\":[{\"mode\":4,\"attributes\":{\"POSITION\":25,\"NORMAL\":26,\"COLOR_0\":27,\"TEXCOORD_0\":28},\"material\":10}]},{\"primitives\":[{\"mode\":1,\"attributes\":{\"POSITION\":29},\"material\":11}]},{\"primitives\":[{\"mode\":4,\"attributes\":{\"POSITION\":30,\"NORMAL\":31,\"COLOR_0\":32,\"TEXCOORD_0\":33},\"material\":12}]},{\"primitives\":[{\"mode\":1,\"attributes\":{\"POSITION\":34},\"material\":13}]},{\"primitives\":[{\"mode\":4,\"attributes\":{\"POSITION\":35,\"NORMAL\":36,\"COLOR_0\":37,\"TEXCOORD_0\":38},\"material\":14}]},{\"primitives\":[{\"mode\":1,\"attributes\":{\"POSITION\":39},\"material\":15}]},{\"primitives\":[{\"mode\":4,\"attributes\":{\"POSITION\":40,\"NORMAL\":41,\"COLOR_0\":42,\"TEXCOORD_0\":43},\"material\":16}]},{\"primitives\":[{\"mode\":1,\"attributes\":{\"POSITION\":44},\"material\":17}]},{\"primitives\":[{\"mode\":4,\"attributes\":{\"POSITION\":45,\"NORMAL\":46,\"COLOR_0\":47,\"TEXCOORD_0\":48},\"material\":18}]},{\"primitives\":[{\"mode\":1,\"attributes\":{\"POSITION\":49},\"material\":19}]},{\"primitives\":[{\"mode\":4,\"attributes\":{\"POSITION\":50,\"NORMAL\":51,\"COLOR_0\":52,\"TEXCOORD_0\":53},\"material\":20}]},{\"primitives\":[{\"mode\":1,\"attributes\":{\"POSITION\":54},\"material\":21}]},{\"primitives\":[{\"mode\":4,\"attributes\":{\"POSITION\":55,\"NORMAL\":56,\"COLOR_0\":57,\"TEXCOORD_0\":58},\"material\":22}]},{\"primitives\":[{\"mode\":1,\"attributes\":{\"POSITION\":59},\"material\":23}]},{\"primitives\":[{\"mode\":4,\"attributes\":{\"POSITION\":60,\"NORMAL\":61,\"COLOR_0\":62,\"TEXCOORD_0\":63},\"material\":24}]},{\"primitives\":[{\"mode\":1,\"attributes\":{\"POSITION\":64},\"material\":25}]},{\"primitives\":[{\"mode\":4,\"attributes\":{\"POSITION\":65,\"NORMAL\":66,\"COLOR_0\":67,\"TEXCOORD_0\":68},\"material\":26}]},{\"primitives\":[{\"mode\":1,\"attributes\":{\"POSITION\":69},\"material\":27}]},{\"primitives\":[{\"mode\":4,\"attributes\":{\"POSITION\":70,\"NORMAL\":71,\"COLOR_0\":72,\"TEXCOORD_0\":73},\"material\":28}]},{\"primitives\":[{\"mode\":1,\"attributes\":{\"POSITION\":74},\"material\":29}]},{\"primitives\":[{\"mode\":4,\"attributes\":{\"POSITION\":75,\"NORMAL\":76,\"COLOR_0\":77,\"TEXCOORD_0\":78},\"material\":30}]},{\"primitives\":[{\"mode\":1,\"attributes\":{\"POSITION\":79},\"material\":31}]},{\"primitives\":[{\"mode\":4,\"attributes\":{\"POSITION\":80,\"NORMAL\":81,\"COLOR_0\":82,\"TEXCOORD_0\":83},\"material\":32}]},{\"primitives\":[{\"mode\":1,\"attributes\":{\"POSITION\":84},\"material\":33}]},{\"primitives\":[{\"mode\":4,\"attributes\":{\"POSITION\":85,\"NORMAL\":86,\"COLOR_0\":87,\"TEXCOORD_0\":88},\"material\":34}]},{\"primitives\":[{\"mode\":1,\"attributes\":{\"POSITION\":89},\"material\":35}]},{\"primitives\":[{\"mode\":4,\"attributes\":{\"POSITION\":90,\"NORMAL\":91,\"COLOR_0\":92,\"TEXCOORD_0\":93},\"material\":36}]},{\"primitives\":[{\"mode\":1,\"attributes\":{\"POSITION\":94},\"material\":37}]},{\"primitives\":[{\"mode\":4,\"attributes\":{\"POSITION\":95,\"NORMAL\":96,\"COLOR_0\":97,\"TEXCOORD_0\":98},\"material\":38}]},{\"primitives\":[{\"mode\":1,\"attributes\":{\"POSITION\":99},\"material\":39}]},{\"primitives\":[{\"mode\":4,\"attributes\":{\"POSITION\":100,\"NORMAL\":101,\"COLOR_0\":102,\"TEXCOORD_0\":103},\"material\":40}]},{\"primitives\":[{\"mode\":1,\"attributes\":{\"POSITION\":104},\"material\":41}]},{\"primitives\":[{\"mode\":4,\"attributes\":{\"POSITION\":105,\"NORMAL\":106,\"COLOR_0\":107,\"TEXCOORD_0\":108},\"material\":42}]},{\"primitives\":[{\"mode\":1,\"attributes\":{\"POSITION\":109},\"material\":43}]},{\"primitives\":[{\"mode\":4,\"attributes\":{\"POSITION\":110,\"NORMAL\":111,\"COLOR_0\":112,\"TEXCOORD_0\":113},\"material\":44}]},{\"primitives\":[{\"mode\":1,\"attributes\":{\"POSITION\":114},\"material\":45}]},{\"primitives\":[{\"mode\":4,\"attributes\":{\"POSITION\":115,\"NORMAL\":116,\"COLOR_0\":117,\"TEXCOORD_0\":118},\"material\":46}]},{\"primitives\":[{\"mode\":1,\"attributes\":{\"POSITION\":119},\"material\":47}]},{\"primitives\":[{\"mode\":4,\"attributes\":{\"POSITION\":120,\"NORMAL\":121,\"COLOR_0\":122,\"TEXCOORD_0\":123},\"material\":48}]},{\"primitives\":[{\"mode\":1,\"attributes\":{\"POSITION\":124},\"material\":49}]},{\"primitives\":[{\"mode\":4,\"attributes\":{\"POSITION\":125,\"NORMAL\":126,\"COLOR_0\":127,\"TEXCOORD_0\":128},\"material\":50}]},{\"primitives\":[{\"mode\":1,\"attributes\":{\"POSITION\":129},\"material\":51}]},{\"primitives\":[{\"mode\":4,\"attributes\":{\"POSITION\":130,\"NORMAL\":131,\"COLOR_0\":132,\"TEXCOORD_0\":133},\"material\":52}]},{\"primitives\":[{\"mode\":1,\"attributes\":{\"POSITION\":134},\"material\":53}]},{\"primitives\":[{\"mode\":4,\"attributes\":{\"POSITION\":135,\"NORMAL\":136,\"COLOR_0\":137,\"TEXCOORD_0\":138},\"material\":54}]},{\"primitives\":[{\"mode\":1,\"attributes\":{\"POSITION\":139},\"material\":55}]},{\"primitives\":[{\"mode\":4,\"attributes\":{\"POSITION\":140,\"NORMAL\":141,\"COLOR_0\":142,\"TEXCOORD_0\":143},\"material\":56}]},{\"primitives\":[{\"mode\":1,\"attributes\":{\"POSITION\":144},\"material\":57}]},{\"primitives\":[{\"mode\":4,\"attributes\":{\"POSITION\":145,\"NORMAL\":146,\"COLOR_0\":147,\"TEXCOORD_0\":148},\"material\":58}]},{\"primitives\":[{\"mode\":1,\"attributes\":{\"POSITION\":149},\"material\":59}]},{\"primitives\":[{\"mode\":4,\"attributes\":{\"POSITION\":150,\"NORMAL\":151,\"COLOR_0\":152,\"TEXCOORD_0\":153},\"material\":60}]},{\"primitives\":[{\"mode\":1,\"attributes\":{\"POSITION\":154},\"material\":61}]},{\"primitives\":[{\"mode\":4,\"attributes\":{\"POSITION\":155,\"NORMAL\":156,\"COLOR_0\":157,\"TEXCOORD_0\":158},\"material\":62}]},{\"primitives\":[{\"mode\":1,\"attributes\":{\"POSITION\":159},\"material\":63}]},{\"primitives\":[{\"mode\":4,\"attributes\":{\"POSITION\":160,\"NORMAL\":161,\"COLOR_0\":162,\"TEXCOORD_0\":163},\"material\":64}]},{\"primitives\":[{\"mode\":1,\"attributes\":{\"POSITION\":164},\"material\":65}]},{\"primitives\":[{\"mode\":4,\"attributes\":{\"POSITION\":165,\"NORMAL\":166,\"COLOR_0\":167,\"TEXCOORD_0\":168},\"material\":66}]},{\"primitives\":[{\"mode\":1,\"attributes\":{\"POSITION\":169},\"material\":67}]},{\"primitives\":[{\"mode\":4,\"attributes\":{\"POSITION\":170,\"NORMAL\":171,\"COLOR_0\":172,\"TEXCOORD_0\":173},\"material\":68}]},{\"primitives\":[{\"mode\":1,\"attributes\":{\"POSITION\":174},\"material\":69}]},{\"primitives\":[{\"mode\":4,\"attributes\":{\"POSITION\":175,\"NORMAL\":176,\"COLOR_0\":177,\"TEXCOORD_0\":178},\"material\":70}]},{\"primitives\":[{\"mode\":1,\"attributes\":{\"POSITION\":179},\"material\":71}]},{\"primitives\":[{\"mode\":4,\"attributes\":{\"POSITION\":180,\"NORMAL\":181,\"COLOR_0\":182,\"TEXCOORD_0\":183},\"material\":72}]},{\"primitives\":[{\"mode\":1,\"attributes\":{\"POSITION\":184},\"material\":73}]},{\"primitives\":[{\"mode\":4,\"attributes\":{\"POSITION\":185,\"NORMAL\":186,\"COLOR_0\":187,\"TEXCOORD_0\":188},\"material\":74}]},{\"primitives\":[{\"mode\":1,\"attributes\":{\"POSITION\":189},\"material\":75}]},{\"primitives\":[{\"mode\":4,\"attributes\":{\"POSITION\":190,\"NORMAL\":191,\"COLOR_0\":192,\"TEXCOORD_0\":193},\"material\":76}]},{\"primitives\":[{\"mode\":1,\"attributes\":{\"POSITION\":194},\"material\":77}]},{\"primitives\":[{\"mode\":4,\"attributes\":{\"POSITION\":195,\"NORMAL\":196,\"COLOR_0\":197,\"TEXCOORD_0\":198},\"material\":78}]},{\"primitives\":[{\"mode\":1,\"attributes\":{\"POSITION\":199},\"material\":79}]},{\"primitives\":[{\"mode\":4,\"attributes\":{\"POSITION\":200,\"NORMAL\":201,\"COLOR_0\":202,\"TEXCOORD_0\":203},\"material\":80}]},{\"primitives\":[{\"mode\":1,\"attributes\":{\"POSITION\":204},\"material\":81}]},{\"primitives\":[{\"mode\":4,\"attributes\":{\"POSITION\":205,\"NORMAL\":206,\"COLOR_0\":207,\"TEXCOORD_0\":208},\"material\":82}]},{\"primitives\":[{\"mode\":1,\"attributes\":{\"POSITION\":209},\"material\":83}]},{\"primitives\":[{\"mode\":4,\"attributes\":{\"POSITION\":210,\"NORMAL\":211,\"COLOR_0\":212,\"TEXCOORD_0\":213},\"material\":84}]},{\"primitives\":[{\"mode\":1,\"attributes\":{\"POSITION\":214},\"material\":85}]}]}');

CREATE TABLE `tiempos_traslados` (
  `id` int(10) unsigned NOT NULL AUTO_INCREMENT,
  `descripcion` varchar(191) COLLATE utf8mb4_unicode_ci NOT NULL,
  `tiempo_traslado` varchar(191) COLLATE utf8mb4_unicode_ci NOT NULL,
  `tiempo_traslado_c` decimal(5,2) DEFAULT NULL,
  PRIMARY KEY (`id`)
) ENGINE=InnoDB DEFAULT CHARSET=utf8mb4 COLLATE=utf8mb4_unicode_ci;

INSERT INTO `tiempos_traslados` (`id`, `descripcion`, `tiempo_traslado`, `tiempo_traslado_c`) VALUES
(2,	'1',	'3',	NULL),
(4,	'1',	'5',	NULL),
(5,	'dw',	'2',	NULL),
(6,	'fxgujtfyguhkjmyhfj',	'4',	NULL);

CREATE TABLE `tiempos_traslados_proyecto` (
  `id` int(10) unsigned NOT NULL AUTO_INCREMENT,
  `descripcion` varchar(191) COLLATE utf8mb4_unicode_ci NOT NULL,
  `tiempo_traslado` varchar(191) COLLATE utf8mb4_unicode_ci NOT NULL,
  `tiempo_traslado_c` decimal(5,2) DEFAULT NULL,
  `proyecto_id` int(10) unsigned DEFAULT NULL,
  `token_project` varchar(196) COLLATE utf8mb4_unicode_ci DEFAULT NULL,
  `exported` int(11) NOT NULL DEFAULT 0,
  `created_at` timestamp NULL DEFAULT NULL,
  `updated_at` timestamp NULL DEFAULT NULL,
  PRIMARY KEY (`id`),
  KEY `tiempos_traslados_proyecto_proyecto_id_foreign` (`proyecto_id`)
) ENGINE=InnoDB DEFAULT CHARSET=utf8mb4 COLLATE=utf8mb4_unicode_ci;

INSERT INTO `tiempos_traslados_proyecto` (`id`, `descripcion`, `tiempo_traslado`, `tiempo_traslado_c`, `proyecto_id`, `token_project`, `exported`, `created_at`, `updated_at`) VALUES
(1,	'1',	'3',	3.00,	423,	'b2ffa3b2aa96bcefd2ad8d29344b37b1',	1,	'2022-01-17 14:01:37',	'2022-01-17 14:08:41'),
(2,	'1',	'5',	5.00,	434,	'f7b8d564cf4f59916f3591d3724938ed',	1,	'2022-07-05 13:30:08',	'2022-07-05 13:35:25');

CREATE TABLE `tipos_asistencias` (
  `id` int(10) unsigned NOT NULL AUTO_INCREMENT,
  `tipo` varchar(191) COLLATE utf8mb4_unicode_ci NOT NULL,
  `show` tinyint(4) NOT NULL DEFAULT 1,
  PRIMARY KEY (`id`)
) ENGINE=InnoDB DEFAULT CHARSET=utf8mb4 COLLATE=utf8mb4_unicode_ci;

INSERT INTO `tipos_asistencias` (`id`, `tipo`, `show`) VALUES
(1,	'Ingreso',	0),
(2,	'Salida',	0),
(3,	'Salida a sitio',	1),
(4,	'Regreso de sitio',	1),
(5,	'Ingreso después de tarea',	1),
(6,	'Ingreso a Horas Extras',	1);

CREATE TABLE `tipos_configuraciones` (
  `id` int(10) unsigned NOT NULL AUTO_INCREMENT,
  `tipo` varchar(191) COLLATE utf8mb4_unicode_ci NOT NULL,
  PRIMARY KEY (`id`)
) ENGINE=InnoDB DEFAULT CHARSET=utf8mb4 COLLATE=utf8mb4_unicode_ci;

INSERT INTO `tipos_configuraciones` (`id`, `tipo`) VALUES
(1,	'config'),
(2,	'cajon'),
(3,	'modulo'),
(4,	'presupuesto'),
(5,	'mensaje'),
(6,	'placeholder'),
(7,	'dibujo'),
(8,	'puerta'),
(9,	'ambiente'),
(10,	'conexionesconfig'),
(11,	'readme'),
(12,	'config3d'),
(13,	'preguntaexportar'),
(14,	'preguntavender'),
(15,	'coloresmodulo'),
(16,	'coloresmoduloactivado');

CREATE TABLE `tipos_salidas` (
  `id` int(10) unsigned NOT NULL AUTO_INCREMENT,
  `tipo` varchar(191) COLLATE utf8mb4_unicode_ci NOT NULL,
  PRIMARY KEY (`id`)
) ENGINE=InnoDB DEFAULT CHARSET=utf8mb4 COLLATE=utf8mb4_unicode_ci;

INSERT INTO `tipos_salidas` (`id`, `tipo`) VALUES
(1,	'Instalación'),
(2,	'Relevo/medición'),
(3,	'Servicio técnico'),
(4,	'Compras');

CREATE TABLE `tipos_tapacantos` (
  `id` int(10) unsigned NOT NULL AUTO_INCREMENT,
  `tipo` varchar(191) COLLATE utf8mb4_unicode_ci NOT NULL,
  PRIMARY KEY (`id`)
) ENGINE=InnoDB DEFAULT CHARSET=utf8mb4 COLLATE=utf8mb4_unicode_ci;

INSERT INTO `tipos_tapacantos` (`id`, `tipo`) VALUES
(1,	'Melamina'),
(2,	'Perfil Liviano'),
(3,	'Perfil Pesado');

CREATE TABLE `tipo_materiales` (
  `id` int(10) unsigned NOT NULL AUTO_INCREMENT,
  `tipo` varchar(191) COLLATE utf8mb4_unicode_ci NOT NULL,
  `caracter` varchar(1) COLLATE utf8mb4_unicode_ci NOT NULL,
  `descripcion` varchar(191) COLLATE utf8mb4_unicode_ci DEFAULT NULL,
  `created_at` timestamp NULL DEFAULT NULL,
  `updated_at` timestamp NULL DEFAULT NULL,
  PRIMARY KEY (`id`),
  UNIQUE KEY `tipo_materiales_caracter_unique` (`caracter`)
) ENGINE=InnoDB DEFAULT CHARSET=utf8mb4 COLLATE=utf8mb4_unicode_ci;

INSERT INTO `tipo_materiales` (`id`, `tipo`, `caracter`, `descripcion`, `created_at`, `updated_at`) VALUES
(1,	'Placas',	'P',	'Los Materiales Como Placas y Fondos',	NULL,	NULL),
(2,	'Tapacantos',	'T',	'Los Materiales Para los Tapacantos',	NULL,	NULL),
(3,	'Herrajes',	'H',	'Los Materiales Para los Herrajes',	NULL,	NULL),
(4,	'Metales y Kits',	'M',	'Los Materiales Para los Metales',	NULL,	NULL);

CREATE TABLE `usuarios` (
  `id` int(10) unsigned NOT NULL AUTO_INCREMENT,
  `correo_google` varchar(191) COLLATE utf8mb4_unicode_ci NOT NULL,
  `activo` tinyint(1) NOT NULL DEFAULT 1,
  `created_at` timestamp NULL DEFAULT NULL,
  `updated_at` timestamp NULL DEFAULT NULL,
  `usuario` varchar(191) COLLATE utf8mb4_unicode_ci NOT NULL,
  `password` varchar(191) COLLATE utf8mb4_unicode_ci NOT NULL,
  `nombre_completo` varchar(191) COLLATE utf8mb4_unicode_ci NOT NULL,
  `fecha_ingreso` date DEFAULT NULL,
  `cuit_cuil` varchar(20) COLLATE utf8mb4_unicode_ci DEFAULT NULL,
  `rango_id` int(11) DEFAULT NULL,
  `visible_en_planilla` int(11) DEFAULT NULL,
  `rol_id` int(10) unsigned DEFAULT NULL,
  `last_login_date` date DEFAULT NULL,
  `deleted_at` timestamp NULL DEFAULT NULL,
  `permiso` tinyint(4) NOT NULL DEFAULT 0,
  `afip` int(11) DEFAULT 0,
  PRIMARY KEY (`id`),
  UNIQUE KEY `usuarios_usuario_unique` (`usuario`),
  KEY `usuarios_rol_id_foreign` (`rol_id`),
  CONSTRAINT `usuarios_rol_id_foreign` FOREIGN KEY (`rol_id`) REFERENCES `roles` (`id`) ON DELETE SET NULL ON UPDATE CASCADE
) ENGINE=InnoDB DEFAULT CHARSET=utf8mb4 COLLATE=utf8mb4_unicode_ci;

INSERT INTO `usuarios` (`id`, `correo_google`, `activo`, `created_at`, `updated_at`, `usuario`, `password`, `nombre_completo`, `fecha_ingreso`, `cuit_cuil`, `rango_id`, `visible_en_planilla`, `rol_id`, `last_login_date`, `deleted_at`, `permiso`, `afip`) VALUES
(6,	'gustavoquero7@gmail.com',	1,	NULL,	'2022-03-02 09:56:43',	'gustaj',	'$2y$10$atdL8k7tQmn/DLAkRXS1OepK8RwAP4GWoDNxxOv9JC71AQWhciZOq',	'gustavo quero',	NULL,	NULL,	1,	0,	1,	'2021-08-25',	NULL,	0,	0),
(7,	'ml_plak@gmail.com',	0,	NULL,	'2022-03-02 09:56:41',	'jose',	'$2y$10$rLljmP6exVrXFIB6Ly3of.g2DoVnYyzWH/lW3ECahBeVRmSwLN.Wq',	'jose quero',	NULL,	NULL,	1,	0,	2,	'2020-12-17',	NULL,	0,	0),
(8,	'ml_plak@gmail.com',	0,	NULL,	'2022-03-02 09:56:40',	'maria',	'$2y$10$UaOodBR1UAz0xR3azTkTVe5ciYsyXaTzeNSdVpPVnUFLA7RuMgdPq',	'maria quero',	NULL,	NULL,	3,	0,	2,	NULL,	NULL,	0,	0),
(9,	'ml_plak@gmail.com',	0,	NULL,	'2022-03-02 09:56:45',	'jesus',	'$2y$10$13SMq4izNALI7wOIAtOAUO7EyIA2Cu9l7gnJdgyZZZuxcQIEnRqwa',	'jesus quero',	NULL,	NULL,	3,	1,	2,	'2020-02-27',	NULL,	0,	0),
(10,	'gaelrosx@gmail.com',	1,	NULL,	'2019-06-10 16:16:41',	'gerson',	'$2y$10$AsVe3lfqzMUrdLi2RqED9uQaiawFIaKTZW.84ZV0xxNIV22lZ4KES',	'Gerson Gonzalez',	NULL,	NULL,	NULL,	1,	2,	'2019-01-24',	'2019-06-10 16:16:41',	0,	0),
(11,	'ml_plak@gmail.com',	1,	'2018-08-26 16:27:15',	'2022-07-20 07:10:34',	'Mlplak',	'$2y$10$pWFQ.Fiyw6sPbRqK8gN8MeNoFJS5bAuDX3GgMdfYqkuyIOCBer2im',	'ML plak',	'2019-02-01',	'20287651172',	4,	1,	1,	'2022-07-20',	NULL,	1,	1),
(12,	'ventasml@gmail.com',	1,	'2018-09-11 07:19:22',	'2022-03-29 17:27:49',	'Mensajes',	'$2y$10$08NDl1d8.JpKZ8Faio4Fbeaw277.RPwxxjJDSi1Oxz.89SWm4vaba',	'Mensajes',	NULL,	NULL,	1,	1,	1,	'2020-04-28',	NULL,	0,	1),
(13,	'cfragout@gmail.com',	1,	'2018-10-19 17:16:31',	'2022-03-29 17:27:50',	'fran',	'$2y$10$LC3yY/61BE3hsFobJEC8GuOAOj3Tq.ySaSNQywPe4L5Tz9P6lcJ4S',	'fran',	NULL,	NULL,	1,	1,	1,	'2021-02-21',	NULL,	0,	1),
(14,	'Gedffr@ggdg.byh',	1,	'2019-01-22 22:03:52',	'2019-06-10 16:20:10',	'Usuario',	'$2y$10$V/RBAjrBaqSes9fyXhfa2.Z5IWn26zizntXRwcOL1B5Fn3kPqyvRC',	'Usuario',	NULL,	NULL,	NULL,	1,	2,	'2019-01-24',	'2019-06-10 16:20:10',	0,	0),
(15,	's@f.com',	1,	'2019-01-29 15:39:51',	'2019-09-20 10:38:49',	'Gustavo',	'$2y$10$6hdP/YDifc2Z0Ur5efw/m.w9gRSKuv.xkrt/AXeP2ZdnrSgAOZiqa',	'Gustavo',	NULL,	NULL,	NULL,	1,	1,	'2019-09-20',	NULL,	0,	0),
(16,	'de@jhfwde.com',	0,	'2019-02-23 14:42:04',	'2021-05-04 20:44:31',	'jjjaa',	'$2y$10$sy6aeUuoDk4QmNFG5i7LiuGE6B0AacMPAf2SWh7drIfIPl95pd4Ai',	'candela',	NULL,	NULL,	NULL,	1,	2,	'2020-01-26',	NULL,	0,	0),
(17,	'gtest@gmail.com',	1,	'2019-06-10 10:03:37',	'2019-06-10 10:03:37',	'gtest',	'$2y$10$q7USDmXQBhv14HTTCKXeC.SnFyloa6lyp.z9GENba2O0kFPOsxUzC',	'Gustavo',	NULL,	NULL,	NULL,	1,	2,	NULL,	NULL,	0,	0),
(18,	'ventasmlplak@gmail.com',	1,	'2019-11-21 19:26:06',	'2019-12-30 14:20:07',	'edward',	'$2y$10$iYGznNqG7vh3T9woO4RHku733sVIDMCPWNIk02izG9YiQezdBUJBm',	'edward',	NULL,	NULL,	NULL,	1,	1,	NULL,	'2019-12-30 14:20:07',	0,	0),
(19,	'dsajhyugdf@gmail.com',	1,	'2019-12-30 14:21:09',	'2020-12-29 10:52:57',	'jose3d',	'$2y$10$Cm5Uh9UNCO9VPtJi0uByyuaPQfG3tawRIqiNz79Y1FBqrv4WPaDEG',	'Jose3d',	NULL,	NULL,	NULL,	1,	1,	'2020-01-10',	'2020-12-29 10:52:57',	0,	0),
(20,	'testpruebafran@google.com',	0,	'2020-01-18 11:21:10',	'2021-05-04 20:12:06',	'prueba',	'$2y$10$Zn5Dw3dRbb7COEoFGdnZfO1xlKL/BEm6ERecrTc3zXQYyDIpzeFIS',	'prueba fran',	NULL,	NULL,	NULL,	1,	2,	'2020-01-18',	NULL,	0,	0),
(21,	'fer@gmail.com',	1,	'2020-01-27 14:50:06',	'2020-12-29 10:52:51',	'fernando',	'$2y$10$Ua8XymaqyzO6QmLvdtYRyOvQQ1HLQ92lz2gFMDIw6YdM5yZuXrxvS',	'fernando',	NULL,	NULL,	NULL,	1,	1,	'2020-03-11',	'2020-12-29 10:52:51',	0,	0),
(22,	'qdws@gmail.com',	0,	'2020-01-30 11:57:19',	'2021-05-04 18:58:09',	'u2',	'$2y$10$xx26dala0W9RshRwV5LRCOe7KEp.STlV/BVA7LPDORG6wgK7.vdJm',	'usuario2',	NULL,	NULL,	NULL,	1,	1,	'2020-06-22',	NULL,	0,	0),
(23,	'fer@gmail.com',	1,	'2020-02-01 16:49:24',	'2020-02-01 17:00:20',	'fer',	'$2y$10$9raDD5TcR3JWaGiPO0OU/Ol47vnVncrZ0moJR9TlTzI8ut84cuAea',	'fernando',	NULL,	NULL,	NULL,	1,	1,	NULL,	'2020-02-01 17:00:20',	0,	0),
(24,	'fdsaa@gmail.com',	1,	'2020-02-06 08:20:53',	'2020-02-27 22:41:13',	'rus',	'$2y$10$hHzWhghRyBcluVJqDH2wRuK9xaJBZnosn4Eggoj.lZQy4./WvXOPS',	'rus',	NULL,	NULL,	NULL,	1,	1,	'2020-02-06',	'2020-02-27 22:41:13',	0,	0),
(25,	'josegperezuc@gmail.com',	0,	'2020-02-06 16:16:21',	'2021-05-04 20:02:34',	'josecad',	'$2y$10$A8ZWZOQl/6HiUftLk.rcjeNAHpdC8LWu7DrKe11qqRnFpgtd4hvLK',	'jose cad',	NULL,	NULL,	NULL,	1,	1,	'2020-03-19',	NULL,	0,	0),
(26,	'dkj@gmail.com',	0,	'2020-02-18 15:50:27',	'2021-05-04 18:56:01',	'u3',	'$2y$10$pFdbR5yy9jOVM09ryrM4huaapnVLaGG2nZCgh2ir.mwk1Y/cmFRXi',	'u3',	NULL,	NULL,	NULL,	1,	1,	'2020-06-02',	NULL,	0,	0),
(27,	'dfsafw@gmail.com',	1,	'2020-03-17 20:07:08',	'2020-12-29 10:52:43',	'nico',	'$2y$10$QJd8vJ0M/aXSzDS2G66cjukbfwdIvR3.OpHmUozYMa.IN8pYifFoa',	'nico',	NULL,	NULL,	NULL,	1,	1,	'2020-03-27',	'2020-12-29 10:52:43',	0,	0),
(28,	'asdasd@gmail.com',	1,	'2020-03-25 18:16:02',	'2020-12-29 10:52:46',	'nicotest',	'$2y$10$yHQGBKBuUSGfVNa75600q.P7YwDfAJeIvfdsBsScInvZdNKXUZM/2',	'nicotest',	NULL,	NULL,	NULL,	1,	2,	'2020-03-25',	'2020-12-29 10:52:46',	0,	0),
(29,	'egafs@gmail.com',	1,	'2020-08-09 17:37:25',	'2022-07-12 13:11:50',	'MLPLAKUsuario',	'$2y$10$f4VyNI7iWL1FFFaiBP662uq4d0ZFs7w0JbP6w2PXM65Iz7vDKJjEq',	'MLPLAKUsuario',	'2021-02-03',	'20000000000',	1,	1,	2,	'2022-07-12',	NULL,	0,	1),
(30,	'egafs@gmail.com',	1,	'2020-10-15 19:31:00',	'2020-12-29 10:53:08',	'marcelo',	'$2y$10$01Q16WrvYJxQXJROqoEan.h1MWV6XvNdXrkSlHikPBlEEaOpW1WKO',	'MARCELO',	NULL,	NULL,	NULL,	1,	1,	'2020-11-08',	'2020-12-29 10:53:08',	0,	0),
(31,	'desarrollomecate@gmail.com',	1,	'2020-11-25 16:01:39',	'2021-04-29 16:28:40',	'Harvey',	'$2y$10$WDu6kj6ZiyHGG2hv/FQ.SePq4h5aZZftG2dlSG88h4w1EZYqifauy',	'Harvey',	NULL,	NULL,	NULL,	1,	1,	'2021-04-29',	NULL,	0,	0),
(32,	'valeria@gmail.com',	1,	'2020-11-27 15:41:33',	'2020-12-29 10:53:15',	'Valeria',	'$2y$10$xzXFtgLt5Bct/FSGrBZRguQAiAe/k5rdBK/0lq.Kzg08NGWLhnhLu',	'Valeria Marini',	NULL,	NULL,	NULL,	1,	1,	NULL,	'2020-12-29 10:53:15',	0,	0),
(33,	'egafs@gmail.com',	1,	'2020-12-29 10:53:52',	'2022-06-27 02:23:48',	'nelson',	'$2y$10$a7qYFEgZCfrfjIiNk0HK0.mr09GqiKULpL7mm/KLQnNQvnXeXFMNa',	'nelson',	NULL,	'212121212121',	3,	0,	1,	'2022-06-27',	NULL,	0,	0),
(34,	'test@gmail.com',	1,	'2021-01-17 14:08:25',	'2021-01-17 14:18:34',	'test121',	'$2y$10$N4S4JSAQONmc4vLNZlA7..KhX6eupabMdk0dinYZuREr8wT4QuzV6',	'test121',	NULL,	NULL,	NULL,	1,	2,	NULL,	'2021-01-17 14:18:34',	0,	0),
(35,	'eqeq@gmail.com',	1,	'2021-01-18 17:55:12',	'2021-05-03 20:26:52',	'HERNAN',	'$2y$10$g/Tvo.xGtrYagvdi5ZjMaeIMKf3R/nFTPyM5sDVScCXSPjpR0q8DC',	'MM WW',	NULL,	NULL,	NULL,	1,	1,	'2021-05-03',	NULL,	0,	0),
(36,	'egafs@gmail.com',	1,	'2021-04-30 10:10:23',	'2021-05-04 19:50:52',	'Denis',	'$2y$10$fUYG1njdH8opgUzLq2Gg1.sgorIzXGT4fmlP4AoJ2jKeHG20AS2Ji',	'Denis',	NULL,	NULL,	NULL,	1,	1,	'2021-04-30',	NULL,	0,	0),
(37,	'egafs@gmail.com',	1,	'2021-05-03 15:18:53',	'2022-01-08 13:33:55',	'LUISR',	'$2y$10$Vk39S3MMQCckR8hggI1h5.HgFeCpPrWxGYEP6HQnY7pwHEaq25ZL6',	'Luis romero',	NULL,	NULL,	NULL,	1,	1,	'2022-01-08',	NULL,	0,	0),
(38,	'egafs@gmail.com',	1,	'2021-05-03 15:21:44',	'2022-07-20 20:19:43',	'tobias',	'$2y$10$WsZZCkmsjHQUf/ttr5iyw.OApDg05wxrrt9xre.lidSFcRFsjOw/m',	'tobias',	NULL,	NULL,	NULL,	1,	1,	'2022-07-20',	NULL,	1,	0),
(39,	'el@gmail.com',	0,	'2021-05-04 20:04:27',	'2021-05-04 20:04:27',	'eliminar',	'$2y$10$QveJHqOJBU1t601hh3ZSR.3mwYNI6IotaUnT/S9GcDqFaYpdgpnbm',	'Eliminar 1',	NULL,	NULL,	NULL,	1,	2,	NULL,	NULL,	0,	0),
(40,	'elimi@gmail.com',	0,	'2021-05-04 20:18:15',	'2021-05-04 20:18:15',	'eliminar2',	'$2y$10$qAE1QtC.j8fcyUIsA3oqJOiAUhzi/mZegPGcg9yhO.l82fBmDI7EW',	'eliminar 2',	NULL,	NULL,	NULL,	1,	2,	NULL,	NULL,	0,	0),
(41,	'eliminar4@gmail.com',	0,	'2021-05-04 20:28:16',	'2021-05-04 20:28:16',	'elimnar4',	'$2y$10$60tFnbVsSI420P1HyikA5.N2iKEktdjHy1zS45NfCpm7JT/3pKgJG',	'elimnar 4',	NULL,	NULL,	NULL,	1,	2,	NULL,	NULL,	0,	0),
(42,	'eliminar5@gmail.com',	0,	'2021-05-04 20:37:09',	'2022-03-02 09:56:21',	'eliminar5',	'$2y$10$2G0.fjVWWZhzrCC2A51rseH3O4PElJ2xH/8RGeyPNMVUQJxSa3eRC',	'eliminar5',	NULL,	NULL,	3,	1,	2,	NULL,	NULL,	0,	0),
(43,	'eliminar6@gmail.com',	0,	'2021-05-04 20:44:05',	'2021-05-04 20:44:05',	'eliminar6',	'$2y$10$EubpUlWC3WnVAnLCYb5ulOF4Rcx3KWIodcqbCmm7oDMU59rGIqqVu',	'eliminar6',	NULL,	NULL,	NULL,	1,	2,	NULL,	NULL,	0,	0),
(44,	'eliminar7@gmail.com',	0,	'2021-05-04 20:51:01',	'2021-05-04 20:51:12',	'eliminar7',	'$2y$10$yD42JfHBDAEn7bi9NsUeL.KSFFPN17Urd9wXqjnp6S1HmG8cuXNtu',	'eliminar7',	NULL,	NULL,	NULL,	1,	2,	NULL,	NULL,	0,	0),
(45,	'ml_plak@gmail.com',	0,	'2021-05-04 21:00:04',	'2021-05-04 21:01:56',	'eliminar9',	'$2y$10$1dkmGgnlJ9m1Xc2lOqRrNu1KYVl3JJ1toJkbyrriP.TYJnMvT.FRq',	'eliminar9',	NULL,	NULL,	NULL,	1,	2,	NULL,	NULL,	0,	0),
(46,	'elimina@gmail.com',	0,	'2021-05-04 21:31:23',	'2021-05-04 21:32:24',	'eliminar12',	'$2y$10$qNgc1Q/vaC/31L6.Gn9pGu1p..PznVQLwi8036LZTZqOGr8iagsru',	'eliminar 12',	NULL,	NULL,	NULL,	1,	2,	NULL,	NULL,	0,	0),
(47,	'eli@gmail.com',	0,	'2021-05-04 21:45:28',	'2021-05-04 21:45:46',	'eliminar20',	'$2y$10$aa.kNvnRyAoghlCqSNNCheH9Dn5gQeGRM8EBRR2fVhvU6S2G6ZFL2',	'eliminar20',	NULL,	NULL,	NULL,	1,	2,	NULL,	NULL,	0,	0),
(48,	'egafs@gmail.com',	1,	'2021-05-05 11:50:54',	'2021-11-15 10:27:07',	'victorS',	'$2y$10$kmaFQ7ERxt47lRSYfJ4tau3wJM586BHvz3C9IEanP7mH93NhRyx2a',	'Victor',	NULL,	NULL,	NULL,	1,	1,	'2021-11-15',	NULL,	1,	0),
(49,	'egafs@gmail.com',	0,	'2021-05-05 11:57:16',	'2021-05-05 11:57:27',	'eliminar25',	'$2y$10$/oHK2fNbcBunW0PXxReMuulSMmFSKylBi7rAiL2V.j7QXrLd67zSm',	'eliminar25',	NULL,	NULL,	NULL,	1,	2,	NULL,	NULL,	0,	0),
(50,	'egafs@gmail.com',	1,	'2021-05-07 11:49:11',	'2021-05-07 12:07:37',	'edgar',	'$2y$10$J1rcnCMAHQ53S3j6M./GWOMhuZ2KZeEYoYunRMstxpgMC1M2GlCsC',	'Edgardo',	NULL,	NULL,	NULL,	1,	1,	'2021-05-07',	NULL,	0,	0),
(51,	'eeesss@gmail.com',	1,	'2021-05-26 17:21:15',	'2022-03-02 09:56:25',	'Mariel',	'$2y$10$WjoDYEhoZJnm4VdWNbAj5OXT7UOGZxmatFpEBblpi/q1FVngUtaDC',	'Mariel',	NULL,	NULL,	3,	1,	1,	'2021-06-22',	NULL,	0,	0),
(52,	'eeesss@gmail.com',	1,	'2021-06-07 17:10:26',	'2021-06-08 08:30:31',	'Lucas',	'$2y$10$JOlzTHRPIIvw1A/A.6vMbukg/nMth1xQwOFxUWRxXU/wBvLrSaEMO',	'Lucas',	NULL,	NULL,	NULL,	1,	1,	'2021-06-07',	'2021-06-08 08:30:31',	0,	0),
(53,	'egafs@gmail.com',	1,	'2021-06-14 13:10:15',	'2022-06-14 08:48:44',	'Marce',	'$2y$10$C/vpWeuQapV0vp/hSH2n8OGDdXxCjPaHrtgQfoFefBm7G/QX0.o1C',	'Marce',	NULL,	NULL,	1,	1,	1,	'2022-06-14',	NULL,	0,	0),
(54,	'eeesss@gmail.com',	1,	'2021-06-17 15:03:39',	'2022-03-02 09:56:29',	'emma',	'$2y$10$vFZegNe.cnbBayJXTgOk6Oo0SRfeRyf32SdhyhRGrhpqnQ5K5/sau',	'emmanuel',	NULL,	NULL,	1,	1,	1,	'2021-09-07',	NULL,	0,	0),
(55,	'egafs@gmail.com',	1,	'2021-06-25 18:21:13',	'2022-03-02 09:56:30',	'cnc_staging',	'$2y$10$c3PESGl2NPCz7p0ih3Y.RenXTJ1Ijivf6kXuB3456Pmco1k7kJ1cK',	'cnc_staging',	NULL,	NULL,	1,	1,	1,	NULL,	NULL,	0,	0),
(56,	'egafs@gmail.com',	1,	'2021-07-08 15:56:09',	'2022-07-08 07:29:55',	'Usuario22',	'$2y$10$EK73pRdJu5g9tLmoLhmXTuERReoK/HcegPalmQkfRtY4Bl0U5wSrG',	'Usuario22',	'2022-06-17',	'0452532456',	3,	1,	1,	'2022-07-08',	NULL,	0,	0),
(57,	'egafs@gmail.com',	1,	'2021-07-15 17:27:44',	'2022-03-25 19:32:25',	'DENIS2',	'$2y$10$bBILGvzUs12OQnTOrMtweOBbNlAvKKuTRfNRGeWhPueBIAzN4sUHO',	'DENIS2',	NULL,	NULL,	3,	1,	1,	'2022-03-25',	NULL,	0,	0),
(58,	'egafs@gmail.com',	1,	'2021-11-01 08:53:10',	'2022-07-08 09:37:35',	'Usurario23',	'$2y$10$u6pDOvg0vXewFIzB2rSJreHkUaWOxoQSYacYunV0QESO231oAGPVu',	'usurio',	NULL,	NULL,	3,	1,	1,	'2022-07-08',	NULL,	0,	0),
(59,	'sdafg@gmail.com',	1,	'2022-05-24 18:23:27',	'2022-05-24 18:23:27',	'TESTER',	'$2y$10$IAIu9SOqkn5w0tc4NxKdXOGf/qe6tW.f858MPfLGNv4Ezs09b/73u',	'TESTER DEV',	'2022-05-03',	'00000000000',	3,	0,	1,	NULL,	NULL,	0,	1),
(60,	'asfd@google.com',	1,	'2022-06-15 14:31:14',	'2022-07-02 21:32:38',	'dev3',	'$2y$10$hl0dNLTFtBt5Ca4jfbmPfO8NzfL85qf8eL3oPihjViXu2hIOPuC9.',	'dev3',	'2022-06-14',	'2020202022000',	1,	1,	1,	'2022-07-02',	NULL,	0,	1),
(61,	'va@gmail.com',	1,	'2022-07-05 07:54:31',	'2022-07-05 08:00:11',	'User22',	'$2y$10$5eGe.OfYkoFNUTrMznvVhOGkVibRDH/TJ/uPblOfWWwRRd2NUqfdq',	'User22',	'2022-07-04',	'213504364068',	1,	1,	1,	'2022-07-05',	NULL,	0,	1);

CREATE TABLE `usuarios_horarios` (
  `id` int(10) unsigned NOT NULL AUTO_INCREMENT,
  `usuario_id` int(10) unsigned DEFAULT NULL,
  `is_default` tinyint(1) NOT NULL DEFAULT 0,
  `created_at` timestamp NULL DEFAULT NULL,
  `updated_at` timestamp NULL DEFAULT NULL,
  `valor_x_hora` float(8,2) NOT NULL DEFAULT 0.00,
  `valor_plus` float(8,2) NOT NULL DEFAULT 0.00,
  `sistema` tinyint(4) NOT NULL DEFAULT 1,
  `habilitado_lunes` tinyint(1) NOT NULL DEFAULT 1,
  `hora_inicio_lunes` time NOT NULL,
  `hora_fin_lunes` time NOT NULL,
  `habilitado_martes` tinyint(1) NOT NULL DEFAULT 1,
  `hora_inicio_martes` time NOT NULL,
  `hora_fin_martes` time NOT NULL,
  `habilitado_miercoles` tinyint(1) NOT NULL DEFAULT 1,
  `hora_inicio_miercoles` time NOT NULL,
  `hora_fin_miercoles` time NOT NULL,
  `habilitado_jueves` tinyint(1) NOT NULL DEFAULT 1,
  `hora_inicio_jueves` time NOT NULL,
  `hora_fin_jueves` time NOT NULL,
  `habilitado_viernes` tinyint(1) NOT NULL DEFAULT 1,
  `hora_inicio_viernes` time NOT NULL,
  `hora_fin_viernes` time NOT NULL,
  `habilitado_sabado` tinyint(1) NOT NULL DEFAULT 1,
  `hora_inicio_sabado` time NOT NULL,
  `hora_fin_sabado` time NOT NULL,
  `habilitado_domingo` tinyint(4) NOT NULL DEFAULT 0,
  `hora_inicio_domingo` time NOT NULL DEFAULT '09:00:00',
  `hora_fin_domingo` time NOT NULL DEFAULT '13:00:00',
  PRIMARY KEY (`id`),
  KEY `usuarios_horarios_usuario_id_foreign` (`usuario_id`),
  CONSTRAINT `usuarios_horarios_usuario_id_foreign` FOREIGN KEY (`usuario_id`) REFERENCES `usuarios` (`id`) ON DELETE CASCADE ON UPDATE CASCADE
) ENGINE=InnoDB DEFAULT CHARSET=utf8mb4 COLLATE=utf8mb4_unicode_ci;

INSERT INTO `usuarios_horarios` (`id`, `usuario_id`, `is_default`, `created_at`, `updated_at`, `valor_x_hora`, `valor_plus`, `sistema`, `habilitado_lunes`, `hora_inicio_lunes`, `hora_fin_lunes`, `habilitado_martes`, `hora_inicio_martes`, `hora_fin_martes`, `habilitado_miercoles`, `hora_inicio_miercoles`, `hora_fin_miercoles`, `habilitado_jueves`, `hora_inicio_jueves`, `hora_fin_jueves`, `habilitado_viernes`, `hora_inicio_viernes`, `hora_fin_viernes`, `habilitado_sabado`, `hora_inicio_sabado`, `hora_fin_sabado`, `habilitado_domingo`, `hora_inicio_domingo`, `hora_fin_domingo`) VALUES
(1,	NULL,	1,	'2018-10-03 21:29:49',	'2021-01-22 05:37:29',	0.00,	0.00,	1,	1,	'09:00:00',	'17:00:00',	1,	'09:00:00',	'17:00:00',	1,	'09:00:00',	'17:00:00',	1,	'09:00:00',	'17:00:00',	1,	'09:00:00',	'17:00:00',	1,	'09:00:00',	'17:00:00',	0,	'09:00:00',	'13:00:00'),
(2,	6,	0,	'2021-01-21 20:34:05',	'2021-05-13 15:53:20',	145.00,	5000.00,	2,	1,	'09:00:00',	'17:00:00',	1,	'09:00:00',	'17:00:00',	1,	'09:00:00',	'17:00:00',	1,	'09:00:00',	'17:00:00',	1,	'09:00:00',	'17:00:00',	1,	'09:00:00',	'16:00:00',	0,	'09:00:00',	'13:00:00'),
(3,	35,	0,	'2021-03-18 08:31:39',	'2021-03-18 08:31:39',	0.00,	0.00,	1,	1,	'09:00:00',	'16:00:00',	1,	'09:00:00',	'17:00:00',	1,	'09:00:00',	'17:00:00',	1,	'09:00:00',	'17:00:00',	1,	'09:00:00',	'17:00:00',	1,	'09:00:00',	'17:00:00',	0,	'09:00:00',	'13:00:00'),
(4,	38,	0,	'2021-05-13 13:37:10',	'2021-05-13 15:26:58',	0.00,	0.00,	1,	1,	'09:00:00',	'17:00:00',	1,	'09:00:00',	'17:00:00',	1,	'09:00:00',	'17:00:00',	1,	'09:00:00',	'17:00:00',	1,	'09:00:00',	'17:00:00',	1,	'09:00:00',	'17:00:00',	1,	'09:00:00',	'13:00:00'),
(5,	11,	0,	'2021-06-01 11:30:02',	'2022-04-01 12:47:51',	215.00,	200.00,	1,	1,	'07:30:00',	'15:30:00',	1,	'07:30:00',	'15:30:00',	1,	'07:30:00',	'15:30:00',	1,	'07:30:00',	'15:30:00',	1,	'07:30:00',	'15:30:00',	1,	'09:00:00',	'13:00:00',	0,	'09:00:00',	'13:00:00'),
(6,	29,	0,	'2021-06-04 09:04:57',	'2021-06-04 09:04:57',	0.00,	0.00,	1,	1,	'09:00:00',	'17:00:00',	1,	'09:00:00',	'17:00:00',	1,	'09:00:00',	'17:00:00',	1,	'09:00:00',	'17:00:00',	1,	'09:00:00',	'17:00:00',	1,	'09:00:00',	'13:00:00',	0,	'09:00:00',	'13:00:00'),
(7,	12,	0,	'2022-04-01 12:49:50',	'2022-04-01 12:49:50',	0.00,	0.00,	1,	1,	'09:00:00',	'17:00:00',	1,	'09:00:00',	'17:00:00',	1,	'09:00:00',	'17:00:00',	1,	'09:00:00',	'17:00:00',	1,	'09:00:00',	'17:00:00',	1,	'10:30:00',	'17:00:00',	0,	'09:00:00',	'13:00:00');

CREATE TABLE `usuario_estados` (
  `id` int(10) unsigned NOT NULL AUTO_INCREMENT,
  `usuario_id` int(10) unsigned NOT NULL,
  `fecha_creacion` datetime NOT NULL,
  `fecha_expiracion` datetime NOT NULL,
  `mensaje` varchar(191) COLLATE utf8mb4_unicode_ci NOT NULL,
  `tipo_asistencia_id` int(10) unsigned NOT NULL,
  PRIMARY KEY (`id`),
  KEY `usuario_estados_usuario_id_foreign` (`usuario_id`),
  KEY `usuario_estados_tipo_asistencia_id_foreign` (`tipo_asistencia_id`),
  CONSTRAINT `usuario_estados_tipo_asistencia_id_foreign` FOREIGN KEY (`tipo_asistencia_id`) REFERENCES `tipos_asistencias` (`id`) ON DELETE NO ACTION ON UPDATE CASCADE,
  CONSTRAINT `usuario_estados_usuario_id_foreign` FOREIGN KEY (`usuario_id`) REFERENCES `usuarios` (`id`) ON DELETE NO ACTION ON UPDATE CASCADE
) ENGINE=InnoDB DEFAULT CHARSET=utf8mb4 COLLATE=utf8mb4_unicode_ci;

INSERT INTO `usuario_estados` (`id`, `usuario_id`, `fecha_creacion`, `fecha_expiracion`, `mensaje`, `tipo_asistencia_id`) VALUES
(1,	31,	'2021-02-10 10:15:49',	'2021-02-12 10:15:49',	'Estado de Harvey',	1),
(2,	11,	'2021-02-10 10:27:16',	'2021-02-12 10:27:16',	'estado de MLPAK',	1),
(3,	35,	'2021-04-23 18:02:04',	'2021-04-23 18:02:04',	'-',	1),
(4,	35,	'2021-04-23 18:02:08',	'2021-04-23 18:02:08',	'---',	1),
(5,	35,	'2021-04-23 18:02:15',	'2021-04-23 18:02:15',	'---',	1),
(6,	35,	'2021-04-23 18:03:32',	'2021-04-23 18:03:32',	'asdaw',	1),
(7,	35,	'2021-04-23 18:03:39',	'2021-04-23 18:03:39',	'vbnvbn',	1),
(8,	35,	'2021-04-23 19:05:19',	'2021-04-24 19:05:19',	'02',	1),
(9,	35,	'2021-04-23 19:05:45',	'2021-04-25 19:05:45',	'01',	1),
(10,	11,	'2021-04-26 21:42:09',	'2021-04-27 21:42:09',	'Mañana ingreso más tarde',	1),
(11,	11,	'2021-05-06 10:26:31',	'2021-05-07 10:26:31',	'prueba',	1),
(12,	38,	'2021-05-06 19:04:15',	'2021-05-06 19:04:15',	'en accion',	1),
(13,	11,	'2021-06-03 09:18:58',	'2021-06-04 09:18:58',	'ewawergsr',	1);

CREATE TABLE `videos_presupuesto` (
  `id` int(10) unsigned NOT NULL AUTO_INCREMENT,
  `token` varchar(255) COLLATE utf8mb4_unicode_ci NOT NULL,
  `video` varchar(255) COLLATE utf8mb4_unicode_ci NOT NULL,
  `name` varchar(255) COLLATE utf8mb4_unicode_ci NOT NULL,
  `remote` int(11) NOT NULL,
  PRIMARY KEY (`id`)
) ENGINE=InnoDB DEFAULT CHARSET=utf8mb4 COLLATE=utf8mb4_unicode_ci;

INSERT INTO `videos_presupuesto` (`id`, `token`, `video`, `name`, `remote`) VALUES
(1,	'e6a59096abc4fc466727962a4d3d1f7c',	'https://www.google.co.ve/',	'https://www.google.co.ve/',	1),
(2,	'e6a59096abc4fc466727962a4d3d1f7c',	'jnf5B2fycfsY2jg1jSGmKovc0GKbaDLbZIKE4RSe.mp4',	'Debe aceptarlo.mp4',	0);

CREATE TABLE `view_historial_piezas` (`pieza_id` int(10) unsigned, `estado_id` int(10) unsigned, `etapa_id` int(11), `usuario_id` int(11), `comentario` text, `created_at` timestamp, `id_aux` int(11), `etapa` varchar(10), `usuario` varchar(191), `nombre_completo` varchar(191), `pieza` varchar(191), `estado` varchar(191));


CREATE TABLE `view_historial_taller` (`id` int(11), `estado_id` int(10) unsigned, `etapa_id` int(11), `usuario_id` int(11), `campo_id` int(10) unsigned, `desc_campo` varchar(255), `comentario` text, `created_at` timestamp, `usuario` varchar(191), `nombre_completo` varchar(191), `estado` varchar(191), `etapa` varchar(14));


CREATE TABLE `view_notif_us_activas` (`id` int(10) unsigned, `sector_id` varchar(60), `periodo_repeticion_id` int(10) unsigned, `titulo` varchar(200), `contenido` text, `fecha_inicio` date, `fecha_fin` date, `activo` tinyint(1), `usuario_id` int(10) unsigned, `num_repeticion` tinyint(4), `num_vista` tinyint(4), `vista` tinyint(1));


DROP TABLE IF EXISTS `view_historial_piezas`;
CREATE ALGORITHM=UNDEFINED DEFINER=`root`@`localhost` SQL SECURITY DEFINER VIEW `view_historial_piezas` AS select `hist`.`pieza_id` AS `pieza_id`,`hist`.`estado_id` AS `estado_id`,`hist`.`etapa_id` AS `etapa_id`,`hist`.`usuario_id` AS `usuario_id`,`hist`.`comentario` AS `comentario`,`hist`.`created_at` AS `created_at`,`piez`.`id_aux` AS `id_aux`,case `hist`.`etapa_id` when 1 then 'Cortes' when 2 then 'Tapacantos' when 3 then 'Prearmado' else 'UNDEFINED' end AS `etapa`,`us`.`usuario` AS `usuario`,`us`.`nombre_completo` AS `nombre_completo`,`piez`.`pieza` AS `pieza`,`est`.`estado` AS `estado` from (((`piezas_historiales` `hist` join `piezas` `piez` on(`piez`.`id` = `hist`.`pieza_id`)) join `estados` `est` on(`est`.`id` = `hist`.`estado_id`)) join `usuarios` `us` on(`us`.`id` = `hist`.`usuario_id`));

DROP TABLE IF EXISTS `view_historial_taller`;
CREATE ALGORITHM=UNDEFINED SQL SECURITY DEFINER VIEW `view_historial_taller` AS select `hist`.`id` AS `id`,`hist`.`estado_id` AS `estado_id`,`hist`.`etapa_id` AS `etapa_id`,`hist`.`usuario_id` AS `usuario_id`,`hist`.`campo_id` AS `campo_id`,`hist`.`desc_campo` AS `desc_campo`,`hist`.`comentario` AS `comentario`,`hist`.`created_at` AS `created_at`,`us`.`usuario` AS `usuario`,`us`.`nombre_completo` AS `nombre_completo`,`est`.`estado` AS `estado`,case `hist`.`etapa_id` when 2 then 'Stock' when 6 then 'Nota de acción' when 7 then 'Cajones' when 8 then 'Módulos' when 9 then 'Control' else 'UNDEFINED' end AS `etapa` from ((`taller_historiales` `hist` join `estados` `est` on(`est`.`id` = `hist`.`estado_id`)) join `usuarios` `us` on(`us`.`id` = `hist`.`usuario_id`));

DROP TABLE IF EXISTS `view_notif_us_activas`;
CREATE ALGORITHM=UNDEFINED DEFINER=`root`@`localhost` SQL SECURITY DEFINER VIEW `view_notif_us_activas` AS select `n`.`id` AS `id`,`n`.`sector_id` AS `sector_id`,`n`.`periodo_repeticion_id` AS `periodo_repeticion_id`,`n`.`titulo` AS `titulo`,`n`.`contenido` AS `contenido`,`n`.`fecha_inicio` AS `fecha_inicio`,`n`.`fecha_fin` AS `fecha_fin`,`n`.`activo` AS `activo`,`nUs`.`usuario_id` AS `usuario_id`,`n`.`num_repeticion` AS `num_repeticion`,`nUs`.`num_vista` AS `num_vista`,`nUs`.`vista` AS `vista` from (`mk_notificaciones` `n` left join `mk_notificaciones_usuarios` `nUs` on(`nUs`.`notificacion_id` = `n`.`id`)) where curdate() between `n`.`fecha_inicio` and `n`.`fecha_fin` and `n`.`num_repeticion` >= `nUs`.`num_vista`;

-- 2022-07-22 03:03:00
